Time	Session	Athlete	Template	Duration	R.P.E
Feb 16, 2026, 12:00:00 a.m.		Julie Pedersen	Strength Training	78	5
Feb 16, 2026, 9:27:12 p.m.		Sheyenne Allen	Strength Training	80	4
Feb 16, 2026, 9:52:31 p.m.		Jordyn Rhodes	Strength Training	45	3
Feb 16, 2026, 10:47:40 p.m.		Samantha St Croix	Strength Training	60	6
Feb 17, 2026, 9:23:01 p.m.		Samantha St Croix	Recovery	60	1
Feb 17, 2026, 10:04:54 p.m.		Sheyenne Allen	Recovery	40	2
Feb 17, 2026, 11:18:26 p.m.		Julie Pedersen	Recovery	50	2
Feb 18, 2026, 7:31:18 p.m.		Rylee Foster	Team Training	75	9
Feb 18, 2026, 7:32:31 p.m.		Tiffany Cameron	Team Training	60	8
Feb 18, 2026, 7:32:37 p.m.		Naya Cardoza	Team Training	90	8
Feb 18, 2026, 7:32:38 p.m.		Stella Downing	Team Training	90	7
Feb 18, 2026, 7:32:39 p.m.		Sheyenne Allen	Team Training	60	5
Feb 18, 2026, 7:33:15 p.m.		Julianne Vallerand	Team Training	90	9
Feb 18, 2026, 7:33:21 p.m.		Jordyn Rhodes	Team Training	90	8
Feb 18, 2026, 7:37:37 p.m.		Julia Benati	Team Training	90	9
Feb 18, 2026, 8:00:24 p.m.		Synne Fredriksen Moe	Team Training	60	6
Feb 18, 2026, 8:00:25 p.m.		Julie Pedersen	Team Training	60	6
Feb 18, 2026, 8:41:36 p.m.		Samantha St Croix	Team Training	90	8
Feb 19, 2026, 12:00:00 a.m.		Sheyenne Allen	Strength Training	30	4
Feb 19, 2026, 12:00:00 a.m.		Samantha St Croix	Team Training	60	6
Feb 19, 2026, 12:00:00 a.m.		Samantha St Croix	Strength Training	60	4
Feb 19, 2026, 12:00:00 a.m.		Stella Downing	Strength Training	30	3
Feb 19, 2026, 6:32:12 p.m.		Tiffany Cameron	Recovery	30	1
Feb 19, 2026, 6:32:31 p.m.		Synne Fredriksen Moe	Strength Training	60	3
Feb 19, 2026, 6:32:48 p.m.		Kat Jordan	Strength Training	60	4
Feb 19, 2026, 6:35:37 p.m.		Julia Benati	Strength Training	30	3
Feb 19, 2026, 6:42:21 p.m.		Naya Cardoza	Strength Training	60	6
Feb 19, 2026, 10:44:13 p.m.		Julie Pedersen	Team Training	60	4
Feb 19, 2026, 11:10:15 p.m.		Rylee Foster	Strength Training	60	5
Feb 19, 2026, 11:10:26 p.m.		Rylee Foster	Team Training	45	7
Feb 20, 2026, 6:11:17 p.m.		Naya Cardoza	Team Training	60	5
Feb 20, 2026, 6:11:18 p.m.		Samantha St Croix	Team Training	60	6
Feb 20, 2026, 6:11:28 p.m.		Julie Pedersen	Team Training	60	5
Feb 20, 2026, 6:11:29 p.m.		Synne Fredriksen Moe	Team Training	60	5
Feb 20, 2026, 6:19:41 p.m.		Rylee Foster	Team Training	90	6
Feb 20, 2026, 6:23:19 p.m.		Stella Downing	Team Training	60	6
Feb 20, 2026, 6:48:59 p.m.		Jordyn Rhodes	Team Training	60	3
Feb 20, 2026, 6:56:26 p.m.		Julia Benati	Team Training	60	3
Feb 20, 2026, 6:57:14 p.m.		Tiffany Cameron	Team Training	60	3
Feb 20, 2026, 8:43:50 p.m.		Julianne Vallerand	Team Training	60	5
Feb 20, 2026, 10:41:10 p.m.		Sheyenne Allen	Team Training	60	3
Feb 21, 2026, 12:21:00 p.m.		Cho So-Hyun	Recovery	1	0
Feb 22, 2026, 7:04:12 p.m.		Julie Pedersen	Recovery	30	1
Feb 22, 2026, 11:09:36 p.m.		Tiffany Cameron	Recovery	30	1
Feb 23, 2026, 3:16:30 p.m.		Samantha St Croix	Strength Training	60	5
Feb 23, 2026, 3:24:08 p.m.		Kat Jordan	Strength Training	60	3
Feb 23, 2026, 3:24:30 p.m.		Sheyenne Allen	Strength Training	60	1
Feb 23, 2026, 3:26:55 p.m.		Naya Cardoza	Strength Training	60	4
Feb 23, 2026, 3:36:25 p.m.		Tiffany Cameron	Strength Training	60	4
Feb 23, 2026, 3:36:31 p.m.		Synne Fredriksen Moe	Strength Training	60	4
Feb 23, 2026, 3:37:23 p.m.		Julie Pedersen	Strength Training	60	4
Feb 23, 2026, 3:39:14 p.m.		Cho So-Hyun	Strength Training	80	3
Feb 23, 2026, 3:58:30 p.m.		Julianne Vallerand	Strength Training	90	6
Feb 23, 2026, 3:58:37 p.m.		Stella Downing	Strength Training	60	4
Feb 23, 2026, 3:58:40 p.m.		Julia Benati	Strength Training	60	4
Feb 23, 2026, 5:05:44 p.m.		Rylee Foster	Strength Training	60	4
Feb 23, 2026, 5:50:12 p.m.		Jordyn Rhodes	Strength Training	60	3
Feb 24, 2026, 4:28:06 p.m.		Megumi Nakamura	Strength Training	30	2
Feb 24, 2026, 4:28:37 p.m.		Sarah Taylor	Strength Training	30	6
Feb 24, 2026, 4:29:34 p.m.		Sheyenne Allen	Strength Training	25	4
Feb 24, 2026, 4:29:35 p.m.		Rylee Foster	Strength Training	30	3
Feb 24, 2026, 4:36:00 p.m.		Julianne Vallerand	Strength Training	40	3
Feb 24, 2026, 4:36:18 p.m.		Eva Fremaux	Strength Training	45	5
Feb 24, 2026, 4:36:31 p.m.		Karima Lemire	Strength Training	45	4
Feb 24, 2026, 4:42:07 p.m.		Julia Benati	Strength Training	30	1
Feb 24, 2026, 7:01:52 p.m.		Annika Leslie	Strength Training	90	6
Feb 24, 2026, 7:02:09 p.m.		Addison Weichers	Team Training	120	7
Feb 24, 2026, 7:02:09 p.m.		Jordyn Rhodes	Team Training	120	4
Feb 24, 2026, 7:02:15 p.m.		Sydney Kennedy	Strength Training	60	6
Feb 24, 2026, 7:02:22 p.m.		Sheyenne Allen	Team Training	120	4
Feb 24, 2026, 7:02:25 p.m.		Eva Fremaux	Team Training	90	4
Feb 24, 2026, 7:02:25 p.m.		Synne Fredriksen Moe	Team Training	90	7
Feb 24, 2026, 7:02:26 p.m.		Jordyn Rhodes	Strength Training	30	2
Feb 24, 2026, 7:02:38 p.m.		Synne Fredriksen Moe	Strength Training	30	4
Feb 24, 2026, 7:02:57 p.m.		Julianne Vallerand	Team Training	120	6
Feb 24, 2026, 7:03:00 p.m.		Cho So-Hyun	Team Training	80	8
Feb 24, 2026, 7:03:11 p.m.		Sarah Taylor	Team Training	120	7
Feb 24, 2026, 7:08:25 p.m.		Megumi Nakamura	Team Training	120	4
Feb 24, 2026, 7:15:39 p.m.		Kat Jordan	Strength Training	60	2
Feb 24, 2026, 7:15:47 p.m.		Kat Jordan	Team Training	120	4
Feb 24, 2026, 7:49:38 p.m.		Karima Lemire	Team Training	110	6
Feb 24, 2026, 7:53:06 p.m.		Rylee Foster	Team Training	120	7
Feb 24, 2026, 7:53:10 p.m.		Julia Benati	Team Training	120	6
Feb 24, 2026, 7:57:04 p.m.		Stella Downing	Team Training	90	6
Feb 24, 2026, 7:57:04 p.m.		Julie Pedersen	Team Training	90	7
Feb 24, 2026, 7:57:14 p.m.		Stella Downing	Strength Training	30	3
Feb 24, 2026, 9:33:14 p.m.		Samantha St Croix	Strength Training	30	6
Feb 24, 2026, 9:33:30 p.m.		Samantha St Croix	Team Training	120	8
Feb 25, 2026, 4:02:05 p.m.		Samantha St Croix	Strength Training	60	4
Feb 25, 2026, 4:02:43 p.m.		Rylee Foster	Strength Training	45	4
Feb 25, 2026, 4:11:01 p.m.		Sheyenne Allen	Strength Training	45	3
Feb 25, 2026, 4:11:14 p.m.		Saorla Miller	Strength Training	60	4
Feb 25, 2026, 4:23:25 p.m.		Annika Leslie	Recovery	60	2
Feb 25, 2026, 4:23:36 p.m.		Sydney Kennedy	Recovery	60	2
Feb 25, 2026, 4:23:44 p.m.		Megumi Nakamura	Strength Training	60	3
Feb 25, 2026, 4:35:25 p.m.		Julia Benati	Strength Training	45	3
Feb 25, 2026, 6:35:22 p.m.		Synne Fredriksen Moe	Team Training	90	7
Feb 25, 2026, 6:35:34 p.m.		Samantha St Croix	Team Training	90	7
Feb 25, 2026, 6:35:37 p.m.		Synne Fredriksen Moe	Strength Training	50	5
Feb 25, 2026, 6:35:48 p.m.		Eva Fremaux	Strength Training	45	5
Feb 25, 2026, 6:35:57 p.m.		Eva Fremaux	Team Training	120	8
Feb 25, 2026, 6:36:20 p.m.		Cho So-Hyun	Team Training	100	8
Feb 25, 2026, 6:36:31 p.m.		Julie Pedersen	Strength Training	50	5
Feb 25, 2026, 6:36:43 p.m.		Sarah Taylor	Team Training	90	6
Feb 25, 2026, 6:36:55 p.m.		Sarah Taylor	Strength Training	60	4
Feb 25, 2026, 6:37:05 p.m.		Julie Pedersen	Team Training	80	7
Feb 25, 2026, 6:45:52 p.m.		Addison Weichers	Strength Training	60	6
Feb 25, 2026, 6:45:55 p.m.		Julianne Vallerand	Strength Training	59	5
Feb 25, 2026, 6:45:57 p.m.		Saorla Miller	Team Training	90	6
Feb 25, 2026, 6:45:59 p.m.		Addison Weichers	Team Training	120	6
Feb 25, 2026, 6:46:13 p.m.		Julianne Vallerand	Team Training	90	6
Feb 25, 2026, 7:24:17 p.m.		Kat Jordan	Team Training	90	5
Feb 25, 2026, 7:24:35 p.m.		Kat Jordan	Strength Training	60	3
Feb 25, 2026, 7:25:13 p.m.		Jordyn Rhodes	Strength Training	45	3
Feb 25, 2026, 7:25:26 p.m.		Sheyenne Allen	Team Training	90	4
Feb 25, 2026, 7:25:37 p.m.		Rylee Foster	Team Training	30	5
Feb 25, 2026, 7:26:02 p.m.		Jordyn Rhodes	Team Training	90	4
Feb 25, 2026, 7:52:28 p.m.		Tiffany Cameron	Team Training	60	2
Feb 25, 2026, 7:53:07 p.m.		Naya Cardoza	Team Training	60	4
Feb 25, 2026, 7:54:26 p.m.		Megumi Nakamura	Team Training	120	5
Feb 25, 2026, 9:07:40 p.m.		Karima Lemire	Team Training	90	5
Feb 25, 2026, 9:07:51 p.m.		Karima Lemire	Strength Training	60	4
Feb 25, 2026, 10:24:10 p.m.		Stella Downing	Team Training	105	6
Feb 25, 2026, 10:24:11 p.m.		Julia Benati	Team Training	105	6
Feb 25, 2026, 10:24:20 p.m.		Stella Downing	Strength Training	60	5
Feb 26, 2026, 12:00:00 a.m.		Jordyn Rhodes	Team Training	90	2
Feb 26, 2026, 12:00:00 a.m.		Synne Fredriksen Moe	Team Training	90	3
Feb 26, 2026, 6:42:04 p.m.		Saorla Miller	Team Training	120	2
Feb 26, 2026, 6:43:43 p.m.		Sheyenne Allen	Team Training	80	1
Feb 26, 2026, 6:46:46 p.m.		Karima Lemire	Team Training	90	2
Feb 26, 2026, 6:47:15 p.m.		Samantha St Croix	Team Training	90	4
Feb 26, 2026, 6:50:05 p.m.		Cho So-Hyun	Team Training	80	3
Feb 26, 2026, 6:57:07 p.m.		Addison Weichers	Team Training	60	3
Feb 26, 2026, 6:57:22 p.m.		Eva Fremaux	Team Training	90	3
Feb 26, 2026, 6:57:41 p.m.		Sydney Kennedy	Strength Training	60	6
Feb 26, 2026, 6:58:12 p.m.		Sydney Kennedy	Team Training	15	3
Feb 26, 2026, 7:00:45 p.m.		Julianne Vallerand	Team Training	60	2
Feb 26, 2026, 7:20:16 p.m.		Kat Jordan	Team Training	90	2
Feb 26, 2026, 7:52:19 p.m.		Megumi Nakamura	Team Training	60	1
Feb 26, 2026, 8:37:31 p.m.		Naya Cardoza	Team Training	75	5
Feb 26, 2026, 8:37:40 p.m.		Naya Cardoza	Strength Training	45	4
Feb 26, 2026, 9:13:16 p.m.		Julie Pedersen	Team Training	80	2
Feb 26, 2026, 9:25:34 p.m.		Julia Benati	Team Training	75	1
Feb 26, 2026, 9:25:34 p.m.		Stella Downing	Team Training	75	2
Feb 26, 2026, 10:18:41 p.m.		Sarah Taylor	Team Training	60	1
Feb 26, 2026, 11:51:54 p.m.		Rylee Foster	Team Training	90	0
Feb 27, 2026, 12:00:00 a.m.		Naya Cardoza	Strength Training	4	4
Feb 27, 2026, 4:09:36 p.m.		Stella Downing	Strength Training	60	5
Feb 27, 2026, 4:09:53 p.m.		Julia Benati	Strength Training	60	5
Feb 27, 2026, 4:13:07 p.m.		Eva Fremaux	Strength Training	60	3
Feb 27, 2026, 4:17:27 p.m.		Megumi Nakamura	Strength Training	59	3
Feb 27, 2026, 4:18:02 p.m.		Saorla Miller	Strength Training	60	4
Feb 27, 2026, 4:22:37 p.m.		Julie Pedersen	Strength Training	60	4
Feb 27, 2026, 6:51:30 p.m.		Sydney Kennedy	Strength Training	60	7
Feb 27, 2026, 6:52:01 p.m.		Sarah Taylor	Strength Training	60	4
Feb 27, 2026, 6:52:47 p.m.		Megumi Nakamura	Team Training	120	6
Feb 27, 2026, 6:52:49 p.m.		Sarah Taylor	Team Training	90	7
Feb 27, 2026, 6:52:50 p.m.		Julianne Vallerand	Strength Training	60	4
Feb 27, 2026, 6:52:53 p.m.		Rylee Foster	Team Training	90	2
Feb 27, 2026, 6:53:00 p.m.		Julianne Vallerand	Team Training	90	6
Feb 27, 2026, 6:53:01 p.m.		Addison Weichers	Strength Training	60	4
Feb 27, 2026, 6:53:01 p.m.		Rylee Foster	Strength Training	60	4
Feb 27, 2026, 6:53:05 p.m.		Addison Weichers	Team Training	90	5
Feb 27, 2026, 6:53:09 p.m.		Karima Lemire	Strength Training	60	4
Feb 27, 2026, 6:53:19 p.m.		Karima Lemire	Game / Competition	90	6
Feb 27, 2026, 6:53:21 p.m.		Saorla Miller	Team Training	90	4
Feb 27, 2026, 6:53:49 p.m.		Julia Benati	Team Training	105	5
Feb 27, 2026, 6:55:55 p.m.		Synne Fredriksen Moe	Strength Training	60	6
Feb 27, 2026, 6:56:02 p.m.		Synne Fredriksen Moe	Team Training	45	4
Feb 27, 2026, 6:58:02 p.m.		Cho So-Hyun	Team Training	90	8
Feb 27, 2026, 7:08:33 p.m.		Sheyenne Allen	Strength Training	60	3
Feb 27, 2026, 7:08:52 p.m.		Samantha St Croix	Team Training	90	6
Feb 27, 2026, 7:08:59 p.m.		Samantha St Croix	Strength Training	60	5
Feb 27, 2026, 7:09:38 p.m.		Sheyenne Allen	Team Training	90	4
Feb 27, 2026, 7:34:11 p.m.		Tiffany Cameron	Team Training	75	5
Feb 27, 2026, 7:46:49 p.m.		Kat Jordan	Strength Training	90	2
Feb 27, 2026, 7:46:52 p.m.		Annika Leslie	Strength Training	90	7
Feb 27, 2026, 7:46:55 p.m.		Kat Jordan	Team Training	90	5
Feb 27, 2026, 8:37:27 p.m.		Eva Fremaux	Team Training	20	2
Feb 27, 2026, 8:37:33 p.m.		Julie Pedersen	Team Training	65	8
Feb 27, 2026, 8:37:39 p.m.		Jordyn Rhodes	Strength Training	45	3
Feb 27, 2026, 8:37:47 p.m.		Jordyn Rhodes	Team Training	105	4
Feb 27, 2026, 8:39:17 p.m.		Stella Downing	Team Training	60	6
Feb 28, 2026, 11:48:11 p.m.		Sydney Kennedy	Recovery	60	2
Mar 1, 2026, 5:37:17 p.m.		Tiffany Cameron	Team Training	60	3
Mar 2, 2026, 12:00:00 a.m.		Tiffany Cameron	Game / Competition	45	6
Mar 2, 2026, 4:18:16 p.m.		Megumi Nakamura	Strength Training	60	3
Mar 2, 2026, 7:00:50 p.m.		Anika Toth	Team Training	30	2
Mar 2, 2026, 7:00:55 p.m.		Stella Downing	Strength Training	60	2
Mar 2, 2026, 7:01:07 p.m.		Stella Downing	Team Training	90	1
Mar 2, 2026, 7:01:22 p.m.		Saorla Miller	Strength Training	60	3
Mar 2, 2026, 7:02:04 p.m.		Saorla Miller	Team Training	120	4
Mar 2, 2026, 7:02:59 p.m.		Kat Jordan	Strength Training	60	3
Mar 2, 2026, 7:03:24 p.m.		Kat Jordan	Team Training	90	3
Mar 2, 2026, 7:03:30 p.m.		Jordyn Rhodes	Strength Training	60	3
Mar 2, 2026, 7:03:48 p.m.		Jordyn Rhodes	Team Training	120	3
Mar 2, 2026, 7:10:45 p.m.		Julia Benati	Team Training	90	2
Mar 2, 2026, 7:10:56 p.m.		Julia Benati	Strength Training	45	3
Mar 2, 2026, 7:11:08 p.m.		Annika Leslie	Strength Training	90	6
Mar 2, 2026, 7:12:49 p.m.		Megumi Nakamura	Team Training	120	5
Mar 2, 2026, 7:19:31 p.m.		Addison Weichers	Strength Training	60	4
Mar 2, 2026, 7:19:40 p.m.		Addison Weichers	Team Training	90	4
Mar 2, 2026, 7:19:41 p.m.		Rylee Foster	Team Training	90	5
Mar 2, 2026, 7:19:41 p.m.		Julie Pedersen	Strength Training	60	3
Mar 2, 2026, 7:19:51 p.m.		Rylee Foster	Strength Training	60	4
Mar 2, 2026, 7:19:52 p.m.		Samantha St Croix	Strength Training	60	4
Mar 2, 2026, 7:20:03 p.m.		Julie Pedersen	Team Training	65	5
Mar 2, 2026, 7:20:04 p.m.		Samantha St Croix	Team Training	120	7
Mar 2, 2026, 7:20:19 p.m.		Eva Fremaux	Strength Training	30	2
Mar 2, 2026, 7:20:27 p.m.		Eva Fremaux	Team Training	60	2
Mar 2, 2026, 7:20:59 p.m.		Julianne Vallerand	Strength Training	60	4
Mar 2, 2026, 7:21:09 p.m.		Julianne Vallerand	Team Training	90	3
Mar 2, 2026, 7:23:44 p.m.		Sheyenne Allen	Team Training	90	3
Mar 2, 2026, 7:25:02 p.m.		Sheyenne Allen	Strength Training	60	2
Mar 2, 2026, 8:00:10 p.m.		Cho So-Hyun	Team Training	95	4
Mar 2, 2026, 8:00:17 p.m.		Synne Fredriksen Moe	Team Training	45	2
Mar 2, 2026, 8:00:24 p.m.		Synne Fredriksen Moe	Strength Training	45	3
Mar 2, 2026, 8:09:56 p.m.		Sydney Kennedy	Strength Training	60	7
Mar 2, 2026, 9:41:10 p.m.		Sarah Taylor	Team Training	120	5
Mar 2, 2026, 9:41:52 p.m.		Karima Lemire	Team Training	90	4
Mar 2, 2026, 9:41:58 p.m.		Karima Lemire	Strength Training	60	4
Mar 3, 2026, 12:00:00 a.m.		Jordyn Rhodes	Team Training	120	5
Mar 3, 2026, 12:00:00 a.m.		Annika Leslie	Strength Training	90	6
Mar 3, 2026, 12:00:00 a.m.		Jordyn Rhodes	Strength Training	60	3
Mar 3, 2026, 3:37:41 p.m.		Rylee Foster	Strength Training	45	2
Mar 3, 2026, 3:44:03 p.m.		Megumi Nakamura	Strength Training	60	3
Mar 3, 2026, 3:45:26 p.m.		Saorla Miller	Strength Training	60	3
Mar 3, 2026, 3:47:10 p.m.		Julie Pedersen	Strength Training	40	4
Mar 3, 2026, 3:49:19 p.m.		Cho So-Hyun	Strength Training	30	2
Mar 3, 2026, 4:10:23 p.m.		Synne Fredriksen Moe	Strength Training	45	2
Mar 3, 2026, 4:27:50 p.m.		Sheyenne Allen	Strength Training	45	2
Mar 3, 2026, 4:39:13 p.m.		Eva Fremaux	Strength Training	45	3
Mar 3, 2026, 6:33:37 p.m.		Synne Fredriksen Moe	Recovery	80	4
Mar 3, 2026, 6:38:28 p.m.		Julie Pedersen	Team Training	80	9
Mar 3, 2026, 6:38:38 p.m.		Samantha St Croix	Strength Training	60	8
Mar 3, 2026, 6:38:44 p.m.		Samantha St Croix	Team Training	80	4
Mar 3, 2026, 6:45:30 p.m.		Megumi Nakamura	Team Training	120	5
Mar 3, 2026, 6:50:27 p.m.		Cho So-Hyun	Team Training	80	0
Mar 3, 2026, 6:50:42 p.m.		Addison Weichers	Team Training	90	9
Mar 3, 2026, 6:51:02 p.m.		Addison Weichers	Strength Training	60	4
Mar 3, 2026, 6:56:35 p.m.		Rylee Foster	Team Training	80	7
Mar 3, 2026, 7:00:41 p.m.		Sarah Taylor	Team Training	120	6
Mar 3, 2026, 7:03:34 p.m.		Saorla Miller	Team Training	120	5
Mar 3, 2026, 7:13:54 p.m.		Julianne Vallerand	Strength Training	60	3
Mar 3, 2026, 7:14:01 p.m.		Julianne Vallerand	Team Training	90	7
Mar 3, 2026, 7:14:05 p.m.		Sydney Kennedy	Strength Training	60	6
Mar 3, 2026, 7:23:26 p.m.		Sheyenne Allen	Team Training	80	5
Mar 3, 2026, 7:26:18 p.m.		Stella Downing	Strength Training	60	4
Mar 3, 2026, 7:26:24 p.m.		Julia Benati	Strength Training	5	0
Mar 3, 2026, 7:26:31 p.m.		Stella Downing	Team Training	90	3
Mar 3, 2026, 7:26:39 p.m.		Julia Benati	Team Training	90	3
Mar 3, 2026, 10:57:04 p.m.		Karima Lemire	Team Training	90	7
Mar 3, 2026, 10:57:12 p.m.		Karima Lemire	Strength Training	60	4
Mar 4, 2026, 5:48:54 p.m.		Sydney Kennedy	Strength Training	60	5
Mar 4, 2026, 6:45:19 p.m.		Tiffany Cameron	Recovery	20	1
Mar 4, 2026, 6:50:35 p.m.		Cho So-Hyun	Team Training	90	6
Mar 4, 2026, 6:50:56 p.m.		Rylee Foster	Team Training	90	3
Mar 4, 2026, 6:51:09 p.m.		Annika Leslie	Team Training	90	4
Mar 4, 2026, 6:51:13 p.m.		Julianne Vallerand	Team Training	63	5
Mar 4, 2026, 6:51:14 p.m.		Karima Lemire	Team Training	90	3
Mar 4, 2026, 6:51:18 p.m.		Megumi Nakamura	Team Training	90	3
Mar 4, 2026, 6:51:21 p.m.		Annika Leslie	Strength Training	60	4
Mar 4, 2026, 6:52:31 p.m.		Julie Pedersen	Team Training	90	5
Mar 4, 2026, 6:52:32 p.m.		Synne Fredriksen Moe	Recovery	90	3
Mar 4, 2026, 6:54:10 p.m.		Samantha St Croix	Team Training	90	5
Mar 4, 2026, 7:00:38 p.m.		Saorla Miller	Team Training	90	3
Mar 4, 2026, 7:21:36 p.m.		Addison Weichers	Team Training	90	4
Mar 4, 2026, 7:30:14 p.m.		Jordyn Rhodes	Team Training	120	3
Mar 4, 2026, 7:37:49 p.m.		Sheyenne Allen	Team Training	80	2
Mar 4, 2026, 8:04:11 p.m.		Sarah Taylor	Team Training	120	6
Mar 4, 2026, 8:05:49 p.m.		Naya Cardoza	Team Training	30	2
Mar 4, 2026, 8:08:19 p.m.		Kat Jordan	Team Training	90	5
Mar 4, 2026, 8:08:24 p.m.		Stella Downing	Team Training	60	4
Mar 4, 2026, 8:10:29 p.m.		Eva Fremaux	Team Training	10	0
Mar 4, 2026, 8:29:53 p.m.		Julia Benati	Team Training	90	3
Mar 5, 2026, 3:52:16 p.m.		Cho So-Hyun	Strength Training	50	6
Mar 5, 2026, 4:04:20 p.m.		Saorla Miller	Strength Training	60	4
Mar 5, 2026, 4:06:00 p.m.		Rylee Foster	Strength Training	60	4
Mar 5, 2026, 4:08:17 p.m.		Megumi Nakamura	Strength Training	60	3
Mar 5, 2026, 4:20:23 p.m.		Eva Fremaux	Strength Training	60	6
Mar 5, 2026, 4:20:40 p.m.		Eva Fremaux	Team Training	1	0
Mar 5, 2026, 6:28:18 p.m.		Cho So-Hyun	Team Training	90	6
Mar 5, 2026, 6:28:39 p.m.		Naya Cardoza	Team Training	60	3
Mar 5, 2026, 6:28:46 p.m.		Naya Cardoza	Strength Training	60	4
Mar 5, 2026, 6:28:57 p.m.		Sarah Taylor	Team Training	90	6
Mar 5, 2026, 6:29:05 p.m.		Samantha St Croix	Team Training	90	6
Mar 5, 2026, 6:29:10 p.m.		Sarah Taylor	Strength Training	60	4
Mar 5, 2026, 6:29:11 p.m.		Samantha St Croix	Strength Training	60	5
Mar 5, 2026, 6:29:29 p.m.		Annika Leslie	Strength Training	60	3
Mar 5, 2026, 6:29:34 p.m.		Saorla Miller	Team Training	90	4
Mar 5, 2026, 6:29:43 p.m.		Julianne Vallerand	Strength Training	60	4
Mar 5, 2026, 6:29:46 p.m.		Annika Leslie	Team Training	60	6
Mar 5, 2026, 6:29:52 p.m.		Julianne Vallerand	Team Training	90	7
Mar 5, 2026, 6:29:52 p.m.		Jordyn Rhodes	Strength Training	60	3
Mar 5, 2026, 6:30:01 p.m.		Jordyn Rhodes	Team Training	120	4
Mar 5, 2026, 6:30:09 p.m.		Tiffany Cameron	Team Training	90	3
Mar 5, 2026, 6:31:51 p.m.		Tiffany Cameron	Strength Training	45	3
Mar 5, 2026, 6:36:12 p.m.		Addison Weichers	Strength Training	60	6
Mar 5, 2026, 6:36:22 p.m.		Addison Weichers	Team Training	80	4
Mar 5, 2026, 6:36:24 p.m.		Synne Fredriksen Moe	Team Training	80	4
Mar 5, 2026, 6:36:34 p.m.		Synne Fredriksen Moe	Strength Training	60	4
Mar 5, 2026, 6:41:30 p.m.		Rylee Foster	Team Training	90	6
Mar 5, 2026, 7:01:29 p.m.		Stella Downing	Team Training	60	4
Mar 5, 2026, 7:01:32 p.m.		Kat Jordan	Strength Training	60	5
Mar 5, 2026, 7:01:34 p.m.		Stella Downing	Strength Training	60	0
Mar 5, 2026, 7:01:37 p.m.		Kat Jordan	Team Training	90	5
Mar 5, 2026, 7:01:51 p.m.		Julia Benati	Team Training	90	5
Mar 5, 2026, 7:01:59 p.m.		Julia Benati	Strength Training	45	2
Mar 5, 2026, 7:03:11 p.m.		Sydney Kennedy	Strength Training	60	7
Mar 5, 2026, 7:13:48 p.m.		Megumi Nakamura	Team Training	90	5
Mar 5, 2026, 7:13:57 p.m.		Julie Pedersen	Strength Training	60	5
Mar 5, 2026, 7:14:08 p.m.		Julie Pedersen	Team Training	75	7
Mar 5, 2026, 7:41:32 p.m.		Sheyenne Allen	Strength Training	45	4
Mar 5, 2026, 7:41:49 p.m.		Sheyenne Allen	Team Training	80	4
Mar 6, 2026, 12:00:00 a.m.		Naya Cardoza	Team Training	60	2
Mar 6, 2026, 6:04:44 p.m.		Sydney Kennedy	Strength Training	60	5
Mar 6, 2026, 6:45:06 p.m.		Sheyenne Allen	Team Training	100	5
Mar 6, 2026, 6:45:16 p.m.		Synne Fredriksen Moe	Team Training	90	7
Mar 6, 2026, 6:48:54 p.m.		Cho So-Hyun	Team Training	100	8
Mar 6, 2026, 6:58:09 p.m.		Anika Toth	Team Training	60	3
Mar 6, 2026, 7:07:06 p.m.		Rylee Foster	Team Training	105	6
Mar 6, 2026, 7:07:29 p.m.		Megumi Nakamura	Team Training	120	7
Mar 6, 2026, 7:09:57 p.m.		Kat Jordan	Team Training	90	6
Mar 6, 2026, 7:10:04 p.m.		Julianne Vallerand	Team Training	60	6
Mar 6, 2026, 7:10:16 p.m.		Jordyn Rhodes	Team Training	120	5
Mar 6, 2026, 7:13:09 p.m.		Addison Weichers	Team Training	90	5
Mar 6, 2026, 7:13:20 p.m.		Saorla Miller	Team Training	90	4
Mar 6, 2026, 7:14:14 p.m.		Annika Leslie	Strength Training	60	4
Mar 6, 2026, 7:14:14 p.m.		Samantha St Croix	Team Training	90	5
Mar 6, 2026, 7:14:26 p.m.		Annika Leslie	Team Training	60	5
Mar 6, 2026, 7:48:19 p.m.		Julie Pedersen	Team Training	90	7
Mar 6, 2026, 8:51:03 p.m.		Tiffany Cameron	Team Training	120	5
Mar 6, 2026, 10:38:13 p.m.		Julia Benati	Team Training	120	8
Mar 6, 2026, 11:09:00 p.m.		Stella Downing	Team Training	90	7
Mar 7, 2026, 12:00:00 a.m.		Naya Cardoza	Recovery	60	1
Mar 7, 2026, 3:33:11 p.m.		Sydney Kennedy	Strength Training	90	7
Mar 7, 2026, 3:47:17 p.m.		Samantha St Croix	Recovery	60	2
Mar 7, 2026, 3:47:27 p.m.		Megumi Nakamura	Recovery	60	1
Mar 7, 2026, 3:47:31 p.m.		Addison Weichers	Recovery	45	1
Mar 7, 2026, 3:47:31 p.m.		Cho So-Hyun	Recovery	50	1
Mar 7, 2026, 3:47:40 p.m.		Sarah Taylor	Recovery	60	0
Mar 7, 2026, 3:47:51 p.m.		Julie Pedersen	Recovery	60	2
Mar 7, 2026, 3:47:58 p.m.		Jordyn Rhodes	Recovery	45	1
Mar 7, 2026, 3:48:02 p.m.		Annika Leslie	Recovery	45	2
Mar 7, 2026, 3:48:10 p.m.		Sheyenne Allen	Recovery	50	1
Mar 7, 2026, 3:51:33 p.m.		Stella Downing	Recovery	60	0
Mar 7, 2026, 3:53:26 p.m.		Rylee Foster	Recovery	45	1
Mar 7, 2026, 4:00:32 p.m.		Kat Jordan	Recovery	60	1
Mar 7, 2026, 4:59:50 p.m.		Anika Toth	Strength Training	120	4
Mar 7, 2026, 5:02:56 p.m.		Tiffany Cameron	Recovery	40	1
Mar 7, 2026, 5:02:57 p.m.		Julianne Vallerand	Recovery	60	3
Mar 7, 2026, 5:03:15 p.m.		Eva Fremaux	Team Training	1	0
Mar 7, 2026, 5:04:48 p.m.		Saorla Miller	Recovery	45	1
Mar 7, 2026, 5:09:20 p.m.		Julia Benati	Recovery	60	0
Mar 7, 2026, 6:31:17 p.m.		Synne Fredriksen Moe	Recovery	45	1
Mar 7, 2026, 8:13:20 p.m.		Sydney Kennedy	Recovery	30	1
Mar 8, 2026, 12:00:00 a.m.		Sheyenne Allen	Recovery	25	1
Mar 8, 2026, 12:19:32 p.m.		Rylee Foster	Recovery	60	0
Mar 8, 2026, 10:42:05 p.m.		Jordyn Rhodes	Recovery	30	2
Mar 8, 2026, 11:14:18 p.m.		Naya Cardoza	Recovery	30	0
Mar 8, 2026, 11:43:36 p.m.		Tiffany Cameron	Recovery	30	0
Mar 9, 2026, 2:14:58 p.m.		Stella Downing	Strength Training	60	3
Mar 9, 2026, 2:15:03 p.m.		Julia Benati	Strength Training	45	3
Mar 9, 2026, 2:16:01 p.m.		Julie Pedersen	Strength Training	45	5
Mar 9, 2026, 2:21:03 p.m.		Rylee Foster	Strength Training	60	3
Mar 9, 2026, 2:32:53 p.m.		Eva Fremaux	Strength Training	60	5
Mar 9, 2026, 3:29:01 p.m.		Megumi Nakamura	Strength Training	60	2
Mar 9, 2026, 3:42:26 p.m.		Sheyenne Allen	Strength Training	40	3
Mar 9, 2026, 3:43:26 p.m.		Tiffany Cameron	Strength Training	60	3
Mar 9, 2026, 5:52:34 p.m.		Rylee Foster	Team Training	105	6
Mar 9, 2026, 5:52:41 p.m.		Addison Weichers	Strength Training	45	5
Mar 9, 2026, 5:52:43 p.m.		Addison Weichers	Team Training	105	7
Mar 9, 2026, 5:52:48 p.m.		Naya Cardoza	Team Training	60	4
Mar 9, 2026, 5:52:56 p.m.		Naya Cardoza	Strength Training	60	3
Mar 9, 2026, 5:53:26 p.m.		Samantha St Croix	Strength Training	60	5
Mar 9, 2026, 5:53:31 p.m.		Samantha St Croix	Team Training	120	5
Mar 9, 2026, 5:55:40 p.m.		Julianne Vallerand	Team Training	120	9
Mar 9, 2026, 5:55:48 p.m.		Julianne Vallerand	Strength Training	60	7
Mar 9, 2026, 5:58:58 p.m.		Synne Fredriksen Moe	Team Training	90	8
Mar 9, 2026, 5:59:05 p.m.		Synne Fredriksen Moe	Strength Training	60	5
Mar 9, 2026, 5:59:21 p.m.		Julie Pedersen	Team Training	105	8
Mar 9, 2026, 5:59:34 p.m.		Sarah Taylor	Team Training	60	3
Mar 9, 2026, 5:59:47 p.m.		Sarah Taylor	Strength Training	60	0
Mar 9, 2026, 6:00:40 p.m.		Eva Fremaux	Team Training	20	0
Mar 9, 2026, 6:02:32 p.m.		Cho So-Hyun	Strength Training	60	6
Mar 9, 2026, 6:05:50 p.m.		Megumi Nakamura	Team Training	120	5
Mar 9, 2026, 6:16:49 p.m.		Saorla Miller	Team Training	90	4
Mar 9, 2026, 6:17:01 p.m.		Saorla Miller	Strength Training	60	4
Mar 9, 2026, 6:17:50 p.m.		Tiffany Cameron	Team Training	90	4
Mar 9, 2026, 6:18:18 p.m.		Kat Jordan	Team Training	120	7
Mar 9, 2026, 6:18:30 p.m.		Kat Jordan	Strength Training	60	4
Mar 9, 2026, 6:19:07 p.m.		Jordyn Rhodes	Strength Training	60	3
Mar 9, 2026, 6:19:12 p.m.		Jordyn Rhodes	Team Training	120	7
Mar 9, 2026, 6:20:23 p.m.		Sheyenne Allen	Team Training	108	7
Mar 9, 2026, 6:22:34 p.m.		Stella Downing	Team Training	105	6
Mar 9, 2026, 6:43:06 p.m.		Julia Benati	Team Training	120	5
Mar 9, 2026, 8:42:13 p.m.		Annika Leslie	Team Training	90	5
Mar 9, 2026, 8:42:19 p.m.		Annika Leslie	Strength Training	60	3
Mar 10, 2026, 12:00:00 a.m.		Cho So-Hyun	Recovery	60	0
Mar 10, 2026, 5:51:23 p.m.		Naya Cardoza	Team Training	90	4
Mar 10, 2026, 5:52:03 p.m.		Julie Pedersen	Team Training	100	9
Mar 10, 2026, 5:52:23 p.m.		Rylee Foster	Team Training	105	6
Mar 10, 2026, 5:53:02 p.m.		Addison Weichers	Team Training	100	9
Mar 10, 2026, 5:53:50 p.m.		Synne Fredriksen Moe	Team Training	100	7
Mar 10, 2026, 5:59:31 p.m.		Jordyn Rhodes	Team Training	120	7
Mar 10, 2026, 6:03:13 p.m.		Megumi Nakamura	Team Training	120	9
Mar 10, 2026, 6:04:08 p.m.		Sheyenne Allen	Team Training	105	6
Mar 10, 2026, 6:04:24 p.m.		Annika Leslie	Team Training	60	6
Mar 10, 2026, 6:05:46 p.m.		Eva Fremaux	Team Training	20	0
Mar 10, 2026, 6:05:59 p.m.		Saorla Miller	Team Training	120	6
Mar 10, 2026, 6:12:56 p.m.		Kat Jordan	Team Training	120	7
Mar 10, 2026, 6:12:59 p.m.		Julia Benati	Team Training	105	6
Mar 10, 2026, 6:26:33 p.m.		Tiffany Cameron	Team Training	105	7
Mar 10, 2026, 6:36:56 p.m.		Stella Downing	Team Training	60	8
Mar 10, 2026, 6:37:18 p.m.		Julianne Vallerand	Team Training	60	4
Mar 10, 2026, 6:50:04 p.m.		Samantha St Croix	Team Training	105	6
Mar 10, 2026, 8:34:12 p.m.		Sarah Taylor	Team Training	90	3
Mar 11, 2026, 5:47:22 p.m.		Synne Fredriksen Moe	Team Training	75	1
Mar 11, 2026, 6:00:13 p.m.		Addison Weichers	Team Training	75	2
Mar 11, 2026, 6:00:18 p.m.		Samantha St Croix	Team Training	90	3
Mar 11, 2026, 6:00:29 p.m.		Cho So-Hyun	Team Training	90	3
Mar 11, 2026, 6:01:41 p.m.		Naya Cardoza	Team Training	90	3
Mar 11, 2026, 6:02:18 p.m.		Saorla Miller	Team Training	90	2
Mar 11, 2026, 6:15:24 p.m.		Jordyn Rhodes	Team Training	80	1
Mar 11, 2026, 6:16:11 p.m.		Sheyenne Allen	Team Training	60	1
Mar 11, 2026, 6:16:25 p.m.		Stella Downing	Team Training	60	4
Mar 11, 2026, 6:20:14 p.m.		Kat Jordan	Team Training	90	2
Mar 11, 2026, 6:21:13 p.m.		Megumi Nakamura	Team Training	60	1
Mar 11, 2026, 6:21:54 p.m.		Rylee Foster	Team Training	90	3
Mar 11, 2026, 6:21:58 p.m.		Sydney Kennedy	Strength Training	90	5
Mar 11, 2026, 6:23:09 p.m.		Tiffany Cameron	Team Training	90	2
Mar 11, 2026, 6:29:47 p.m.		Annika Leslie	Team Training	90	4
Mar 11, 2026, 6:30:33 p.m.		Julie Pedersen	Team Training	60	2
Mar 11, 2026, 6:30:39 p.m.		Karima Lemire	Team Training	90	0
Mar 11, 2026, 6:31:23 p.m.		Sarah Taylor	Team Training	60	3
Mar 11, 2026, 7:17:57 p.m.		Julia Benati	Team Training	60	1
Mar 11, 2026, 7:25:07 p.m.		Eva Fremaux	Team Training	1	0
Mar 11, 2026, 8:34:16 p.m.		Julianne Vallerand	Recovery	120	0
Mar 12, 2026, 12:00:00 a.m.		Rylee Foster	Team Training	80	4
Mar 12, 2026, 12:00:00 a.m.		Eva Fremaux	Strength Training	45	4
Mar 12, 2026, 12:00:00 a.m.		Eva Fremaux	Team Training	20	0
Mar 12, 2026, 12:00:00 a.m.		Rylee Foster	Strength Training	60	3
Mar 12, 2026, 1:38:59 p.m.		Stella Downing	Strength Training	60	3
Mar 12, 2026, 1:42:41 p.m.		Cho So-Hyun	Strength Training	45	3
Mar 12, 2026, 1:53:09 p.m.		Megumi Nakamura	Strength Training	60	2
Mar 12, 2026, 1:53:14 p.m.		Samantha St Croix	Strength Training	60	5
Mar 12, 2026, 2:00:13 p.m.		Julie Pedersen	Strength Training	60	4
Mar 12, 2026, 3:38:09 p.m.		Saorla Miller	Strength Training	60	2
Mar 12, 2026, 5:40:27 p.m.		Synne Fredriksen Moe	Team Training	90	7
Mar 12, 2026, 5:40:33 p.m.		Synne Fredriksen Moe	Strength Training	60	2
Mar 12, 2026, 5:50:12 p.m.		Julianne Vallerand	Strength Training	60	4
Mar 12, 2026, 5:51:04 p.m.		Stella Downing	Team Training	75	5
Mar 12, 2026, 5:55:52 p.m.		Julia Benati	Team Training	85	2
Mar 12, 2026, 5:56:09 p.m.		Julia Benati	Strength Training	60	3
Mar 12, 2026, 6:00:39 p.m.		Jordyn Rhodes	Strength Training	60	3
Mar 12, 2026, 6:00:48 p.m.		Jordyn Rhodes	Team Training	90	5
Mar 12, 2026, 6:01:42 p.m.		Cho So-Hyun	Team Training	90	4
Mar 12, 2026, 6:01:50 p.m.		Kat Jordan	Strength Training	60	3
Mar 12, 2026, 6:01:57 p.m.		Kat Jordan	Team Training	90	5
Mar 12, 2026, 6:03:12 p.m.		Karima Lemire	Team Training	90	6
Mar 12, 2026, 6:03:20 p.m.		Karima Lemire	Strength Training	60	4
Mar 12, 2026, 6:03:26 p.m.		Sarah Taylor	Team Training	90	4
Mar 12, 2026, 6:03:30 p.m.		Sydney Kennedy	Strength Training	90	5
Mar 12, 2026, 6:03:31 p.m.		Naya Cardoza	Team Training	90	4
Mar 12, 2026, 6:04:14 p.m.		Naya Cardoza	Strength Training	60	3
Mar 12, 2026, 6:05:36 p.m.		Saorla Miller	Team Training	90	4
Mar 12, 2026, 6:10:40 p.m.		Megumi Nakamura	Team Training	120	5
Mar 12, 2026, 6:21:51 p.m.		Julie Pedersen	Team Training	110	6
Mar 12, 2026, 6:21:53 p.m.		Annika Leslie	Team Training	90	6
Mar 12, 2026, 6:21:56 p.m.		Addison Weichers	Team Training	90	5
Mar 12, 2026, 6:22:05 p.m.		Annika Leslie	Strength Training	45	3
Mar 12, 2026, 6:23:15 p.m.		Tiffany Cameron	Team Training	90	5
Mar 12, 2026, 6:30:13 p.m.		Samantha St Croix	Team Training	90	4
Mar 12, 2026, 7:00:07 p.m.		Sheyenne Allen	Strength Training	50	4
Mar 12, 2026, 7:00:23 p.m.		Sheyenne Allen	Team Training	80	4
Mar 13, 2026, 12:00:00 a.m.		Megumi Nakamura	Team Training	120	7
Mar 13, 2026, 5:50:52 p.m.		Saorla Miller	Team Training	120	7
Mar 13, 2026, 5:54:14 p.m.		Julie Pedersen	Team Training	90	7
Mar 13, 2026, 5:54:34 p.m.		Addison Weichers	Team Training	90	6
Mar 13, 2026, 6:17:24 p.m.		Julia Benati	Team Training	90	6
Mar 13, 2026, 6:21:14 p.m.		Cho So-Hyun	Team Training	100	7
Mar 13, 2026, 6:21:35 p.m.		Samantha St Croix	Team Training	120	4
Mar 13, 2026, 6:25:14 p.m.		Kat Jordan	Team Training	90	7
Mar 13, 2026, 6:25:41 p.m.		Annika Leslie	Team Training	90	7
Mar 13, 2026, 6:30:51 p.m.		Jordyn Rhodes	Team Training	90	7
Mar 13, 2026, 6:30:55 p.m.		Stella Downing	Team Training	60	3
Mar 13, 2026, 6:30:58 p.m.		Julianne Vallerand	Strength Training	30	5
Mar 13, 2026, 6:31:27 p.m.		Sheyenne Allen	Team Training	92	7
Mar 13, 2026, 6:38:56 p.m.		Karima Lemire	Team Training	90	7
Mar 13, 2026, 6:39:08 p.m.		Naya Cardoza	Team Training	90	5
Mar 13, 2026, 6:39:26 p.m.		Tiffany Cameron	Team Training	90	6
Mar 13, 2026, 6:42:25 p.m.		Sarah Taylor	Team Training	60	6
Mar 13, 2026, 6:42:54 p.m.		Sydney Kennedy	Strength Training	90	7
Mar 13, 2026, 7:34:26 p.m.		Synne Fredriksen Moe	Team Training	90	8
Mar 13, 2026, 9:17:37 p.m.		Eva Fremaux	Team Training	20	0
Mar 14, 2026, 2:06:48 p.m.		Sydney Kennedy	Strength Training	90	7
Mar 14, 2026, 2:38:43 p.m.		Rylee Foster	Recovery	30	0
Mar 14, 2026, 2:38:47 p.m.		Addison Weichers	Recovery	30	1
Mar 14, 2026, 3:11:10 p.m.		Jordyn Rhodes	Recovery	45	1
Mar 14, 2026, 3:13:21 p.m.		Naya Cardoza	Recovery	60	1
Mar 14, 2026, 3:13:36 p.m.		Stella Downing	Recovery	60	0
Mar 14, 2026, 3:20:40 p.m.		Sheyenne Allen	Recovery	45	1
Mar 14, 2026, 4:02:31 p.m.		Synne Fredriksen Moe	Recovery	30	1
Mar 14, 2026, 4:02:37 p.m.		Cho So-Hyun	Recovery	40	1
Mar 14, 2026, 4:02:37 p.m.		Samantha St Croix	Recovery	60	1
Mar 14, 2026, 4:02:42 p.m.		Julie Pedersen	Recovery	30	1
Mar 14, 2026, 4:03:06 p.m.		Sarah Taylor	Recovery	60	1
Mar 14, 2026, 4:32:16 p.m.		Saorla Miller	Recovery	45	1
Mar 14, 2026, 4:34:00 p.m.		Julianne Vallerand	Recovery	60	1
Mar 14, 2026, 5:43:00 p.m.		Tiffany Cameron	Recovery	40	1
Mar 14, 2026, 7:39:06 p.m.		Annika Leslie	Recovery	45	2
Mar 14, 2026, 8:28:22 p.m.		Julia Benati	Recovery	45	1
Mar 15, 2026, 12:00:00 a.m.		Sheyenne Allen	Recovery	25	2
Mar 15, 2026, 12:00:00 a.m.		Sarah Taylor	Recovery	60	0
Mar 15, 2026, 1:04:51 p.m.		Cho So-Hyun	Team Training	7	0
Mar 15, 2026, 1:05:15 p.m.		Cho So-Hyun	Recovery	1	0
Mar 15, 2026, 7:58:30 p.m.		Tiffany Cameron	Recovery	30	1
Mar 16, 2026, 2:23:51 p.m.		Naya Cardoza	Team Training	60	5
Mar 16, 2026, 2:23:56 p.m.		Sarah Taylor	Team Training	45	4
Mar 16, 2026, 2:24:05 p.m.		Cho So-Hyun	Team Training	45	3
Mar 16, 2026, 2:24:26 p.m.		Rylee Foster	Team Training	60	8
Mar 16, 2026, 2:24:42 p.m.		Samantha St Croix	Team Training	60	5
Mar 16, 2026, 2:27:17 p.m.		Julie Pedersen	Team Training	60	4
Mar 16, 2026, 2:32:27 p.m.		Tiffany Cameron	Team Training	45	5
Mar 16, 2026, 2:32:28 p.m.		Kat Jordan	Team Training	45	5
Mar 16, 2026, 2:35:49 p.m.		Julia Benati	Team Training	30	3
Mar 16, 2026, 3:00:03 p.m.		Stella Downing	Team Training	45	4
Mar 16, 2026, 3:00:15 p.m.		Stella Downing	Strength Training	60	4
Mar 16, 2026, 3:01:19 p.m.		Addison Weichers	Team Training	60	3
Mar 16, 2026, 3:01:52 p.m.		Addison Weichers	Strength Training	35	3
Mar 16, 2026, 3:02:57 p.m.		Rylee Foster	Strength Training	60	3
Mar 16, 2026, 3:03:35 p.m.		Julie Pedersen	Strength Training	30	4
Mar 16, 2026, 3:06:46 p.m.		Jordyn Rhodes	Team Training	45	5
Mar 16, 2026, 3:07:49 p.m.		Sarah Taylor	Strength Training	60	4
Mar 16, 2026, 3:07:52 p.m.		Jordyn Rhodes	Strength Training	30	3
Mar 16, 2026, 3:08:19 p.m.		Naya Cardoza	Recovery	30	3
Mar 16, 2026, 3:08:22 p.m.		Sheyenne Allen	Strength Training	30	3
Mar 16, 2026, 3:08:24 p.m.		Cho So-Hyun	Strength Training	50	3
Mar 16, 2026, 3:10:40 p.m.		Sheyenne Allen	Team Training	45	3
Mar 16, 2026, 3:11:32 p.m.		Tiffany Cameron	Strength Training	45	3
Mar 16, 2026, 3:12:15 p.m.		Kat Jordan	Strength Training	60	3
Mar 16, 2026, 3:12:28 p.m.		Samantha St Croix	Strength Training	60	4
Mar 16, 2026, 3:13:24 p.m.		Synne Fredriksen Moe	Team Training	60	5
Mar 16, 2026, 3:13:31 p.m.		Synne Fredriksen Moe	Strength Training	60	4
Mar 16, 2026, 3:24:25 p.m.		Saorla Miller	Team Training	60	5
Mar 16, 2026, 3:24:34 p.m.		Saorla Miller	Strength Training	60	3
Mar 16, 2026, 3:37:45 p.m.		Annika Leslie	Team Training	45	5
Mar 16, 2026, 3:37:50 p.m.		Annika Leslie	Strength Training	45	3
Mar 16, 2026, 3:55:19 p.m.		Anika Toth	Strength Training	60	5
Mar 16, 2026, 3:55:38 p.m.		Julianne Vallerand	Strength Training	120	5
Mar 16, 2026, 4:10:23 p.m.		Megumi Nakamura	Team Training	60	2
Mar 16, 2026, 4:10:27 p.m.		Megumi Nakamura	Strength Training	60	2
Mar 16, 2026, 4:17:40 p.m.		Anika Toth	Team Training	60	7
Mar 16, 2026, 4:29:13 p.m.		Julia Benati	Strength Training	45	2
Mar 16, 2026, 5:47:23 p.m.		Sydney Kennedy	Strength Training	120	6
Mar 16, 2026, 6:05:16 p.m.		Eva Fremaux	Strength Training	45	4
Mar 16, 2026, 6:05:35 p.m.		Karima Lemire	Team Training	60	6
Mar 16, 2026, 6:06:29 p.m.		Karima Lemire	Strength Training	60	5
Mar 17, 2026, 1:17:23 p.m.		Julia Benati	Team Training	20	4
Mar 17, 2026, 1:35:33 p.m.		Cho So-Hyun	Team Training	30	4
Mar 17, 2026, 1:36:57 p.m.		Stella Downing	Team Training	20	4
Mar 17, 2026, 2:28:56 p.m.		Julie Pedersen	Team Training	35	4
Mar 17, 2026, 2:29:15 p.m.		Julie Pedersen	Strength Training	35	5
Mar 17, 2026, 2:30:16 p.m.		Addison Weichers	Team Training	25	2
Mar 17, 2026, 2:30:27 p.m.		Addison Weichers	Strength Training	40	6
Mar 17, 2026, 2:31:12 p.m.		Megumi Nakamura	Strength Training	60	2
Mar 17, 2026, 2:41:51 p.m.		Rylee Foster	Strength Training	60	4
Mar 17, 2026, 2:42:27 p.m.		Stella Downing	Strength Training	60	3
Mar 17, 2026, 2:45:41 p.m.		Synne Fredriksen Moe	Team Training	30	4
Mar 17, 2026, 2:45:50 p.m.		Synne Fredriksen Moe	Strength Training	60	4
Mar 17, 2026, 2:57:15 p.m.		Cho So-Hyun	Strength Training	40	3
Mar 17, 2026, 3:03:46 p.m.		Saorla Miller	Strength Training	60	5
Mar 17, 2026, 3:04:01 p.m.		Saorla Miller	Team Training	30	1
Mar 17, 2026, 3:04:02 p.m.		Kat Jordan	Team Training	30	1
Mar 17, 2026, 3:04:09 p.m.		Kat Jordan	Strength Training	60	3
Mar 17, 2026, 3:07:25 p.m.		Sheyenne Allen	Strength Training	50	4
Mar 17, 2026, 3:07:50 p.m.		Sheyenne Allen	Recovery	20	4
Mar 17, 2026, 3:09:55 p.m.		Annika Leslie	Team Training	30	3
Mar 17, 2026, 3:09:59 p.m.		Annika Leslie	Strength Training	45	4
Mar 17, 2026, 3:11:31 p.m.		Julia Benati	Strength Training	45	1
Mar 17, 2026, 3:25:56 p.m.		Tiffany Cameron	Strength Training	45	3
Mar 17, 2026, 3:26:39 p.m.		Tiffany Cameron	Team Training	25	3
Mar 17, 2026, 3:26:53 p.m.		Eva Fremaux	Strength Training	45	4
Mar 17, 2026, 3:28:02 p.m.		Sarah Taylor	Team Training	60	2
Mar 17, 2026, 3:28:20 p.m.		Anika Toth	Team Training	20	2
Mar 17, 2026, 3:28:21 p.m.		Sarah Taylor	Strength Training	30	4
Mar 17, 2026, 3:28:23 p.m.		Jordyn Rhodes	Strength Training	45	4
Mar 17, 2026, 3:28:24 p.m.		Anika Toth	Strength Training	90	6
Mar 17, 2026, 3:28:28 p.m.		Sydney Kennedy	Strength Training	90	7
Mar 17, 2026, 4:01:47 p.m.		Julianne Vallerand	Strength Training	120	5
Mar 18, 2026, 12:00:00 a.m.		Eva Fremaux	Team Training	20	0
Mar 18, 2026, 1:29:57 p.m.		Cho So-Hyun	Team Training	75	8
Mar 18, 2026, 1:35:52 p.m.		Julie Pedersen	Team Training	73	7
Mar 18, 2026, 1:36:25 p.m.		Naya Cardoza	Team Training	70	7
Mar 18, 2026, 1:43:57 p.m.		Tiffany Cameron	Team Training	60	8
Mar 18, 2026, 1:44:48 p.m.		Julianne Vallerand	Team Training	60	0
Mar 18, 2026, 1:59:30 p.m.		Rylee Foster	Team Training	75	7
Mar 18, 2026, 1:59:49 p.m.		Sydney Kennedy	Team Training	30	3
Mar 18, 2026, 1:59:50 p.m.		Addison Weichers	Team Training	75	7
Mar 18, 2026, 2:00:19 p.m.		Saorla Miller	Team Training	60	7
Mar 18, 2026, 2:00:42 p.m.		Samantha St Croix	Team Training	60	6
Mar 18, 2026, 2:00:50 p.m.		Megumi Nakamura	Team Training	60	5
Mar 18, 2026, 2:01:11 p.m.		Sheyenne Allen	Team Training	90	6
Mar 18, 2026, 2:02:29 p.m.		Annika Leslie	Team Training	60	7
Mar 18, 2026, 2:05:26 p.m.		Julia Benati	Team Training	60	6
Mar 18, 2026, 2:05:52 p.m.		Stella Downing	Team Training	60	6
Mar 18, 2026, 2:09:36 p.m.		Karima Lemire	Team Training	60	7
Mar 18, 2026, 7:13:36 p.m.		Jordyn Rhodes	Team Training	90	6
Mar 18, 2026, 7:20:45 p.m.		Kat Jordan	Team Training	60	7
Mar 18, 2026, 7:31:07 p.m.		Anika Toth	Team Training	30	3
Mar 18, 2026, 7:48:52 p.m.		Synne Fredriksen Moe	Team Training	90	7
Mar 18, 2026, 7:58:52 p.m.		Sarah Taylor	Team Training	60	7
Mar 19, 2026, 11:45:26 a.m.		Julia Benati	Team Training	30	6
Mar 19, 2026, 12:03:16 p.m.		Sheyenne Allen	Team Training	50	7
Mar 19, 2026, 1:47:59 p.m.		Megumi Nakamura	Team Training	45	7
Mar 19, 2026, 1:59:24 p.m.		Saorla Miller	Team Training	30	7
Mar 19, 2026, 1:59:35 p.m.		Annika Leslie	Team Training	30	7
Mar 19, 2026, 2:03:21 p.m.		Cho So-Hyun	Team Training	35	8
Mar 19, 2026, 2:03:34 p.m.		Samantha St Croix	Team Training	40	6
Mar 19, 2026, 2:38:16 p.m.		Julie Pedersen	Team Training	35	7
Mar 19, 2026, 2:38:32 p.m.		Julie Pedersen	Strength Training	40	5
Mar 19, 2026, 2:41:22 p.m.		Sheyenne Allen	Strength Training	40	3
Mar 19, 2026, 2:41:35 p.m.		Jordyn Rhodes	Team Training	40	6
Mar 19, 2026, 2:41:44 p.m.		Jordyn Rhodes	Strength Training	45	3
Mar 19, 2026, 2:42:50 p.m.		Rylee Foster	Team Training	40	7
Mar 19, 2026, 2:43:01 p.m.		Rylee Foster	Strength Training	45	4
Mar 19, 2026, 2:43:20 p.m.		Sarah Taylor	Strength Training	30	5
Mar 19, 2026, 2:43:23 p.m.		Sarah Taylor	Team Training	30	8
Mar 19, 2026, 2:43:24 p.m.		Addison Weichers	Team Training	30	10
Mar 19, 2026, 2:43:32 p.m.		Addison Weichers	Strength Training	35	3
Mar 19, 2026, 2:43:41 p.m.		Saorla Miller	Strength Training	45	2
Mar 19, 2026, 2:43:52 p.m.		Kat Jordan	Team Training	40	7
Mar 19, 2026, 2:44:08 p.m.		Julia Benati	Strength Training	45	1
Mar 19, 2026, 2:44:20 p.m.		Tiffany Cameron	Team Training	50	8
Mar 19, 2026, 2:45:58 p.m.		Stella Downing	Team Training	60	7
Mar 19, 2026, 2:46:10 p.m.		Stella Downing	Strength Training	60	3
Mar 19, 2026, 2:46:49 p.m.		Cho So-Hyun	Strength Training	45	4
Mar 19, 2026, 2:47:40 p.m.		Synne Fredriksen Moe	Team Training	45	8
Mar 19, 2026, 2:47:43 p.m.		Synne Fredriksen Moe	Strength Training	50	6
Mar 19, 2026, 3:15:30 p.m.		Eva Fremaux	Strength Training	60	5
Mar 19, 2026, 3:30:15 p.m.		Annika Leslie	Strength Training	45	3
Mar 19, 2026, 3:31:04 p.m.		Anika Toth	Strength Training	75	6
Mar 19, 2026, 3:31:11 p.m.		Anika Toth	Team Training	25	3
Mar 19, 2026, 3:32:02 p.m.		Samantha St Croix	Strength Training	60	4
Mar 19, 2026, 3:48:17 p.m.		Kat Jordan	Strength Training	60	3
Mar 19, 2026, 3:49:47 p.m.		Sydney Kennedy	Strength Training	90	5
Mar 19, 2026, 5:01:52 p.m.		Naya Cardoza	Team Training	45	7
Mar 19, 2026, 5:01:57 p.m.		Naya Cardoza	Strength Training	50	4
Mar 19, 2026, 6:31:59 p.m.		Julianne Vallerand	Strength Training	120	6
Mar 19, 2026, 6:57:47 p.m.		Karima Lemire	Team Training	45	7
Mar 20, 2026, 1:48:43 p.m.		Samantha St Croix	Team Training	75	6
Mar 20, 2026, 1:49:13 p.m.		Naya Cardoza	Team Training	62	6
Mar 20, 2026, 1:49:22 p.m.		Tiffany Cameron	Team Training	60	7
Mar 20, 2026, 1:49:50 p.m.		Cho So-Hyun	Team Training	90	6
Mar 20, 2026, 1:51:19 p.m.		Saorla Miller	Team Training	90	6
Mar 20, 2026, 2:03:49 p.m.		Megumi Nakamura	Team Training	60	7
Mar 20, 2026, 2:04:23 p.m.		Rylee Foster	Team Training	80	7
Mar 20, 2026, 2:26:46 p.m.		Annika Leslie	Team Training	90	6
Mar 20, 2026, 2:53:54 p.m.		Jordyn Rhodes	Team Training	90	6
Mar 20, 2026, 2:54:03 p.m.		Jordyn Rhodes	Strength Training	45	3
Mar 20, 2026, 2:54:25 p.m.		Addison Weichers	Team Training	85	7
Mar 20, 2026, 2:54:42 p.m.		Addison Weichers	Strength Training	30	3
Mar 20, 2026, 2:58:09 p.m.		Eva Fremaux	Strength Training	60	6
Mar 20, 2026, 3:02:52 p.m.		Kat Jordan	Team Training	90	7
Mar 20, 2026, 3:02:59 p.m.		Kat Jordan	Strength Training	60	3
Mar 20, 2026, 3:09:13 p.m.		Sydney Kennedy	Strength Training	90	7
Mar 20, 2026, 3:11:20 p.m.		Sheyenne Allen	Team Training	90	5
Mar 20, 2026, 3:15:40 p.m.		Megumi Nakamura	Strength Training	60	3
Mar 20, 2026, 3:16:44 p.m.		Tiffany Cameron	Strength Training	40	3
Mar 20, 2026, 3:16:51 p.m.		Synne Fredriksen Moe	Team Training	90	9
Mar 20, 2026, 3:17:00 p.m.		Synne Fredriksen Moe	Strength Training	60	5
Mar 20, 2026, 3:22:16 p.m.		Stella Downing	Team Training	60	4
Mar 20, 2026, 3:22:26 p.m.		Stella Downing	Strength Training	60	2
Mar 20, 2026, 3:44:09 p.m.		Rylee Foster	Strength Training	60	3
Mar 20, 2026, 3:45:55 p.m.		Julia Benati	Team Training	90	8
Mar 20, 2026, 3:46:02 p.m.		Julia Benati	Strength Training	45	3
Mar 20, 2026, 4:03:28 p.m.		Anika Toth	Team Training	35	5
Mar 20, 2026, 4:03:33 p.m.		Anika Toth	Strength Training	60	5
Mar 20, 2026, 4:04:14 p.m.		Annika Leslie	Strength Training	45	4
Mar 20, 2026, 4:04:17 p.m.		Saorla Miller	Strength Training	60	3
Mar 20, 2026, 4:04:21 p.m.		Julianne Vallerand	Strength Training	150	5
Mar 20, 2026, 5:07:40 p.m.		Sarah Taylor	Team Training	75	9
Mar 20, 2026, 5:07:47 p.m.		Sarah Taylor	Strength Training	45	5
Mar 20, 2026, 5:14:22 p.m.		Cho So-Hyun	Strength Training	40	4
Mar 20, 2026, 6:30:17 p.m.		Samantha St Croix	Strength Training	45	5
Mar 20, 2026, 6:30:18 p.m.		Julie Pedersen	Strength Training	45	5
Mar 20, 2026, 6:30:50 p.m.		Julie Pedersen	Team Training	75	7
Mar 21, 2026, 12:00:00 a.m.		Tiffany Cameron	Recovery	10	0
Mar 21, 2026, 11:44:35 a.m.		Cho So-Hyun	Recovery	1	0
Mar 22, 2026, 1:15:21 p.m.		Cho So-Hyun	Recovery	1	0
Mar 22, 2026, 6:52:50 p.m.		Sarah Taylor	Recovery	60	1
Mar 22, 2026, 8:16:06 p.m.		Tiffany Cameron	Recovery	45	1
Mar 22, 2026, 9:36:18 p.m.		Sheyenne Allen	Recovery	40	1
Mar 23, 2026, 2:16:08 p.m.		Cho So-Hyun	Strength Training	50	3
Mar 23, 2026, 2:28:46 p.m.		Megumi Nakamura	Strength Training	60	3
Mar 23, 2026, 2:30:13 p.m.		Saorla Miller	Strength Training	60	4
Mar 23, 2026, 2:38:13 p.m.		Tiffany Cameron	Strength Training	70	3
Mar 23, 2026, 2:38:14 p.m.		Sydney Kennedy	Strength Training	60	4
Mar 23, 2026, 2:38:30 p.m.		Naya Cardoza	Strength Training	60	3
Mar 23, 2026, 3:22:40 p.m.		Rylee Foster	Strength Training	60	5
Mar 23, 2026, 3:25:14 p.m.		Eva Fremaux	Strength Training	45	3
Mar 23, 2026, 3:27:46 p.m.		Karima Lemire	Strength Training	60	4
Mar 23, 2026, 3:31:14 p.m.		Sheyenne Allen	Strength Training	47	3
Mar 23, 2026, 6:19:17 p.m.		Synne Fredriksen Moe	Team Training	120	6
Mar 23, 2026, 6:19:35 p.m.		Synne Fredriksen Moe	Strength Training	60	6
Mar 23, 2026, 6:23:40 p.m.		Cho So-Hyun	Team Training	130	6
Mar 23, 2026, 6:23:49 p.m.		Samantha St Croix	Team Training	135	6
Mar 23, 2026, 6:25:42 p.m.		Samantha St Croix	Strength Training	60	5
Mar 23, 2026, 6:26:50 p.m.		Rylee Foster	Team Training	120	7
Mar 23, 2026, 6:29:00 p.m.		Eva Fremaux	Team Training	60	1
Mar 23, 2026, 6:30:58 p.m.		Anika Toth	Team Training	90	6
Mar 23, 2026, 6:31:06 p.m.		Anika Toth	Strength Training	60	4
Mar 23, 2026, 6:32:42 p.m.		Kat Jordan	Team Training	120	5
Mar 23, 2026, 6:32:49 p.m.		Kat Jordan	Strength Training	60	6
Mar 23, 2026, 6:34:26 p.m.		Julie Pedersen	Strength Training	60	4
Mar 23, 2026, 6:34:35 p.m.		Julie Pedersen	Team Training	90	5
Mar 23, 2026, 6:37:05 p.m.		Julia Benati	Team Training	120	4
Mar 23, 2026, 6:37:12 p.m.		Julia Benati	Strength Training	60	2
Mar 23, 2026, 6:39:00 p.m.		Megumi Nakamura	Team Training	120	4
Mar 23, 2026, 6:41:32 p.m.		Addison Weichers	Team Training	120	6
Mar 23, 2026, 6:41:35 p.m.		Jordyn Rhodes	Team Training	120	4
Mar 23, 2026, 6:41:49 p.m.		Addison Weichers	Strength Training	75	4
Mar 23, 2026, 6:41:56 p.m.		Tiffany Cameron	Team Training	120	4
Mar 23, 2026, 6:41:57 p.m.		Annika Leslie	Team Training	120	6
Mar 23, 2026, 6:42:04 p.m.		Sheyenne Allen	Team Training	120	3
Mar 23, 2026, 6:42:19 p.m.		Jordyn Rhodes	Strength Training	45	4
Mar 23, 2026, 6:42:37 p.m.		Annika Leslie	Strength Training	60	4
Mar 23, 2026, 6:44:37 p.m.		Julianne Vallerand	Team Training	120	3
Mar 23, 2026, 6:44:43 p.m.		Julianne Vallerand	Strength Training	60	3
Mar 23, 2026, 6:45:21 p.m.		Stella Downing	Team Training	120	6
Mar 23, 2026, 6:45:32 p.m.		Stella Downing	Strength Training	60	3
Mar 23, 2026, 6:47:23 p.m.		Sarah Taylor	Team Training	120	6
Mar 23, 2026, 6:47:28 p.m.		Sarah Taylor	Strength Training	45	4
Mar 23, 2026, 6:53:38 p.m.		Naya Cardoza	Team Training	120	4
Mar 23, 2026, 6:54:17 p.m.		Sydney Kennedy	Team Training	120	6
Mar 23, 2026, 6:57:25 p.m.		Karima Lemire	Team Training	120	7
Mar 23, 2026, 6:57:48 p.m.		Saorla Miller	Team Training	120	3
Mar 24, 2026, 3:20:07 p.m.		Cho So-Hyun	Strength Training	40	2
Mar 24, 2026, 3:31:47 p.m.		Naya Cardoza	Strength Training	60	3
Mar 24, 2026, 3:34:48 p.m.		Tiffany Cameron	Strength Training	50	3
Mar 24, 2026, 5:47:44 p.m.		Synne Fredriksen Moe	Team Training	105	6
Mar 24, 2026, 5:48:05 p.m.		Synne Fredriksen Moe	Strength Training	60	6
Mar 24, 2026, 5:50:32 p.m.		Eva Fremaux	Team Training	60	6
Mar 24, 2026, 5:50:38 p.m.		Eva Fremaux	Strength Training	40	4
Mar 24, 2026, 5:50:40 p.m.		Samantha St Croix	Strength Training	60	3
Mar 24, 2026, 5:50:45 p.m.		Samantha St Croix	Team Training	120	5
Mar 24, 2026, 5:50:48 p.m.		Sarah Taylor	Team Training	90	7
Mar 24, 2026, 5:51:00 p.m.		Sarah Taylor	Strength Training	30	4
Mar 24, 2026, 5:52:03 p.m.		Sydney Kennedy	Strength Training	60	2
Mar 24, 2026, 5:52:11 p.m.		Sydney Kennedy	Team Training	90	5
Mar 24, 2026, 5:59:04 p.m.		Naya Cardoza	Team Training	100	5
Mar 24, 2026, 6:00:23 p.m.		Julia Benati	Team Training	90	4
Mar 24, 2026, 6:00:35 p.m.		Julia Benati	Strength Training	60	2
Mar 24, 2026, 6:00:35 p.m.		Saorla Miller	Strength Training	60	3
Mar 24, 2026, 6:00:45 p.m.		Saorla Miller	Team Training	120	3
Mar 24, 2026, 6:06:41 p.m.		Cho So-Hyun	Team Training	40	0
Mar 24, 2026, 6:13:00 p.m.		Rylee Foster	Strength Training	60	4
Mar 24, 2026, 6:13:06 p.m.		Rylee Foster	Team Training	105	6
Mar 24, 2026, 6:14:56 p.m.		Addison Weichers	Team Training	100	4
Mar 24, 2026, 6:15:05 p.m.		Addison Weichers	Strength Training	45	2
Mar 24, 2026, 6:15:54 p.m.		Julie Pedersen	Strength Training	45	4
Mar 24, 2026, 6:16:02 p.m.		Julie Pedersen	Team Training	100	7
Mar 24, 2026, 6:17:07 p.m.		Megumi Nakamura	Team Training	105	5
Mar 24, 2026, 6:17:18 p.m.		Megumi Nakamura	Strength Training	60	4
Mar 24, 2026, 6:23:19 p.m.		Kat Jordan	Team Training	120	6
Mar 24, 2026, 6:23:23 p.m.		Kat Jordan	Strength Training	60	5
Mar 24, 2026, 6:27:07 p.m.		Annika Leslie	Team Training	105	5
Mar 24, 2026, 6:27:35 p.m.		Anika Toth	Team Training	90	5
Mar 24, 2026, 6:27:42 p.m.		Anika Toth	Strength Training	45	3
Mar 24, 2026, 6:27:47 p.m.		Annika Leslie	Strength Training	45	3
Mar 24, 2026, 6:33:11 p.m.		Stella Downing	Team Training	120	6
Mar 24, 2026, 6:33:14 p.m.		Julianne Vallerand	Team Training	120	7
Mar 24, 2026, 6:33:16 p.m.		Stella Downing	Strength Training	60	4
Mar 24, 2026, 6:33:22 p.m.		Julianne Vallerand	Strength Training	60	3
Mar 24, 2026, 6:55:13 p.m.		Sheyenne Allen	Team Training	110	4
Mar 24, 2026, 6:55:55 p.m.		Sheyenne Allen	Recovery	45	4
Mar 24, 2026, 7:37:25 p.m.		Tiffany Cameron	Team Training	105	4
Mar 24, 2026, 7:40:50 p.m.		Karima Lemire	Team Training	90	6
Mar 24, 2026, 7:41:14 p.m.		Karima Lemire	Strength Training	60	4
Mar 24, 2026, 9:23:59 p.m.		Jordyn Rhodes	Strength Training	45	4
Mar 24, 2026, 9:24:09 p.m.		Jordyn Rhodes	Team Training	90	5
Mar 25, 2026, 5:57:10 p.m.		Synne Fredriksen Moe	Team Training	90	6
Mar 25, 2026, 6:00:14 p.m.		Kat Jordan	Team Training	120	4
Mar 25, 2026, 6:01:59 p.m.		Saorla Miller	Team Training	120	4
Mar 25, 2026, 6:10:01 p.m.		Cho So-Hyun	Team Training	110	4
Mar 25, 2026, 6:12:25 p.m.		Sarah Taylor	Team Training	90	6
Mar 25, 2026, 6:12:40 p.m.		Rylee Foster	Team Training	120	6
Mar 25, 2026, 6:12:44 p.m.		Eva Fremaux	Team Training	40	7
Mar 25, 2026, 6:15:22 p.m.		Megumi Nakamura	Team Training	120	4
Mar 25, 2026, 6:18:26 p.m.		Naya Cardoza	Team Training	90	4
Mar 25, 2026, 6:24:07 p.m.		Julianne Vallerand	Team Training	120	6
Mar 25, 2026, 6:28:52 p.m.		Julie Pedersen	Team Training	110	4
Mar 25, 2026, 6:29:06 p.m.		Sydney Kennedy	Team Training	120	4
Mar 25, 2026, 6:29:07 p.m.		Jordyn Rhodes	Team Training	105	6
Mar 25, 2026, 6:29:17 p.m.		Addison Weichers	Team Training	105	4
Mar 25, 2026, 6:30:23 p.m.		Samantha St Croix	Team Training	120	5
Mar 25, 2026, 6:32:44 p.m.		Tiffany Cameron	Team Training	105	3
Mar 25, 2026, 6:34:22 p.m.		Stella Downing	Team Training	105	5
Mar 25, 2026, 6:34:23 p.m.		Julia Benati	Team Training	105	5
Mar 25, 2026, 6:47:33 p.m.		Annika Leslie	Team Training	105	4
Mar 25, 2026, 6:48:29 p.m.		Sheyenne Allen	Team Training	110	3
Mar 25, 2026, 10:32:07 p.m.		Karima Lemire	Team Training	90	4
Mar 25, 2026, 11:51:34 p.m.		Anika Toth	Team Training	90	5
Mar 26, 2026, 1:35:18 p.m.		Cho So-Hyun	Strength Training	35	2
Mar 26, 2026, 1:39:25 p.m.		Saorla Miller	Strength Training	60	2
Mar 26, 2026, 1:40:33 p.m.		Annika Leslie	Strength Training	45	4
Mar 26, 2026, 1:47:14 p.m.		Naya Cardoza	Strength Training	45	2
Mar 26, 2026, 1:52:52 p.m.		Tiffany Cameron	Strength Training	45	2
Mar 26, 2026, 2:07:11 p.m.		Julia Benati	Strength Training	45	1
Mar 26, 2026, 2:07:30 p.m.		Megumi Nakamura	Team Training	120	2
Mar 26, 2026, 2:07:33 p.m.		Megumi Nakamura	Strength Training	60	2
Mar 26, 2026, 2:13:27 p.m.		Julie Pedersen	Strength Training	40	3
Mar 26, 2026, 5:32:30 p.m.		Sarah Taylor	Team Training	60	2
Mar 26, 2026, 5:32:45 p.m.		Sarah Taylor	Strength Training	30	2
Mar 26, 2026, 5:34:39 p.m.		Julianne Vallerand	Team Training	90	3
Mar 26, 2026, 5:34:45 p.m.		Julianne Vallerand	Strength Training	60	2
Mar 26, 2026, 5:35:36 p.m.		Naya Cardoza	Team Training	90	4
Mar 26, 2026, 5:36:00 p.m.		Anika Toth	Team Training	90	5
Mar 26, 2026, 5:36:08 p.m.		Anika Toth	Strength Training	45	3
Mar 26, 2026, 5:42:07 p.m.		Cho So-Hyun	Team Training	90	3
Mar 26, 2026, 5:43:57 p.m.		Saorla Miller	Team Training	90	3
Mar 26, 2026, 5:44:44 p.m.		Sydney Kennedy	Team Training	90	4
Mar 26, 2026, 5:44:59 p.m.		Sydney Kennedy	Strength Training	45	2
Mar 26, 2026, 5:53:38 p.m.		Stella Downing	Team Training	105	5
Mar 26, 2026, 5:54:20 p.m.		Julia Benati	Team Training	105	2
Mar 26, 2026, 5:54:20 p.m.		Stella Downing	Strength Training	60	0
Mar 26, 2026, 5:57:13 p.m.		Addison Weichers	Team Training	105	3
Mar 26, 2026, 5:57:20 p.m.		Addison Weichers	Strength Training	30	2
Mar 26, 2026, 6:00:23 p.m.		Sheyenne Allen	Team Training	90	2
Mar 26, 2026, 6:00:47 p.m.		Sheyenne Allen	Strength Training	45	1
Mar 26, 2026, 6:06:11 p.m.		Synne Fredriksen Moe	Team Training	75	3
Mar 26, 2026, 6:06:31 p.m.		Rylee Foster	Strength Training	45	2
Mar 26, 2026, 6:06:37 p.m.		Rylee Foster	Team Training	90	4
Mar 26, 2026, 6:07:51 p.m.		Eva Fremaux	Strength Training	60	5
Mar 26, 2026, 6:08:01 p.m.		Eva Fremaux	Team Training	40	3
Mar 26, 2026, 6:10:22 p.m.		Kat Jordan	Team Training	90	3
Mar 26, 2026, 6:10:28 p.m.		Kat Jordan	Strength Training	60	4
Mar 26, 2026, 6:10:39 p.m.		Julie Pedersen	Team Training	90	3
Mar 26, 2026, 6:24:38 p.m.		Tiffany Cameron	Team Training	90	3
Mar 26, 2026, 6:56:20 p.m.		Jordyn Rhodes	Strength Training	45	2
Mar 26, 2026, 6:56:27 p.m.		Jordyn Rhodes	Team Training	90	3
Mar 26, 2026, 8:07:19 p.m.		Karima Lemire	Team Training	90	3
Mar 26, 2026, 8:07:32 p.m.		Karima Lemire	Strength Training	60	3
Mar 26, 2026, 9:07:57 p.m.		Samantha St Croix	Strength Training	45	3
Mar 26, 2026, 9:08:17 p.m.		Samantha St Croix	Team Training	90	4
Mar 26, 2026, 9:08:28 p.m.		Annika Leslie	Team Training	90	3
Mar 26, 2026, 9:10:21 p.m.		Synne Fredriksen Moe	Strength Training	60	3
Mar 27, 2026, 12:00:00 a.m.		Sheyenne Allen	Game / Competition	59	8
Mar 27, 2026, 12:00:00 a.m.		Tiffany Cameron	Team Training	45	2
Mar 27, 2026, 12:00:00 a.m.		Megumi Nakamura	Team Training	60	2
Mar 27, 2026, 12:00:00 a.m.		Sarah Taylor	Team Training	60	3
Mar 27, 2026, 12:00:00 a.m.		Karima Lemire	Team Training	60	2
Mar 27, 2026, 12:00:00 a.m.		Synne Fredriksen Moe	Game / Competition	55	7
Mar 27, 2026, 8:01:32 p.m.		Samantha St Croix	Game / Competition	120	4
Mar 27, 2026, 8:01:34 p.m.		Addison Weichers	Team Training	60	2
Mar 27, 2026, 8:01:50 p.m.		Naya Cardoza	Game / Competition	45	4
Mar 27, 2026, 8:02:03 p.m.		Synne Fredriksen Moe	Team Training	45	2
Mar 27, 2026, 8:02:08 p.m.		Megumi Nakamura	Game / Competition	45	7
Mar 27, 2026, 8:02:13 p.m.		Sarah Taylor	Game / Competition	45	7
Mar 27, 2026, 8:02:28 p.m.		Karima Lemire	Game / Competition	45	7
Mar 27, 2026, 8:02:47 p.m.		Julie Pedersen	Game / Competition	45	7
Mar 27, 2026, 8:03:00 p.m.		Addison Weichers	Game / Competition	70	7
Mar 27, 2026, 8:03:19 p.m.		Naya Cardoza	Team Training	60	3
Mar 27, 2026, 8:06:20 p.m.		Julia Benati	Team Training	180	8
Mar 27, 2026, 8:06:26 p.m.		Jordyn Rhodes	Team Training	60	2
Mar 27, 2026, 8:08:27 p.m.		Kat Jordan	Game / Competition	120	9
Mar 27, 2026, 8:09:11 p.m.		Saorla Miller	Team Training	60	2
Mar 27, 2026, 8:12:21 p.m.		Rylee Foster	Team Training	60	4
Mar 27, 2026, 8:15:47 p.m.		Julianne Vallerand	Game / Competition	45	5
Mar 27, 2026, 8:23:02 p.m.		Tiffany Cameron	Game / Competition	60	6
Mar 27, 2026, 8:57:25 p.m.		Cho So-Hyun	Team Training	80	6
Mar 27, 2026, 9:47:30 p.m.		Annika Leslie	Team Training	60	3
Mar 27, 2026, 9:59:54 p.m.		Sheyenne Allen	Team Training	120	4
Mar 27, 2026, 10:31:05 p.m.		Anika Toth	Team Training	60	3
Mar 27, 2026, 11:28:48 p.m.		Stella Downing	Game / Competition	45	6
Mar 27, 2026, 11:28:51 p.m.		Eva Fremaux	Team Training	40	3
Mar 27, 2026, 11:29:04 p.m.		Rylee Foster	Game / Competition	45	5
Mar 27, 2026, 11:29:06 p.m.		Kat Jordan	Team Training	60	2
Mar 27, 2026, 11:29:13 p.m.		Stella Downing	Team Training	60	3
Mar 27, 2026, 11:29:26 p.m.		Jordyn Rhodes	Game / Competition	120	8
Mar 27, 2026, 11:29:42 p.m.		Sydney Kennedy	Team Training	60	2
Mar 27, 2026, 11:29:54 p.m.		Sydney Kennedy	Game / Competition	10	2
Mar 27, 2026, 11:29:55 p.m.		Julie Pedersen	Team Training	40	3
Mar 27, 2026, 11:49:15 p.m.		Saorla Miller	Game / Competition	45	8
Mar 27, 2026, 11:49:25 p.m.		Annika Leslie	Game / Competition	45	8
Mar 27, 2026, 11:49:40 p.m.		Julianne Vallerand	Team Training	60	2
Mar 27, 2026, 11:59:01 p.m.		Samantha St Croix	Team Training	60	1
Mar 28, 2026, 12:00:00 a.m.		Addison Weichers	Recovery	45	1
Mar 28, 2026, 12:00:00 a.m.		Eva Fremaux	Recovery	30	2
Mar 28, 2026, 1:16:44 p.m.		Cho So-Hyun	Recovery	1	0
Mar 28, 2026, 3:28:38 p.m.		Julianne Vallerand	Recovery	45	2
Mar 28, 2026, 4:02:27 p.m.		Jordyn Rhodes	Recovery	45	1
Mar 28, 2026, 4:02:50 p.m.		Sydney Kennedy	Recovery	45	1
Mar 28, 2026, 4:08:29 p.m.		Anika Toth	Recovery	45	2
Mar 28, 2026, 4:10:28 p.m.		Tiffany Cameron	Recovery	45	1
Mar 28, 2026, 4:13:54 p.m.		Saorla Miller	Recovery	45	1
Mar 28, 2026, 4:14:26 p.m.		Stella Downing	Recovery	30	3
Mar 28, 2026, 4:14:27 p.m.		Julia Benati	Recovery	30	3
Mar 28, 2026, 4:22:56 p.m.		Julie Pedersen	Recovery	30	1
Mar 28, 2026, 4:22:58 p.m.		Samantha St Croix	Recovery	45	1
Mar 28, 2026, 4:30:10 p.m.		Synne Fredriksen Moe	Recovery	30	2
Mar 28, 2026, 7:12:38 p.m.		Sarah Taylor	Recovery	60	2
Mar 28, 2026, 7:25:29 p.m.		Megumi Nakamura	Recovery	60	0
Mar 28, 2026, 11:05:30 p.m.		Annika Leslie	Recovery	60	2
Mar 28, 2026, 11:32:40 p.m.		Sheyenne Allen	Recovery	30	1
Mar 29, 2026, 6:21:47 a.m.		Cho So-Hyun	Recovery	1	0
Mar 29, 2026, 9:38:06 p.m.		Sarah Taylor	Recovery	30	0
Mar 29, 2026, 11:41:05 p.m.		Sheyenne Allen	Recovery	20	1
Mar 30, 2026, 7:23:21 a.m.		Cho So-Hyun	Recovery	1	1
Mar 30, 2026, 9:56:24 p.m.		Sarah Taylor	Recovery	30	1
Mar 30, 2026, 11:04:53 p.m.		Tiffany Cameron	Recovery	30	0
Mar 31, 2026, 1:47:09 p.m.		Jordyn Rhodes	Team Training	90	2
Mar 31, 2026, 1:47:37 p.m.		Karima Lemire	Team Training	90	3
Mar 31, 2026, 1:47:49 p.m.		Julianne Vallerand	Team Training	90	2
Mar 31, 2026, 1:48:23 p.m.		Sarah Taylor	Team Training	60	2
Mar 31, 2026, 1:51:54 p.m.		Julia Benati	Team Training	60	1
Mar 31, 2026, 1:52:35 p.m.		Stella Downing	Team Training	60	2
Mar 31, 2026, 1:53:20 p.m.		Eva Fremaux	Team Training	60	3
Mar 31, 2026, 1:53:21 p.m.		Julie Pedersen	Team Training	90	2
Mar 31, 2026, 1:53:34 p.m.		Samantha St Croix	Team Training	90	4
Mar 31, 2026, 1:53:52 p.m.		Synne Fredriksen Moe	Team Training	90	3
Mar 31, 2026, 1:54:57 p.m.		Rylee Foster	Team Training	75	3
Mar 31, 2026, 1:56:39 p.m.		Saorla Miller	Team Training	90	2
Mar 31, 2026, 1:59:58 p.m.		Anika Toth	Team Training	90	4
Mar 31, 2026, 1:59:58 p.m.		Megumi Nakamura	Team Training	60	2
Mar 31, 2026, 2:03:21 p.m.		Annika Leslie	Team Training	60	3
Mar 31, 2026, 2:03:33 p.m.		Cho So-Hyun	Team Training	70	2
Mar 31, 2026, 2:08:37 p.m.		Sydney Kennedy	Team Training	75	3
Mar 31, 2026, 2:10:09 p.m.		Kat Jordan	Team Training	90	2
Mar 31, 2026, 2:23:12 p.m.		Addison Weichers	Team Training	60	3
Mar 31, 2026, 2:26:56 p.m.		Naya Cardoza	Team Training	60	2
Mar 31, 2026, 2:27:49 p.m.		Tiffany Cameron	Team Training	60	2
Mar 31, 2026, 2:52:18 p.m.		Sheyenne Allen	Team Training	60	1
Apr 1, 2026, 2:01:55 p.m.		Karima Lemire	Team Training	120	6
Apr 1, 2026, 2:09:07 p.m.		Eva Fremaux	Team Training	60	5
Apr 1, 2026, 2:11:39 p.m.		Saorla Miller	Team Training	120	3
Apr 1, 2026, 2:17:53 p.m.		Samantha St Croix	Team Training	120	5
Apr 1, 2026, 2:20:23 p.m.		Julia Benati	Team Training	120	4
Apr 1, 2026, 2:20:36 p.m.		Cho So-Hyun	Team Training	120	7
Apr 1, 2026, 2:24:08 p.m.		Tiffany Cameron	Team Training	120	5
Apr 1, 2026, 2:50:20 p.m.		Julie Pedersen	Team Training	110	7
Apr 1, 2026, 2:50:51 p.m.		Julie Pedersen	Strength Training	30	6
Apr 1, 2026, 2:51:23 p.m.		Sydney Kennedy	Strength Training	45	4
Apr 1, 2026, 2:51:37 p.m.		Sydney Kennedy	Team Training	120	6
Apr 1, 2026, 2:54:46 p.m.		Jordyn Rhodes	Team Training	120	4
Apr 1, 2026, 2:55:03 p.m.		Julianne Vallerand	Team Training	120	4
Apr 1, 2026, 2:55:07 p.m.		Annika Leslie	Team Training	120	4
Apr 1, 2026, 2:55:10 p.m.		Megumi Nakamura	Team Training	120	4
Apr 1, 2026, 2:55:10 p.m.		Julianne Vallerand	Strength Training	60	3
Apr 1, 2026, 2:55:19 p.m.		Megumi Nakamura	Strength Training	60	2
Apr 1, 2026, 2:55:20 p.m.		Annika Leslie	Strength Training	45	3
Apr 1, 2026, 2:55:25 p.m.		Anika Toth	Team Training	120	4
Apr 1, 2026, 2:55:30 p.m.		Julia Benati	Strength Training	45	3
Apr 1, 2026, 2:55:31 p.m.		Anika Toth	Strength Training	30	3
Apr 1, 2026, 2:55:32 p.m.		Jordyn Rhodes	Strength Training	45	4
Apr 1, 2026, 2:57:13 p.m.		Samantha St Croix	Strength Training	30	2
Apr 1, 2026, 2:57:56 p.m.		Tiffany Cameron	Strength Training	40	3
Apr 1, 2026, 2:58:14 p.m.		Synne Fredriksen Moe	Team Training	120	6
Apr 1, 2026, 2:58:19 p.m.		Synne Fredriksen Moe	Strength Training	45	4
Apr 1, 2026, 2:58:36 p.m.		Cho So-Hyun	Strength Training	40	3
Apr 1, 2026, 3:00:18 p.m.		Kat Jordan	Team Training	120	5
Apr 1, 2026, 3:00:26 p.m.		Kat Jordan	Strength Training	60	5
Apr 1, 2026, 3:04:15 p.m.		Sarah Taylor	Team Training	120	4
Apr 1, 2026, 3:04:24 p.m.		Sarah Taylor	Strength Training	30	4
Apr 1, 2026, 3:05:04 p.m.		Saorla Miller	Strength Training	60	3
Apr 1, 2026, 3:17:36 p.m.		Karima Lemire	Strength Training	60	4
Apr 1, 2026, 3:17:39 p.m.		Rylee Foster	Team Training	120	4
Apr 1, 2026, 3:17:41 p.m.		Eva Fremaux	Strength Training	40	6
Apr 1, 2026, 3:17:45 p.m.		Rylee Foster	Strength Training	45	3
Apr 1, 2026, 3:18:43 p.m.		Stella Downing	Team Training	120	4
Apr 1, 2026, 3:19:00 p.m.		Stella Downing	Strength Training	60	4
Apr 1, 2026, 3:44:27 p.m.		Naya Cardoza	Team Training	90	4
Apr 1, 2026, 3:44:41 p.m.		Naya Cardoza	Strength Training	45	3
Apr 1, 2026, 4:06:55 p.m.		Sheyenne Allen	Team Training	120	4
Apr 1, 2026, 4:07:14 p.m.		Sheyenne Allen	Strength Training	30	3
Apr 1, 2026, 4:08:23 p.m.		Addison Weichers	Team Training	90	4
Apr 1, 2026, 4:08:32 p.m.		Addison Weichers	Strength Training	45	4
Apr 2, 2026, 10:56:10 a.m.		Rylee Foster	Team Training	105	3
Apr 2, 2026, 10:58:48 a.m.		Saorla Miller	Team Training	120	3
Apr 2, 2026, 10:59:09 a.m.		Annika Leslie	Team Training	120	3
Apr 2, 2026, 11:01:17 a.m.		Tiffany Cameron	Team Training	120	3
Apr 2, 2026, 11:01:36 a.m.		Julia Benati	Team Training	120	4
Apr 2, 2026, 11:02:08 a.m.		Cho So-Hyun	Team Training	120	6
Apr 2, 2026, 11:31:43 a.m.		Synne Fredriksen Moe	Team Training	90	4
Apr 2, 2026, 11:31:55 a.m.		Synne Fredriksen Moe	Strength Training	45	4
Apr 2, 2026, 11:33:02 a.m.		Sydney Kennedy	Team Training	120	4
Apr 2, 2026, 11:33:13 a.m.		Sydney Kennedy	Strength Training	45	3
Apr 2, 2026, 11:33:25 a.m.		Cho So-Hyun	Strength Training	30	3
Apr 2, 2026, 11:34:42 a.m.		Kat Jordan	Team Training	120	4
Apr 2, 2026, 11:34:46 a.m.		Kat Jordan	Strength Training	60	3
Apr 2, 2026, 11:36:34 a.m.		Annika Leslie	Strength Training	45	3
Apr 2, 2026, 11:36:54 a.m.		Julie Pedersen	Team Training	105	4
Apr 2, 2026, 11:36:59 a.m.		Megumi Nakamura	Team Training	105	3
Apr 2, 2026, 11:37:11 a.m.		Julia Benati	Strength Training	45	3
Apr 2, 2026, 11:37:16 a.m.		Julie Pedersen	Strength Training	40	3
Apr 2, 2026, 11:37:31 a.m.		Megumi Nakamura	Strength Training	40	2
Apr 2, 2026, 11:37:55 a.m.		Anika Toth	Team Training	60	4
Apr 2, 2026, 11:38:09 a.m.		Anika Toth	Strength Training	30	3
Apr 2, 2026, 11:38:13 a.m.		Sarah Taylor	Team Training	120	3
Apr 2, 2026, 11:38:23 a.m.		Sarah Taylor	Strength Training	30	3
Apr 2, 2026, 11:39:28 a.m.		Jordyn Rhodes	Team Training	120	3
Apr 2, 2026, 11:39:34 a.m.		Jordyn Rhodes	Strength Training	45	3
Apr 2, 2026, 11:39:43 a.m.		Tiffany Cameron	Strength Training	40	3
Apr 2, 2026, 11:40:11 a.m.		Samantha St Croix	Team Training	90	3
Apr 2, 2026, 11:40:21 a.m.		Samantha St Croix	Strength Training	60	3
Apr 2, 2026, 11:40:44 a.m.		Eva Fremaux	Team Training	60	7
Apr 2, 2026, 11:40:53 a.m.		Rylee Foster	Strength Training	45	2
Apr 2, 2026, 11:40:56 a.m.		Eva Fremaux	Strength Training	60	5
Apr 2, 2026, 11:41:53 a.m.		Julianne Vallerand	Team Training	120	5
Apr 2, 2026, 11:42:01 a.m.		Julianne Vallerand	Strength Training	60	2
Apr 2, 2026, 11:48:09 a.m.		Karima Lemire	Team Training	90	3
Apr 2, 2026, 11:48:18 a.m.		Karima Lemire	Strength Training	60	4
Apr 2, 2026, 11:54:11 a.m.		Stella Downing	Team Training	90	3
Apr 2, 2026, 11:54:18 a.m.		Stella Downing	Strength Training	60	2
Apr 2, 2026, 12:25:41 p.m.		Naya Cardoza	Team Training	90	4
Apr 2, 2026, 12:25:58 p.m.		Naya Cardoza	Strength Training	45	3
Apr 2, 2026, 1:15:56 p.m.		Addison Weichers	Team Training	120	3
Apr 2, 2026, 1:16:05 p.m.		Addison Weichers	Strength Training	30	3
Apr 2, 2026, 1:16:35 p.m.		Saorla Miller	Strength Training	30	2
Apr 2, 2026, 1:58:58 p.m.		Sheyenne Allen	Team Training	120	4
Apr 2, 2026, 1:59:08 p.m.		Sheyenne Allen	Strength Training	45	3
Apr 3, 2026, 10:02:16 a.m.		Tiffany Cameron	Team Training	1	0
Apr 3, 2026, 10:28:14 a.m.		Julie Pedersen	Team Training	100	3
Apr 3, 2026, 10:32:32 a.m.		Julia Benati	Team Training	90	1
Apr 3, 2026, 10:37:07 a.m.		Karima Lemire	Team Training	90	3
Apr 3, 2026, 10:38:52 a.m.		Cho So-Hyun	Team Training	105	4
Apr 3, 2026, 10:44:47 a.m.		Julianne Vallerand	Team Training	120	3
Apr 3, 2026, 10:44:47 a.m.		Synne Fredriksen Moe	Team Training	105	3
Apr 3, 2026, 10:45:13 a.m.		Stella Downing	Team Training	120	2
Apr 3, 2026, 10:45:21 a.m.		Saorla Miller	Team Training	120	3
Apr 3, 2026, 10:45:28 a.m.		Stella Downing	Strength Training	15	1
Apr 3, 2026, 10:45:55 a.m.		Anika Toth	Team Training	105	4
Apr 3, 2026, 10:52:41 a.m.		Kat Jordan	Team Training	120	4
Apr 3, 2026, 10:52:51 a.m.		Jordyn Rhodes	Team Training	120	4
Apr 3, 2026, 10:55:14 a.m.		Megumi Nakamura	Team Training	120	2
Apr 3, 2026, 10:55:22 a.m.		Samantha St Croix	Team Training	90	3
Apr 3, 2026, 10:55:31 a.m.		Annika Leslie	Team Training	105	3
Apr 3, 2026, 10:55:48 a.m.		Eva Fremaux	Team Training	90	8
Apr 3, 2026, 10:58:00 a.m.		Sarah Taylor	Team Training	120	3
Apr 3, 2026, 11:20:34 a.m.		Addison Weichers	Team Training	120	2
Apr 3, 2026, 12:08:58 p.m.		Sydney Kennedy	Team Training	60	2
Apr 3, 2026, 12:09:05 p.m.		Sydney Kennedy	Strength Training	20	2
Apr 3, 2026, 12:30:18 p.m.		Sheyenne Allen	Team Training	120	2
Apr 3, 2026, 12:30:21 p.m.		Naya Cardoza	Team Training	120	3
Apr 4, 2026, 12:00:00 p.m.	Match VS West Ham	Sarah Taylor	Game / Competition	160	5
Apr 4, 2026, 12:00:00 p.m.	Match VS West Ham	Saorla Miller	Game / Competition	75	7
Apr 4, 2026, 12:00:00 p.m.	Match VS West Ham	Anika Toth	Game / Competition	120	6
Apr 4, 2026, 12:00:00 p.m.	Match VS West Ham	Kat Jordan	Game / Competition	160	7
Apr 4, 2026, 12:00:00 p.m.	Match VS West Ham	Naya Cardoza	Game / Competition	160	5
Apr 4, 2026, 1:39:55 p.m.		Julianne Vallerand	Game / Competition	90	7
Apr 4, 2026, 1:39:59 p.m.		Jordyn Rhodes	Game / Competition	30	5
Apr 4, 2026, 1:40:22 p.m.		Cho So-Hyun	Team Training	125	9
Apr 4, 2026, 1:40:56 p.m.		Megumi Nakamura	Team Training	35	2
Apr 4, 2026, 1:41:08 p.m.		Megumi Nakamura	Game / Competition	60	8
Apr 4, 2026, 1:44:23 p.m.		Kat Jordan	Game / Competition	180	7
Apr 4, 2026, 1:57:21 p.m.		Tiffany Cameron	Game / Competition	15	5
Apr 4, 2026, 1:58:11 p.m.		Rylee Foster	Game / Competition	35	4
Apr 4, 2026, 1:58:12 p.m.		Synne Fredriksen Moe	Game / Competition	45	7
Apr 4, 2026, 1:59:28 p.m.		Julie Pedersen	Game / Competition	35	5
Apr 4, 2026, 2:00:21 p.m.		Sarah Taylor	Game / Competition	30	5
Apr 4, 2026, 2:14:10 p.m.		Eva Fremaux	Team Training	60	0
Apr 4, 2026, 2:14:11 p.m.		Karima Lemire	Game / Competition	45	9
Apr 4, 2026, 2:22:37 p.m.		Stella Downing	Game / Competition	30	4
Apr 4, 2026, 2:23:02 p.m.		Julia Benati	Team Training	60	6
Apr 4, 2026, 2:33:19 p.m.		Annika Leslie	Game / Competition	30	1
Apr 4, 2026, 2:59:45 p.m.		Sydney Kennedy	Game / Competition	15	4
Apr 4, 2026, 4:29:50 p.m.		Addison Weichers	Game / Competition	105	7
Apr 4, 2026, 5:16:45 p.m.		Sheyenne Allen	Game / Competition	105	7
Apr 5, 2026, 9:12:52 a.m.		Cho So-Hyun	Recovery	1	0
Apr 5, 2026, 12:02:02 p.m.		Eva Fremaux	Team Training	45	6
Apr 5, 2026, 12:13:30 p.m.		Tiffany Cameron	Recovery	30	1
Apr 6, 2026, 2:37:10 p.m.		Saorla Miller	Team Training	120	3
Apr 6, 2026, 2:41:49 p.m.		Cho So-Hyun	Team Training	90	3
Apr 6, 2026, 3:01:19 p.m.		Rylee Foster	Team Training	90	3
Apr 6, 2026, 3:01:27 p.m.		Rylee Foster	Strength Training	30	2
Apr 6, 2026, 3:03:33 p.m.		Saorla Miller	Strength Training	30	2
Apr 6, 2026, 3:14:37 p.m.		Kat Jordan	Team Training	120	4
Apr 6, 2026, 3:14:45 p.m.		Kat Jordan	Strength Training	30	2
Apr 6, 2026, 3:17:25 p.m.		Cho So-Hyun	Strength Training	20	1
Apr 6, 2026, 3:18:06 p.m.		Samantha St Croix	Team Training	90	4
Apr 6, 2026, 3:18:22 p.m.		Samantha St Croix	Strength Training	30	2
Apr 6, 2026, 3:21:07 p.m.		Megumi Nakamura	Team Training	120	3
Apr 6, 2026, 3:21:22 p.m.		Julie Pedersen	Strength Training	25	3
Apr 6, 2026, 3:21:36 p.m.		Julie Pedersen	Team Training	90	4
Apr 6, 2026, 3:32:22 p.m.		Julianne Vallerand	Team Training	120	3
Apr 6, 2026, 3:32:23 p.m.		Annika Leslie	Team Training	120	3
Apr 6, 2026, 3:32:38 p.m.		Julianne Vallerand	Strength Training	40	2
Apr 6, 2026, 3:32:55 p.m.		Annika Leslie	Strength Training	30	2
Apr 6, 2026, 3:37:41 p.m.		Julia Benati	Team Training	90	1
Apr 6, 2026, 3:37:49 p.m.		Julia Benati	Strength Training	30	1
Apr 6, 2026, 3:41:53 p.m.		Eva Fremaux	Team Training	60	9
Apr 6, 2026, 3:42:03 p.m.		Eva Fremaux	Strength Training	60	4
Apr 6, 2026, 3:51:22 p.m.		Synne Fredriksen Moe	Team Training	105	4
Apr 6, 2026, 3:51:26 p.m.		Addison Weichers	Team Training	105	4
Apr 6, 2026, 3:51:30 p.m.		Synne Fredriksen Moe	Strength Training	30	6
Apr 6, 2026, 3:51:58 p.m.		Sydney Kennedy	Team Training	90	4
Apr 6, 2026, 3:52:30 p.m.		Tiffany Cameron	Team Training	120	3
Apr 6, 2026, 3:52:40 p.m.		Tiffany Cameron	Strength Training	30	2
Apr 6, 2026, 3:53:10 p.m.		Naya Cardoza	Team Training	90	3
Apr 6, 2026, 3:53:20 p.m.		Naya Cardoza	Strength Training	30	2
Apr 6, 2026, 4:00:53 p.m.		Karima Lemire	Team Training	90	3
Apr 6, 2026, 4:01:04 p.m.		Karima Lemire	Strength Training	60	2
Apr 6, 2026, 4:02:42 p.m.		Sheyenne Allen	Team Training	120	3
Apr 6, 2026, 4:02:50 p.m.		Sheyenne Allen	Strength Training	30	2
Apr 6, 2026, 4:06:04 p.m.		Jordyn Rhodes	Team Training	90	3
Apr 6, 2026, 4:06:13 p.m.		Jordyn Rhodes	Strength Training	30	3
Apr 6, 2026, 5:52:09 p.m.		Stella Downing	Team Training	60	4
Apr 6, 2026, 5:52:13 p.m.		Stella Downing	Strength Training	30	2
Apr 6, 2026, 8:19:11 p.m.		Sarah Taylor	Recovery	720	1
Apr 7, 2026, 2:56:11 p.m.		Julie Pedersen	Strength Training	15	2
Apr 7, 2026, 2:56:27 p.m.		Julie Pedersen	Team Training	100	3
Apr 7, 2026, 3:02:27 p.m.		Rylee Foster	Team Training	105	3
Apr 7, 2026, 3:02:41 p.m.		Rylee Foster	Strength Training	30	1
Apr 7, 2026, 3:06:25 p.m.		Julianne Vallerand	Team Training	120	3
Apr 7, 2026, 3:06:27 p.m.		Saorla Miller	Strength Training	30	1
Apr 7, 2026, 3:06:32 p.m.		Sydney Kennedy	Team Training	120	2
Apr 7, 2026, 3:06:33 p.m.		Julianne Vallerand	Strength Training	30	1
Apr 7, 2026, 3:06:38 p.m.		Sydney Kennedy	Strength Training	30	1
Apr 7, 2026, 3:06:48 p.m.		Saorla Miller	Team Training	120	2
Apr 7, 2026, 3:07:01 p.m.		Jordyn Rhodes	Team Training	120	2
Apr 7, 2026, 3:07:43 p.m.		Jordyn Rhodes	Strength Training	30	1
Apr 7, 2026, 3:08:11 p.m.		Stella Downing	Team Training	120	4
Apr 7, 2026, 3:08:16 p.m.		Stella Downing	Strength Training	30	2
Apr 7, 2026, 3:08:40 p.m.		Sarah Taylor	Team Training	120	3
Apr 7, 2026, 3:08:47 p.m.		Sarah Taylor	Strength Training	30	2
Apr 7, 2026, 3:08:53 p.m.		Cho So-Hyun	Team Training	120	2
Apr 7, 2026, 3:08:59 p.m.		Tiffany Cameron	Team Training	120	3
Apr 7, 2026, 3:09:16 p.m.		Cho So-Hyun	Strength Training	35	1
Apr 7, 2026, 3:09:25 p.m.		Tiffany Cameron	Strength Training	30	2
Apr 7, 2026, 3:10:14 p.m.		Megumi Nakamura	Team Training	120	3
Apr 7, 2026, 3:10:34 p.m.		Eva Fremaux	Team Training	60	9
Apr 7, 2026, 3:10:56 p.m.		Eva Fremaux	Strength Training	30	3
Apr 7, 2026, 3:51:26 p.m.		Kat Jordan	Team Training	120	3
Apr 7, 2026, 3:51:33 p.m.		Kat Jordan	Strength Training	60	2
Apr 7, 2026, 3:55:43 p.m.		Sheyenne Allen	Team Training	90	2
Apr 7, 2026, 3:56:14 p.m.		Sheyenne Allen	Strength Training	30	1
Apr 7, 2026, 4:06:54 p.m.		Addison Weichers	Team Training	105	3
Apr 7, 2026, 4:07:20 p.m.		Annika Leslie	Team Training	120	3
Apr 7, 2026, 4:07:25 p.m.		Karima Lemire	Team Training	120	3
Apr 7, 2026, 4:07:26 p.m.		Annika Leslie	Strength Training	30	1
Apr 7, 2026, 4:09:49 p.m.		Karima Lemire	Strength Training	30	2
Apr 7, 2026, 4:10:56 p.m.		Synne Fredriksen Moe	Team Training	120	3
Apr 7, 2026, 4:11:01 p.m.		Samantha St Croix	Strength Training	45	2
Apr 7, 2026, 4:11:01 p.m.		Synne Fredriksen Moe	Strength Training	20	2
Apr 7, 2026, 4:11:07 p.m.		Samantha St Croix	Team Training	90	4
Apr 7, 2026, 4:12:06 p.m.		Naya Cardoza	Team Training	90	3
Apr 7, 2026, 4:12:12 p.m.		Naya Cardoza	Strength Training	30	2
Apr 7, 2026, 4:12:14 p.m.		Julia Benati	Team Training	120	3
Apr 7, 2026, 4:12:27 p.m.		Julia Benati	Strength Training	25	1
Apr 7, 2026, 7:52:02 p.m.		Megumi Nakamura	Strength Training	60	2
Apr 8, 2026, 1:00:00 p.m.	Match VS Everton	Megumi Nakamura	Team Training	160	2
Apr 8, 2026, 1:00:00 p.m.	Match VS Everton	Annika Leslie	Game / Competition	160	9
Apr 8, 2026, 1:00:00 p.m.	Match VS Everton	Jordyn Rhodes	Game / Competition	160	7
Apr 8, 2026, 1:00:00 p.m.	Match VS Everton	Kat Jordan	Game / Competition	160	3
Apr 8, 2026, 1:00:00 p.m.	Match VS Everton	Sheyenne Allen	Team Training	160	6
Apr 8, 2026, 1:00:00 p.m.	Match VS Everton	Saorla Miller	Game / Competition	50	7
Apr 8, 2026, 1:00:00 p.m.	Match VS Everton	Addison Weichers	Game / Competition	160	6
Apr 8, 2026, 1:00:00 p.m.	Match VS Everton	Sydney Kennedy	Game / Competition	30	5
Apr 8, 2026, 1:00:00 p.m.	Match VS Everton	Naya Cardoza	Game / Competition	160	4
Apr 8, 2026, 1:00:00 p.m.	Match VS Everton	Julia Benati	Game / Competition	160	6
Apr 8, 2026, 2:02:59 p.m.		Synne Fredriksen Moe	Game / Competition	45	7
Apr 8, 2026, 2:23:10 p.m.		Megumi Nakamura	Team Training	30	2
Apr 8, 2026, 2:23:28 p.m.		Megumi Nakamura	Game / Competition	30	4
Apr 8, 2026, 2:27:20 p.m.		Julianne Vallerand	Game / Competition	45	5
Apr 8, 2026, 2:30:23 p.m.		Julie Pedersen	Game / Competition	90	10
Apr 8, 2026, 2:30:54 p.m.		Karima Lemire	Game / Competition	65	8
Apr 8, 2026, 2:31:01 p.m.		Saorla Miller	Game / Competition	50	7
Apr 8, 2026, 2:31:28 p.m.		Julia Benati	Game / Competition	60	6
Apr 8, 2026, 2:40:03 p.m.		Cho So-Hyun	Team Training	90	5
Apr 8, 2026, 2:40:12 p.m.		Rylee Foster	Game / Competition	90	6
Apr 8, 2026, 2:40:12 p.m.		Tiffany Cameron	Game / Competition	65	6
Apr 8, 2026, 2:43:34 p.m.		Sydney Kennedy	Game / Competition	30	5
Apr 8, 2026, 2:44:32 p.m.		Kat Jordan	Game / Competition	30	3
Apr 8, 2026, 2:45:16 p.m.		Jordyn Rhodes	Game / Competition	60	7
Apr 8, 2026, 2:46:05 p.m.		Addison Weichers	Game / Competition	45	6
Apr 8, 2026, 3:12:35 p.m.		Sarah Taylor	Game / Competition	30	7
Apr 8, 2026, 3:18:10 p.m.		Stella Downing	Game / Competition	45	5
Apr 8, 2026, 3:54:35 p.m.		Samantha St Croix	Game / Competition	120	4
Apr 9, 2026, 3:45:51 p.m.		Cho So-Hyun	Recovery	1	0
Apr 9, 2026, 4:49:30 p.m.		Sheyenne Allen	Recovery	30	1
Apr 9, 2026, 5:54:14 p.m.		Tiffany Cameron	Recovery	20	1
Apr 10, 2026, 12:00:00 a.m.		Eva Fremaux	Team Training	90	6
Apr 10, 2026, 12:00:00 a.m.		Eva Fremaux	Strength Training	40	3
Apr 10, 2026, 2:25:08 p.m.		Rylee Foster	Team Training	105	3
Apr 10, 2026, 2:33:11 p.m.		Saorla Miller	Team Training	120	3
Apr 10, 2026, 2:34:32 p.m.		Julia Benati	Team Training	105	3
Apr 10, 2026, 2:34:47 p.m.		Samantha St Croix	Team Training	105	6
Apr 10, 2026, 2:35:03 p.m.		Julianne Vallerand	Team Training	105	3
Apr 10, 2026, 2:35:05 p.m.		Megumi Nakamura	Team Training	120	2
Apr 10, 2026, 2:35:09 p.m.		Megumi Nakamura	Strength Training	60	2
Apr 10, 2026, 2:35:13 p.m.		Julianne Vallerand	Strength Training	45	2
Apr 10, 2026, 2:54:27 p.m.		Sydney Kennedy	Team Training	120	4
Apr 10, 2026, 2:54:35 p.m.		Sydney Kennedy	Strength Training	30	3
Apr 10, 2026, 3:00:56 p.m.		Julie Pedersen	Strength Training	22	5
Apr 10, 2026, 3:01:04 p.m.		Karima Lemire	Team Training	90	4
Apr 10, 2026, 3:01:12 p.m.		Karima Lemire	Strength Training	30	3
Apr 10, 2026, 3:01:28 p.m.		Julie Pedersen	Team Training	105	4
Apr 10, 2026, 3:04:40 p.m.		Addison Weichers	Team Training	105	3
Apr 10, 2026, 3:04:50 p.m.		Addison Weichers	Strength Training	15	2
Apr 10, 2026, 3:04:53 p.m.		Saorla Miller	Strength Training	30	2
Apr 10, 2026, 3:05:04 p.m.		Synne Fredriksen Moe	Team Training	120	3
Apr 10, 2026, 3:05:09 p.m.		Synne Fredriksen Moe	Strength Training	30	3
Apr 10, 2026, 3:05:24 p.m.		Cho So-Hyun	Team Training	105	3
Apr 10, 2026, 3:05:41 p.m.		Cho So-Hyun	Strength Training	30	3
Apr 10, 2026, 3:06:37 p.m.		Julia Benati	Strength Training	30	2
Apr 10, 2026, 3:11:20 p.m.		Samantha St Croix	Strength Training	30	2
Apr 10, 2026, 3:12:16 p.m.		Kat Jordan	Team Training	90	3
Apr 10, 2026, 3:12:25 p.m.		Kat Jordan	Strength Training	60	3
Apr 10, 2026, 3:47:05 p.m.		Rylee Foster	Strength Training	30	1
Apr 10, 2026, 3:47:32 p.m.		Jordyn Rhodes	Team Training	120	3
Apr 10, 2026, 3:47:41 p.m.		Jordyn Rhodes	Strength Training	30	3
Apr 10, 2026, 3:48:08 p.m.		Sarah Taylor	Team Training	90	4
Apr 10, 2026, 3:48:22 p.m.		Sarah Taylor	Strength Training	30	0
Apr 10, 2026, 4:02:11 p.m.		Naya Cardoza	Team Training	90	3
Apr 10, 2026, 4:02:16 p.m.		Naya Cardoza	Strength Training	30	3
Apr 10, 2026, 4:02:33 p.m.		Tiffany Cameron	Team Training	105	3
Apr 10, 2026, 4:02:46 p.m.		Tiffany Cameron	Strength Training	35	3
Apr 10, 2026, 5:24:53 p.m.		Sheyenne Allen	Team Training	105	2
Apr 10, 2026, 5:25:27 p.m.		Sheyenne Allen	Strength Training	30	4
Apr 10, 2026, 5:42:51 p.m.		Annika Leslie	Team Training	90	3
Apr 10, 2026, 5:42:56 p.m.		Annika Leslie	Strength Training	30	2
Apr 11, 2026, 9:56:36 a.m.		Cho So-Hyun	Team Training	90	2
Apr 11, 2026, 9:57:31 a.m.		Megumi Nakamura	Team Training	60	2
Apr 11, 2026, 9:57:34 a.m.		Julie Pedersen	Team Training	90	3
Apr 11, 2026, 9:57:48 a.m.		Jordyn Rhodes	Team Training	90	2
Apr 11, 2026, 9:58:11 a.m.		Samantha St Croix	Team Training	90	5
Apr 11, 2026, 9:58:14 a.m.		Eva Fremaux	Team Training	90	6
Apr 11, 2026, 9:58:27 a.m.		Synne Fredriksen Moe	Team Training	90	3
Apr 11, 2026, 9:58:58 a.m.		Julia Benati	Team Training	80	1
Apr 11, 2026, 10:04:41 a.m.		Sydney Kennedy	Team Training	90	2
Apr 11, 2026, 10:11:32 a.m.		Annika Leslie	Team Training	90	2
Apr 11, 2026, 10:13:38 a.m.		Sarah Taylor	Team Training	90	3
Apr 11, 2026, 10:13:45 a.m.		Saorla Miller	Team Training	90	3
Apr 11, 2026, 10:13:46 a.m.		Rylee Foster	Team Training	85	3
Apr 11, 2026, 10:13:49 a.m.		Julianne Vallerand	Team Training	120	3
Apr 11, 2026, 10:13:52 a.m.		Addison Weichers	Team Training	105	3
Apr 11, 2026, 10:23:38 a.m.		Karima Lemire	Team Training	90	4
Apr 11, 2026, 10:30:16 a.m.		Kat Jordan	Team Training	90	3
Apr 11, 2026, 10:36:07 a.m.		Naya Cardoza	Team Training	90	3
Apr 11, 2026, 10:52:39 a.m.		Tiffany Cameron	Team Training	90	3
Apr 11, 2026, 10:52:54 a.m.		Tiffany Cameron	Strength Training	15	2
Apr 11, 2026, 2:42:21 p.m.		Sheyenne Allen	Team Training	90	2
Apr 12, 2026, 11:00:00 a.m.	Match v Portsmouth, 11am KO	Kat Jordan	Game / Competition	160	6
Apr 12, 2026, 11:00:00 a.m.	Match v Portsmouth, 11am KO	Julia Benati	Game / Competition	160	5
Apr 12, 2026, 11:00:00 a.m.	Match v Portsmouth, 11am KO	Saorla Miller	Game / Competition	160	6
Apr 12, 2026, 11:00:00 a.m.	Match v Portsmouth, 11am KO	Annika Leslie	Game / Competition	30	7
Apr 12, 2026, 11:00:00 a.m.	Match v Portsmouth, 11am KO	Samantha St Croix	Game / Competition	160	1
Apr 12, 2026, 11:00:00 a.m.	Match v Portsmouth, 11am KO	Megumi Nakamura	Game / Competition	30	5
Apr 12, 2026, 11:00:00 a.m.	Match v Portsmouth, 11am KO	Megumi Nakamura	Team Training	30	2
Apr 12, 2026, 12:08:29 p.m.		Addison Weichers	Game / Competition	75	5
Apr 12, 2026, 12:09:56 p.m.		Karima Lemire	Game / Competition	45	7
Apr 12, 2026, 12:23:26 p.m.		Saorla Miller	Game / Competition	60	6
Apr 12, 2026, 12:27:08 p.m.		Sydney Kennedy	Game / Competition	45	7
Apr 12, 2026, 12:32:42 p.m.		Jordyn Rhodes	Game / Competition	60	7
Apr 12, 2026, 12:39:30 p.m.		Samantha St Croix	Game / Competition	120	1
Apr 12, 2026, 12:39:46 p.m.		Tiffany Cameron	Game / Competition	30	4
Apr 12, 2026, 12:40:38 p.m.		Kat Jordan	Game / Competition	45	6
Apr 12, 2026, 12:41:00 p.m.		Cho So-Hyun	Team Training	90	7
Apr 12, 2026, 12:41:11 p.m.		Sarah Taylor	Game / Competition	30	5
Apr 12, 2026, 12:41:16 p.m.		Julianne Vallerand	Game / Competition	90	6
Apr 12, 2026, 12:42:53 p.m.		Julie Pedersen	Game / Competition	45	8
Apr 12, 2026, 12:45:50 p.m.		Naya Cardoza	Game / Competition	90	5
Apr 12, 2026, 12:45:57 p.m.		Julia Benati	Game / Competition	60	5
Apr 12, 2026, 12:48:22 p.m.		Sheyenne Allen	Game / Competition	90	6
Apr 12, 2026, 1:34:35 p.m.		Rylee Foster	Game / Competition	90	5
Apr 12, 2026, 3:46:59 p.m.		Synne Fredriksen Moe	Game / Competition	30	6
Apr 12, 2026, 4:01:25 p.m.		Eva Fremaux	Team Training	30	5
Apr 13, 2026, 10:48:03 a.m.		Cho So-Hyun	Recovery	1	0
Apr 13, 2026, 10:04:52 p.m.		Tiffany Cameron	Recovery	30	0
Apr 14, 2026, 5:31:56 p.m.		Cho So-Hyun	Recovery	1	0
Apr 14, 2026, 9:29:22 p.m.		Julie Pedersen	Recovery	26	2
Apr 14, 2026, 9:29:53 p.m.		Tiffany Cameron	Recovery	30	1
Apr 14, 2026, 11:17:35 p.m.		Sheyenne Allen	Recovery	1440	0
Apr 15, 2026, 12:00:00 a.m.		Karima Lemire	Strength Training	30	4
Apr 15, 2026, 12:00:00 a.m.		Karima Lemire	Team Training	75	5
Apr 15, 2026, 2:20:57 p.m.		Megumi Nakamura	Strength Training	60	2
Apr 15, 2026, 2:26:28 p.m.		Tiffany Cameron	Strength Training	50	3
Apr 15, 2026, 2:26:34 p.m.		Saorla Miller	Strength Training	60	3
Apr 15, 2026, 2:26:36 p.m.		Samantha St Croix	Strength Training	60	3
Apr 15, 2026, 2:40:29 p.m.		Cho So-Hyun	Strength Training	30	3
Apr 15, 2026, 3:00:05 p.m.		Julie Pedersen	Strength Training	30	3
Apr 15, 2026, 4:52:15 p.m.		Sarah Taylor	Team Training	90	4
Apr 15, 2026, 4:52:31 p.m.		Sarah Taylor	Strength Training	45	4
Apr 15, 2026, 4:52:59 p.m.		Julianne Vallerand	Team Training	60	3
Apr 15, 2026, 4:53:00 p.m.		Eva Fremaux	Team Training	75	5
Apr 15, 2026, 4:53:04 p.m.		Julianne Vallerand	Strength Training	60	3
Apr 15, 2026, 4:53:08 p.m.		Sydney Kennedy	Team Training	75	5
Apr 15, 2026, 4:53:23 p.m.		Samantha St Croix	Team Training	75	5
Apr 15, 2026, 4:53:34 p.m.		Synne Fredriksen Moe	Team Training	70	4
Apr 15, 2026, 4:53:55 p.m.		Naya Cardoza	Team Training	70	3
Apr 15, 2026, 4:53:58 p.m.		Synne Fredriksen Moe	Strength Training	45	4
Apr 15, 2026, 4:54:03 p.m.		Cho So-Hyun	Team Training	75	2
Apr 15, 2026, 4:54:07 p.m.		Naya Cardoza	Strength Training	45	3
Apr 15, 2026, 4:59:53 p.m.		Annika Leslie	Strength Training	45	3
Apr 15, 2026, 5:04:20 p.m.		Megumi Nakamura	Team Training	120	4
Apr 15, 2026, 5:08:57 p.m.		Jordyn Rhodes	Team Training	90	4
Apr 15, 2026, 5:09:00 p.m.		Saorla Miller	Team Training	90	4
Apr 15, 2026, 5:09:03 p.m.		Jordyn Rhodes	Strength Training	45	3
Apr 15, 2026, 5:16:04 p.m.		Kat Jordan	Team Training	120	5
Apr 15, 2026, 5:16:10 p.m.		Kat Jordan	Strength Training	60	3
Apr 15, 2026, 5:16:54 p.m.		Rylee Foster	Team Training	75	5
Apr 15, 2026, 5:17:05 p.m.		Rylee Foster	Strength Training	45	2
Apr 15, 2026, 5:26:15 p.m.		Addison Weichers	Team Training	75	3
Apr 15, 2026, 6:15:30 p.m.		Megumi Nakamura	Team Training	120	3
Apr 15, 2026, 6:19:21 p.m.		Julia Benati	Team Training	90	3
Apr 15, 2026, 6:19:23 p.m.		Stella Downing	Team Training	60	0
Apr 15, 2026, 6:19:28 p.m.		Stella Downing	Strength Training	45	0
Apr 15, 2026, 6:19:28 p.m.		Julia Benati	Strength Training	35	1
Apr 15, 2026, 6:30:26 p.m.		Julie Pedersen	Team Training	75	4
Apr 15, 2026, 6:33:05 p.m.		Eva Fremaux	Strength Training	60	6
Apr 15, 2026, 6:33:21 p.m.		Sheyenne Allen	Strength Training	40	2
Apr 15, 2026, 6:33:39 p.m.		Sheyenne Allen	Team Training	84	3
Apr 15, 2026, 7:03:06 p.m.		Tiffany Cameron	Team Training	90	4
Apr 16, 2026, 1:58:27 p.m.		Rylee Foster	Strength Training	30	3
Apr 16, 2026, 2:11:20 p.m.		Cho So-Hyun	Strength Training	40	3
Apr 16, 2026, 5:14:05 p.m.		Julie Pedersen	Team Training	105	7
Apr 16, 2026, 5:15:01 p.m.		Synne Fredriksen Moe	Team Training	105	6
Apr 16, 2026, 5:15:04 p.m.		Julie Pedersen	Strength Training	45	8
Apr 16, 2026, 5:15:09 p.m.		Synne Fredriksen Moe	Strength Training	45	6
Apr 16, 2026, 5:15:27 p.m.		Eva Fremaux	Team Training	90	6
Apr 16, 2026, 5:15:28 p.m.		Addison Weichers	Team Training	105	4
Apr 16, 2026, 5:15:28 p.m.		Samantha St Croix	Team Training	105	4
Apr 16, 2026, 5:15:31 p.m.		Eva Fremaux	Strength Training	45	6
Apr 16, 2026, 5:15:35 p.m.		Samantha St Croix	Strength Training	60	5
Apr 16, 2026, 5:15:48 p.m.		Addison Weichers	Strength Training	45	4
Apr 16, 2026, 5:17:59 p.m.		Megumi Nakamura	Team Training	120	3
Apr 16, 2026, 5:18:02 p.m.		Megumi Nakamura	Strength Training	60	2
Apr 16, 2026, 5:23:47 p.m.		Julia Benati	Team Training	120	4
Apr 16, 2026, 5:25:08 p.m.		Naya Cardoza	Team Training	90	5
Apr 16, 2026, 5:25:14 p.m.		Karima Lemire	Team Training	90	7
Apr 16, 2026, 5:25:14 p.m.		Cho So-Hyun	Team Training	105	6
Apr 16, 2026, 5:25:17 p.m.		Naya Cardoza	Strength Training	60	4
Apr 16, 2026, 5:25:20 p.m.		Karima Lemire	Strength Training	60	4
Apr 16, 2026, 5:25:59 p.m.		Julia Benati	Strength Training	60	3
Apr 16, 2026, 5:28:33 p.m.		Kat Jordan	Strength Training	60	5
Apr 16, 2026, 5:28:39 p.m.		Kat Jordan	Team Training	120	4
Apr 16, 2026, 5:29:24 p.m.		Annika Leslie	Team Training	105	5
Apr 16, 2026, 5:29:35 p.m.		Annika Leslie	Strength Training	60	4
Apr 16, 2026, 5:31:24 p.m.		Rylee Foster	Team Training	105	5
Apr 16, 2026, 5:33:22 p.m.		Saorla Miller	Team Training	120	4
Apr 16, 2026, 5:33:35 p.m.		Saorla Miller	Strength Training	60	4
Apr 16, 2026, 5:47:47 p.m.		Sheyenne Allen	Strength Training	45	4
Apr 16, 2026, 5:49:48 p.m.		Sheyenne Allen	Team Training	112	4
Apr 16, 2026, 5:54:47 p.m.		Tiffany Cameron	Team Training	105	7
Apr 16, 2026, 5:55:06 p.m.		Tiffany Cameron	Strength Training	60	3
Apr 16, 2026, 5:57:42 p.m.		Jordyn Rhodes	Team Training	90	3
Apr 16, 2026, 5:57:50 p.m.		Jordyn Rhodes	Strength Training	45	4
Apr 16, 2026, 5:58:04 p.m.		Sarah Taylor	Team Training	90	4
Apr 16, 2026, 5:58:16 p.m.		Sarah Taylor	Strength Training	30	3
Apr 16, 2026, 5:58:20 p.m.		Sydney Kennedy	Team Training	90	6
Apr 16, 2026, 5:58:34 p.m.		Julianne Vallerand	Team Training	120	3
Apr 17, 2026, 2:33:44 p.m.		Julianne Vallerand	Strength Training	60	4
Apr 17, 2026, 2:33:54 p.m.		Rylee Foster	Strength Training	45	3
Apr 17, 2026, 2:33:55 p.m.		Julia Benati	Strength Training	35	3
Apr 17, 2026, 2:38:55 p.m.		Sydney Kennedy	Strength Training	45	4
Apr 17, 2026, 2:38:55 p.m.		Addison Weichers	Strength Training	45	6
Apr 17, 2026, 2:39:04 p.m.		Samantha St Croix	Strength Training	60	4
Apr 17, 2026, 2:39:49 p.m.		Saorla Miller	Strength Training	45	5
Apr 17, 2026, 2:42:05 p.m.		Annika Leslie	Strength Training	60	4
Apr 17, 2026, 3:09:38 p.m.		Cho So-Hyun	Strength Training	40	3
Apr 17, 2026, 5:37:45 p.m.		Naya Cardoza	Team Training	120	4
Apr 17, 2026, 5:37:53 p.m.		Eva Fremaux	Strength Training	45	6
Apr 17, 2026, 5:37:54 p.m.		Samantha St Croix	Team Training	120	5
Apr 17, 2026, 5:38:02 p.m.		Naya Cardoza	Strength Training	60	3
Apr 17, 2026, 5:38:03 p.m.		Eva Fremaux	Team Training	90	5
Apr 17, 2026, 5:38:05 p.m.		Synne Fredriksen Moe	Team Training	120	5
Apr 17, 2026, 5:38:11 p.m.		Synne Fredriksen Moe	Strength Training	60	6
Apr 17, 2026, 5:38:50 p.m.		Jordyn Rhodes	Team Training	120	4
Apr 17, 2026, 5:39:04 p.m.		Sarah Taylor	Team Training	130	4
Apr 17, 2026, 5:39:09 p.m.		Julie Pedersen	Team Training	120	5
Apr 17, 2026, 5:39:10 p.m.		Jordyn Rhodes	Strength Training	45	4
Apr 17, 2026, 5:39:14 p.m.		Julie Pedersen	Strength Training	60	5
Apr 17, 2026, 5:39:17 p.m.		Julianne Vallerand	Team Training	120	4
Apr 17, 2026, 5:39:35 p.m.		Tiffany Cameron	Strength Training	50	3
Apr 17, 2026, 5:39:48 p.m.		Sarah Taylor	Strength Training	90	5
Apr 17, 2026, 5:39:57 p.m.		Tiffany Cameron	Team Training	120	4
Apr 17, 2026, 5:39:57 p.m.		Annika Leslie	Team Training	120	4
Apr 17, 2026, 5:43:17 p.m.		Rylee Foster	Team Training	120	6
Apr 17, 2026, 5:43:43 p.m.		Karima Lemire	Team Training	100	6
Apr 17, 2026, 5:43:47 p.m.		Karima Lemire	Strength Training	60	4
Apr 17, 2026, 6:06:11 p.m.		Saorla Miller	Team Training	120	4
Apr 17, 2026, 6:06:48 p.m.		Sydney Kennedy	Team Training	120	5
Apr 17, 2026, 6:16:42 p.m.		Kat Jordan	Team Training	120	4
Apr 17, 2026, 6:16:49 p.m.		Kat Jordan	Strength Training	60	5
Apr 17, 2026, 6:25:08 p.m.		Megumi Nakamura	Team Training	120	4
Apr 17, 2026, 6:25:11 p.m.		Megumi Nakamura	Strength Training	60	2
Apr 17, 2026, 6:30:15 p.m.		Addison Weichers	Team Training	105	5
Apr 17, 2026, 6:45:25 p.m.		Sheyenne Allen	Strength Training	40	3
Apr 17, 2026, 6:45:35 p.m.		Sheyenne Allen	Team Training	120	2
Apr 17, 2026, 6:45:51 p.m.		Cho So-Hyun	Team Training	120	5
Apr 17, 2026, 8:25:59 p.m.		Julia Benati	Team Training	120	2
Apr 18, 2026, 12:00:00 a.m.		Rylee Foster	Team Training	105	3
Apr 18, 2026, 1:56:45 p.m.		Julia Benati	Team Training	120	1
Apr 18, 2026, 1:57:08 p.m.		Julie Pedersen	Team Training	90	3
Apr 18, 2026, 1:57:25 p.m.		Addison Weichers	Team Training	105	3
Apr 18, 2026, 1:57:57 p.m.		Cho So-Hyun	Team Training	95	3
Apr 18, 2026, 1:57:57 p.m.		Saorla Miller	Team Training	120	2
Apr 18, 2026, 2:17:07 p.m.		Samantha St Croix	Team Training	90	3
Apr 18, 2026, 2:24:55 p.m.		Tiffany Cameron	Team Training	80	3
Apr 18, 2026, 2:32:30 p.m.		Kat Jordan	Team Training	90	2
Apr 18, 2026, 2:32:32 p.m.		Julianne Vallerand	Team Training	120	0
Apr 18, 2026, 2:32:36 p.m.		Annika Leslie	Team Training	90	3
Apr 18, 2026, 2:34:34 p.m.		Sarah Taylor	Team Training	60	3
Apr 18, 2026, 3:02:46 p.m.		Jordyn Rhodes	Team Training	90	2
Apr 18, 2026, 3:07:22 p.m.		Karima Lemire	Team Training	90	4
Apr 18, 2026, 3:12:07 p.m.		Sheyenne Allen	Team Training	105	1
Apr 18, 2026, 4:03:22 p.m.		Sydney Kennedy	Team Training	90	2
Apr 18, 2026, 4:03:38 p.m.		Megumi Nakamura	Team Training	120	2
Apr 18, 2026, 4:38:04 p.m.		Naya Cardoza	Team Training	90	2
Apr 18, 2026, 9:32:52 p.m.		Synne Fredriksen Moe	Team Training	60	3
Apr 19, 2026, 12:00:00 a.m.		Synne Fredriksen Moe	Game / Competition	90	8
Apr 19, 2026, 12:00:00 a.m.		Eva Fremaux	Game / Competition	8	0
Apr 19, 2026, 1:00:00 p.m.	Exhibition Match @ Acadia	Kat Jordan	Game / Competition	160	8
Apr 19, 2026, 1:00:00 p.m.	Exhibition Match @ Acadia	Jordyn Rhodes	Game / Competition	160	3
Apr 19, 2026, 1:00:00 p.m.	Exhibition Match @ Acadia	Saorla Miller	Game / Competition	160	5
Apr 19, 2026, 1:00:00 p.m.	Exhibition Match @ Acadia	Julia Benati	Game / Competition	160	3
Apr 19, 2026, 6:15:32 p.m.		Samantha St Croix	Game / Competition	135	2
Apr 19, 2026, 6:25:13 p.m.		Julianne Vallerand	Game / Competition	120	0
Apr 19, 2026, 6:25:39 p.m.		Addison Weichers	Game / Competition	105	8
Apr 19, 2026, 6:26:06 p.m.		Julia Benati	Game / Competition	30	3
Apr 19, 2026, 6:27:06 p.m.		Rylee Foster	Game / Competition	65	3
Apr 19, 2026, 6:27:09 p.m.		Sarah Taylor	Game / Competition	59	7
Apr 19, 2026, 6:27:09 p.m.		Naya Cardoza	Game / Competition	30	3
Apr 19, 2026, 6:27:16 p.m.		Sheyenne Allen	Game / Competition	33	4
Apr 19, 2026, 6:27:53 p.m.		Naya Cardoza	Recovery	15	7
Apr 19, 2026, 6:28:11 p.m.		Tiffany Cameron	Game / Competition	60	6
Apr 19, 2026, 6:35:51 p.m.		Cho So-Hyun	Team Training	90	4
Apr 19, 2026, 6:39:37 p.m.		Saorla Miller	Game / Competition	30	5
Apr 19, 2026, 6:41:45 p.m.		Julie Pedersen	Game / Competition	60	7
Apr 19, 2026, 6:58:37 p.m.		Megumi Nakamura	Team Training	30	2
Apr 19, 2026, 6:58:57 p.m.		Megumi Nakamura	Game / Competition	60	5
Apr 19, 2026, 8:01:11 p.m.		Annika Leslie	Game / Competition	90	8
Apr 19, 2026, 8:01:17 p.m.		Sydney Kennedy	Game / Competition	60	6
Apr 19, 2026, 11:17:51 p.m.		Karima Lemire	Game / Competition	60	6
Apr 20, 2026, 12:00:00 a.m.		Tiffany Cameron	Recovery	30	0
Apr 20, 2026, 12:00:00 a.m.		Naya Cardoza	Recovery	60	0
Apr 20, 2026, 2:20:25 p.m.		Cho So-Hyun	Recovery	1	0
Apr 21, 2026, 12:00:00 a.m.		Sydney Kennedy	Team Training	90	4
Apr 21, 2026, 5:01:05 p.m.		Synne Fredriksen Moe	Team Training	90	3
Apr 21, 2026, 5:01:32 p.m.		Rylee Foster	Team Training	90	4
Apr 21, 2026, 5:01:38 p.m.		Eva Fremaux	Team Training	60	4
Apr 21, 2026, 5:02:58 p.m.		Samantha St Croix	Team Training	90	5
Apr 21, 2026, 5:04:17 p.m.		Anika Toth	Team Training	90	4
Apr 21, 2026, 5:04:26 p.m.		Saorla Miller	Team Training	90	4
Apr 21, 2026, 5:06:01 p.m.		Karima Lemire	Team Training	80	4
Apr 21, 2026, 5:06:48 p.m.		Megumi Nakamura	Team Training	90	2
Apr 21, 2026, 5:07:57 p.m.		Kat Jordan	Team Training	90	2
Apr 21, 2026, 5:15:08 p.m.		Julianne Vallerand	Team Training	90	5
Apr 21, 2026, 5:15:40 p.m.		Addison Weichers	Team Training	90	4
Apr 21, 2026, 5:15:44 p.m.		Naya Cardoza	Team Training	90	3
Apr 21, 2026, 5:16:03 p.m.		Sarah Taylor	Team Training	90	4
Apr 21, 2026, 5:19:57 p.m.		Jordyn Rhodes	Team Training	90	4
Apr 21, 2026, 5:24:35 p.m.		Tiffany Cameron	Team Training	90	4
Apr 21, 2026, 5:31:41 p.m.		Cho So-Hyun	Team Training	95	3
Apr 21, 2026, 5:35:12 p.m.		Annika Leslie	Team Training	90	3
Apr 21, 2026, 6:00:41 p.m.		Stella Downing	Team Training	30	2
Apr 21, 2026, 6:02:09 p.m.		Sheyenne Allen	Team Training	90	1
Apr 21, 2026, 6:34:18 p.m.		Julie Pedersen	Team Training	90	4
Apr 21, 2026, 6:44:54 p.m.		Julia Benati	Team Training	90	2
Apr 22, 2026, 2:12:50 p.m.		Samantha St Croix	Strength Training	45	4
Apr 22, 2026, 2:12:59 p.m.		Addison Weichers	Strength Training	48	4
Apr 22, 2026, 2:13:11 p.m.		Sydney Kennedy	Strength Training	60	4
Apr 22, 2026, 2:15:58 p.m.		Saorla Miller	Strength Training	45	4
Apr 22, 2026, 2:16:56 p.m.		Rylee Foster	Strength Training	45	3
Apr 22, 2026, 2:17:02 p.m.		Tiffany Cameron	Strength Training	45	4
Apr 22, 2026, 2:19:01 p.m.		Julianne Vallerand	Strength Training	60	3
Apr 22, 2026, 2:20:09 p.m.		Eva Fremaux	Strength Training	40	3
Apr 22, 2026, 2:20:20 p.m.		Karima Lemire	Strength Training	50	4
Apr 22, 2026, 3:08:50 p.m.		Cho So-Hyun	Strength Training	40	3
Apr 22, 2026, 5:30:26 p.m.		Synne Fredriksen Moe	Team Training	120	7
Apr 22, 2026, 5:30:35 p.m.		Synne Fredriksen Moe	Strength Training	45	4
Apr 22, 2026, 5:30:49 p.m.		Sarah Taylor	Team Training	120	6
Apr 22, 2026, 5:30:49 p.m.		Samantha St Croix	Team Training	120	3
Apr 22, 2026, 5:30:53 p.m.		Sarah Taylor	Strength Training	45	4
Apr 22, 2026, 5:30:56 p.m.		Sydney Kennedy	Team Training	120	6
Apr 22, 2026, 5:32:39 p.m.		Addison Weichers	Team Training	120	4
Apr 22, 2026, 5:33:27 p.m.		Cho So-Hyun	Team Training	120	5
Apr 22, 2026, 5:35:33 p.m.		Eva Fremaux	Team Training	75	8
Apr 22, 2026, 5:35:51 p.m.		Karima Lemire	Team Training	120	7
Apr 22, 2026, 5:45:40 p.m.		Julia Benati	Team Training	120	4
Apr 22, 2026, 5:47:44 p.m.		Kat Jordan	Team Training	120	4
Apr 22, 2026, 5:47:49 p.m.		Kat Jordan	Strength Training	60	4
Apr 22, 2026, 5:47:57 p.m.		Jordyn Rhodes	Team Training	120	4
Apr 22, 2026, 5:48:03 p.m.		Jordyn Rhodes	Strength Training	45	4
Apr 22, 2026, 5:49:19 p.m.		Megumi Nakamura	Team Training	120	4
Apr 22, 2026, 5:49:26 p.m.		Megumi Nakamura	Strength Training	60	2
Apr 22, 2026, 5:56:04 p.m.		Annika Leslie	Team Training	120	4
Apr 22, 2026, 5:56:10 p.m.		Annika Leslie	Strength Training	45	3
Apr 22, 2026, 5:59:51 p.m.		Rylee Foster	Team Training	120	5
Apr 22, 2026, 6:01:18 p.m.		Saorla Miller	Team Training	120	5
Apr 22, 2026, 6:01:19 p.m.		Anika Toth	Team Training	90	4
Apr 22, 2026, 6:01:38 p.m.		Anika Toth	Strength Training	45	3
Apr 22, 2026, 6:01:44 p.m.		Julianne Vallerand	Team Training	120	3
Apr 22, 2026, 6:30:15 p.m.		Julie Pedersen	Strength Training	45	5
Apr 22, 2026, 6:30:21 p.m.		Julie Pedersen	Team Training	120	4
Apr 22, 2026, 6:31:54 p.m.		Sheyenne Allen	Team Training	120	3
Apr 22, 2026, 6:32:17 p.m.		Sheyenne Allen	Strength Training	45	3
Apr 22, 2026, 7:07:10 p.m.		Naya Cardoza	Team Training	90	4
Apr 22, 2026, 7:57:36 p.m.		Tiffany Cameron	Team Training	90	5
Apr 23, 2026, 2:11:54 p.m.		Sydney Kennedy	Strength Training	60	4
Apr 23, 2026, 2:45:20 p.m.		Addison Weichers	Strength Training	45	3
Apr 23, 2026, 2:45:26 p.m.		Rylee Foster	Strength Training	45	2
Apr 23, 2026, 5:21:42 p.m.		Synne Fredriksen Moe	Team Training	105	3
Apr 23, 2026, 5:21:52 p.m.		Synne Fredriksen Moe	Strength Training	45	3
Apr 23, 2026, 5:22:22 p.m.		Naya Cardoza	Team Training	105	4
Apr 23, 2026, 5:25:01 p.m.		Megumi Nakamura	Team Training	120	3
Apr 23, 2026, 5:25:06 p.m.		Megumi Nakamura	Strength Training	60	2
Apr 23, 2026, 5:27:12 p.m.		Addison Weichers	Team Training	100	4
Apr 23, 2026, 5:27:15 p.m.		Karima Lemire	Team Training	120	4
Apr 23, 2026, 5:27:21 p.m.		Karima Lemire	Strength Training	30	2
Apr 23, 2026, 5:27:50 p.m.		Sarah Taylor	Team Training	105	4
Apr 23, 2026, 5:28:20 p.m.		Samantha St Croix	Team Training	105	7
Apr 23, 2026, 5:28:36 p.m.		Samantha St Croix	Strength Training	45	5
Apr 23, 2026, 5:34:20 p.m.		Saorla Miller	Team Training	105	4
Apr 23, 2026, 5:34:32 p.m.		Saorla Miller	Strength Training	45	3
Apr 23, 2026, 5:34:37 p.m.		Jordyn Rhodes	Team Training	105	3
Apr 23, 2026, 5:34:51 p.m.		Jordyn Rhodes	Strength Training	45	2
Apr 23, 2026, 5:43:34 p.m.		Kat Jordan	Team Training	120	3
Apr 23, 2026, 5:43:39 p.m.		Kat Jordan	Strength Training	60	4
Apr 23, 2026, 5:51:10 p.m.		Stella Downing	Team Training	45	3
Apr 23, 2026, 5:51:14 p.m.		Julia Benati	Team Training	105	3
Apr 23, 2026, 5:51:51 p.m.		Rylee Foster	Team Training	120	3
Apr 23, 2026, 5:52:11 p.m.		Annika Leslie	Team Training	120	3
Apr 23, 2026, 5:52:16 p.m.		Julie Pedersen	Team Training	120	3
Apr 23, 2026, 5:52:18 p.m.		Annika Leslie	Strength Training	60	3
Apr 23, 2026, 5:52:32 p.m.		Julie Pedersen	Strength Training	45	7
Apr 23, 2026, 6:20:30 p.m.		Cho So-Hyun	Strength Training	40	3
Apr 23, 2026, 6:20:35 p.m.		Cho So-Hyun	Team Training	110	3
Apr 23, 2026, 6:31:56 p.m.		Sheyenne Allen	Strength Training	40	3
Apr 23, 2026, 6:34:42 p.m.		Sheyenne Allen	Team Training	90	4
Apr 23, 2026, 7:18:03 p.m.		Anika Toth	Team Training	90	4
Apr 23, 2026, 7:18:10 p.m.		Anika Toth	Strength Training	45	3
Apr 23, 2026, 7:55:53 p.m.		Sydney Kennedy	Team Training	90	5
Apr 23, 2026, 8:15:55 p.m.		Tiffany Cameron	Team Training	90	3
Apr 23, 2026, 8:16:10 p.m.		Tiffany Cameron	Strength Training	45	3
Apr 23, 2026, 11:44:19 p.m.		Eva Fremaux	Team Training	75	6
Apr 23, 2026, 11:44:27 p.m.		Eva Fremaux	Strength Training	45	4
Apr 23, 2026, 11:56:01 p.m.		Julianne Vallerand	Team Training	120	4
Apr 24, 2026, 10:30:00 a.m.	Training @ Wanderers Ground	Saorla Miller	Team Training	120	2
Apr 24, 2026, 10:30:00 a.m.	Training @ Wanderers Ground	Naya Cardoza	Team Training	120	3
Apr 24, 2026, 10:30:00 a.m.	Training @ Wanderers Ground	Sarah Taylor	Team Training	120	3
Apr 24, 2026, 10:30:00 a.m.	Training @ Wanderers Ground	Addison Weichers	Team Training	90	2
Apr 24, 2026, 10:30:00 a.m.	Training @ Wanderers Ground	Megumi Nakamura	Team Training	120	2
Apr 24, 2026, 3:33:22 p.m.		Annika Leslie	Team Training	90	2
Apr 24, 2026, 3:33:43 p.m.		Addison Weichers	Team Training	90	2
Apr 24, 2026, 3:34:04 p.m.		Synne Fredriksen Moe	Team Training	60	3
Apr 24, 2026, 4:03:08 p.m.		Rylee Foster	Team Training	60	3
Apr 24, 2026, 4:04:43 p.m.		Cho So-Hyun	Team Training	70	3
Apr 24, 2026, 4:04:45 p.m.		Naya Cardoza	Team Training	90	3
Apr 24, 2026, 4:04:48 p.m.		Julie Pedersen	Team Training	75	3
Apr 24, 2026, 4:05:05 p.m.		Julianne Vallerand	Team Training	120	2
Apr 24, 2026, 4:05:17 p.m.		Tiffany Cameron	Team Training	70	3
Apr 24, 2026, 4:19:50 p.m.		Saorla Miller	Team Training	90	2
Apr 24, 2026, 4:45:07 p.m.		Anika Toth	Team Training	90	4
Apr 24, 2026, 5:14:00 p.m.		Sydney Kennedy	Team Training	90	2
Apr 24, 2026, 5:49:01 p.m.		Stella Downing	Team Training	45	4
Apr 24, 2026, 6:00:30 p.m.		Kat Jordan	Team Training	90	2
Apr 24, 2026, 6:46:40 p.m.		Sheyenne Allen	Team Training	90	2
Apr 24, 2026, 6:50:16 p.m.		Samantha St Croix	Team Training	120	3
Apr 24, 2026, 8:24:27 p.m.		Julia Benati	Team Training	90	2
Apr 24, 2026, 8:25:15 p.m.		Jordyn Rhodes	Team Training	90	2
Apr 24, 2026, 10:48:54 p.m.		Eva Fremaux	Team Training	60	7
Apr 25, 2026, 1:00:00 p.m.	Match VS Ottawa Rapid	Addison Weichers	Game / Competition	100	6
Apr 25, 2026, 1:00:00 p.m.	Match VS Ottawa Rapid	Annika Leslie	Game / Competition	30	1
Apr 25, 2026, 1:00:00 p.m.	Match VS Ottawa Rapid	Karima Lemire	Game / Competition	160	8
Apr 25, 2026, 1:00:00 p.m.	Match VS Ottawa Rapid	Saorla Miller	Game / Competition	160	8
Apr 25, 2026, 1:00:00 p.m.	Match VS Ottawa Rapid	Kat Jordan	Game / Competition	160	6
Apr 25, 2026, 1:00:00 p.m.	Match VS Ottawa Rapid	Eva Fremaux	Game / Competition	160	1
Apr 25, 2026, 1:00:00 p.m.	Match VS Ottawa Rapid	Naya Cardoza	Game / Competition	160	5
Apr 25, 2026, 6:27:15 p.m.		Sydney Kennedy	Game / Competition	65	7
Apr 25, 2026, 6:30:01 p.m.		Julia Benati	Game / Competition	75	6
Apr 25, 2026, 6:30:06 p.m.		Jordyn Rhodes	Game / Competition	15	4
Apr 25, 2026, 6:30:12 p.m.		Naya Cardoza	Game / Competition	90	5
Apr 25, 2026, 6:30:13 p.m.		Samantha St Croix	Game / Competition	120	1
Apr 25, 2026, 6:30:15 p.m.		Addison Weichers	Game / Competition	105	6
Apr 25, 2026, 6:30:34 p.m.		Synne Fredriksen Moe	Game / Competition	1	1
Apr 25, 2026, 6:33:57 p.m.		Julianne Vallerand	Game / Competition	120	8
Apr 25, 2026, 6:39:17 p.m.		Julie Pedersen	Game / Competition	1	1
Apr 25, 2026, 6:40:22 p.m.		Sarah Taylor	Game / Competition	15	5
Apr 25, 2026, 6:43:15 p.m.		Tiffany Cameron	Team Training	90	3
Apr 25, 2026, 6:49:58 p.m.		Karima Lemire	Game / Competition	90	8
Apr 25, 2026, 6:50:02 p.m.		Cho So-Hyun	Team Training	120	9
Apr 25, 2026, 7:14:05 p.m.		Anika Toth	Game / Competition	30	1
Apr 25, 2026, 7:24:26 p.m.		Sheyenne Allen	Game / Competition	90	7
Apr 25, 2026, 8:00:11 p.m.		Rylee Foster	Game / Competition	90	7
Apr 25, 2026, 9:17:51 p.m.		Eva Fremaux	Game / Competition	10	0
Apr 25, 2026, 11:09:03 p.m.		Kat Jordan	Game / Competition	120	6
Apr 25, 2026, 11:25:48 p.m.		Megumi Nakamura	Team Training	30	2
Apr 25, 2026, 11:25:59 p.m.		Megumi Nakamura	Game / Competition	60	10
Apr 26, 2026, 5:05:17 p.m.		Stella Downing	Strength Training	45	3
Apr 26, 2026, 5:16:28 p.m.		Sydney Kennedy	Strength Training	45	4
Apr 26, 2026, 5:49:51 p.m.		Sydney Kennedy	Recovery	45	1
Apr 26, 2026, 5:50:19 p.m.		Annika Leslie	Strength Training	60	3
Apr 26, 2026, 5:50:19 p.m.		Samantha St Croix	Strength Training	60	5
Apr 26, 2026, 5:50:27 p.m.		Samantha St Croix	Recovery	60	3
Apr 26, 2026, 5:50:27 p.m.		Annika Leslie	Recovery	30	2
Apr 26, 2026, 5:51:05 p.m.		Cho So-Hyun	Strength Training	40	4
Apr 26, 2026, 5:51:31 p.m.		Cho So-Hyun	Recovery	30	1
Apr 26, 2026, 5:53:00 p.m.		Anika Toth	Strength Training	60	4
Apr 26, 2026, 5:56:17 p.m.		Megumi Nakamura	Strength Training	60	3
Apr 26, 2026, 5:56:22 p.m.		Kat Jordan	Recovery	30	3
Apr 26, 2026, 5:58:51 p.m.		Tiffany Cameron	Strength Training	60	4
Apr 26, 2026, 5:59:38 p.m.		Tiffany Cameron	Recovery	25	1
Apr 26, 2026, 6:10:37 p.m.		Jordyn Rhodes	Strength Training	60	3
Apr 26, 2026, 6:10:44 p.m.		Jordyn Rhodes	Recovery	30	1
Apr 26, 2026, 6:10:59 p.m.		Kat Jordan	Strength Training	60	5
Apr 26, 2026, 6:11:07 p.m.		Eva Fremaux	Strength Training	60	4
Apr 26, 2026, 6:12:34 p.m.		Synne Fredriksen Moe	Recovery	20	1
Apr 26, 2026, 6:12:42 p.m.		Synne Fredriksen Moe	Strength Training	90	5
Apr 26, 2026, 6:12:47 p.m.		Julie Pedersen	Recovery	30	2
Apr 26, 2026, 6:13:10 p.m.		Julie Pedersen	Strength Training	50	7
Apr 26, 2026, 6:14:57 p.m.		Saorla Miller	Recovery	30	1
Apr 26, 2026, 6:15:13 p.m.		Saorla Miller	Strength Training	60	4
Apr 26, 2026, 6:16:18 p.m.		Karima Lemire	Strength Training	45	5
Apr 26, 2026, 6:18:08 p.m.		Julia Benati	Strength Training	75	2
Apr 26, 2026, 6:18:20 p.m.		Sheyenne Allen	Strength Training	45	4
Apr 26, 2026, 6:18:33 p.m.		Sheyenne Allen	Recovery	10	1
Apr 26, 2026, 6:21:17 p.m.		Sarah Taylor	Recovery	45	4
Apr 26, 2026, 6:21:24 p.m.		Naya Cardoza	Recovery	60	4
Apr 26, 2026, 6:37:42 p.m.		Addison Weichers	Recovery	60	4
Apr 26, 2026, 6:47:24 p.m.		Rylee Foster	Recovery	90	2
Apr 26, 2026, 7:40:10 p.m.		Julianne Vallerand	Strength Training	60	3
Apr 26, 2026, 7:40:24 p.m.		Julianne Vallerand	Recovery	60	1
Apr 27, 2026, 6:29:43 p.m.		Cho So-Hyun	Recovery	1	0
Apr 27, 2026, 9:57:08 p.m.		Tiffany Cameron	Recovery	30	2
Apr 28, 2026, 5:01:59 p.m.		Samantha St Croix	Team Training	90	4
Apr 28, 2026, 5:02:01 p.m.		Julianne Vallerand	Team Training	60	2
Apr 28, 2026, 5:02:02 p.m.		Addison Weichers	Team Training	65	4
Apr 28, 2026, 5:02:03 p.m.		Cho So-Hyun	Team Training	50	2
Apr 28, 2026, 5:02:07 p.m.		Julianne Vallerand	Strength Training	30	1
Apr 28, 2026, 5:02:18 p.m.		Eva Fremaux	Team Training	60	7
Apr 28, 2026, 5:02:25 p.m.		Synne Fredriksen Moe	Team Training	90	4
Apr 28, 2026, 5:02:35 p.m.		Sydney Kennedy	Team Training	75	4
Apr 28, 2026, 5:02:44 p.m.		Rylee Foster	Team Training	90	0
Apr 28, 2026, 5:05:54 p.m.		Megumi Nakamura	Team Training	120	4
Apr 28, 2026, 5:09:25 p.m.		Karima Lemire	Team Training	60	2
Apr 28, 2026, 5:11:59 p.m.		Sarah Taylor	Team Training	90	5
Apr 28, 2026, 5:12:36 p.m.		Naya Cardoza	Team Training	60	4
Apr 28, 2026, 5:17:56 p.m.		Saorla Miller	Team Training	90	3
Apr 28, 2026, 5:25:41 p.m.		Julia Benati	Team Training	90	2
Apr 28, 2026, 5:37:56 p.m.		Kat Jordan	Team Training	120	4
Apr 28, 2026, 5:40:32 p.m.		Annika Leslie	Team Training	90	4
Apr 28, 2026, 5:41:02 p.m.		Julie Pedersen	Team Training	90	7
Apr 28, 2026, 5:49:04 p.m.		Anika Toth	Team Training	90	4
Apr 28, 2026, 6:00:30 p.m.		Jordyn Rhodes	Team Training	120	4
Apr 28, 2026, 6:26:59 p.m.		Sheyenne Allen	Team Training	60	3
Apr 28, 2026, 7:18:02 p.m.		Tiffany Cameron	Team Training	80	3
Apr 28, 2026, 10:12:54 p.m.		Stella Downing	Team Training	45	4
Apr 29, 2026, 2:23:44 p.m.		Sydney Kennedy	Strength Training	45	5
Apr 29, 2026, 2:24:32 p.m.		Samantha St Croix	Strength Training	60	5
Apr 29, 2026, 2:26:21 p.m.		Addison Weichers	Strength Training	50	5
Apr 29, 2026, 2:30:34 p.m.		Tiffany Cameron	Strength Training	60	4
Apr 29, 2026, 2:32:14 p.m.		Annika Leslie	Strength Training	60	4
Apr 29, 2026, 2:32:40 p.m.		Rylee Foster	Strength Training	60	6
Apr 29, 2026, 2:54:58 p.m.		Sarah Taylor	Strength Training	45	5
Apr 29, 2026, 5:03:58 p.m.		Samantha St Croix	Team Training	90	5
Apr 29, 2026, 5:03:58 p.m.		Sarah Taylor	Team Training	60	4
Apr 29, 2026, 5:04:24 p.m.		Naya Cardoza	Team Training	90	5
Apr 29, 2026, 5:04:31 p.m.		Naya Cardoza	Strength Training	60	5
Apr 29, 2026, 5:05:37 p.m.		Synne Fredriksen Moe	Team Training	90	5
Apr 29, 2026, 5:05:38 p.m.		Julie Pedersen	Strength Training	60	7
Apr 29, 2026, 5:05:39 p.m.		Addison Weichers	Team Training	90	3
Apr 29, 2026, 5:05:49 p.m.		Julie Pedersen	Team Training	90	5
Apr 29, 2026, 5:05:52 p.m.		Synne Fredriksen Moe	Strength Training	45	5
Apr 29, 2026, 5:06:18 p.m.		Rylee Foster	Team Training	90	5
Apr 29, 2026, 5:08:29 p.m.		Julia Benati	Team Training	90	2
Apr 29, 2026, 5:08:58 p.m.		Julia Benati	Strength Training	45	3
Apr 29, 2026, 5:15:30 p.m.		Karima Lemire	Team Training	90	5
Apr 29, 2026, 5:15:36 p.m.		Eva Fremaux	Team Training	90	10
Apr 29, 2026, 5:15:44 p.m.		Karima Lemire	Strength Training	45	5
Apr 29, 2026, 5:15:48 p.m.		Eva Fremaux	Strength Training	60	5
Apr 29, 2026, 5:36:20 p.m.		Cho So-Hyun	Strength Training	40	3
Apr 29, 2026, 5:36:41 p.m.		Cho So-Hyun	Team Training	90	4
Apr 29, 2026, 5:40:33 p.m.		Jordyn Rhodes	Team Training	90	3
Apr 29, 2026, 5:40:40 p.m.		Kat Jordan	Strength Training	60	6
Apr 29, 2026, 5:40:41 p.m.		Jordyn Rhodes	Strength Training	45	4
Apr 29, 2026, 5:40:45 p.m.		Julianne Vallerand	Team Training	120	3
Apr 29, 2026, 5:40:48 p.m.		Sheyenne Allen	Strength Training	45	4
Apr 29, 2026, 5:40:50 p.m.		Kat Jordan	Team Training	120	6
Apr 29, 2026, 5:41:07 p.m.		Julianne Vallerand	Strength Training	60	4
Apr 29, 2026, 5:42:05 p.m.		Sheyenne Allen	Team Training	96	3
Apr 29, 2026, 5:50:54 p.m.		Tiffany Cameron	Team Training	90	4
Apr 29, 2026, 5:51:01 p.m.		Megumi Nakamura	Team Training	120	3
Apr 29, 2026, 5:51:04 p.m.		Megumi Nakamura	Strength Training	60	2
Apr 29, 2026, 5:51:08 p.m.		Sydney Kennedy	Team Training	105	6
Apr 29, 2026, 5:51:11 p.m.		Saorla Miller	Strength Training	60	5
Apr 29, 2026, 5:51:22 p.m.		Saorla Miller	Team Training	90	5
Apr 29, 2026, 5:59:35 p.m.		Anika Toth	Team Training	90	5
Apr 29, 2026, 5:59:40 p.m.		Anika Toth	Strength Training	45	3
Apr 29, 2026, 10:33:16 p.m.		Annika Leslie	Team Training	90	4
Apr 29, 2026, 11:47:34 p.m.		Stella Downing	Team Training	60	7
Apr 29, 2026, 11:47:43 p.m.		Stella Downing	Strength Training	45	4
Apr 30, 2026, 2:07:14 p.m.		Sydney Kennedy	Strength Training	45	3
Apr 30, 2026, 2:18:13 p.m.		Julia Benati	Strength Training	30	3
Apr 30, 2026, 2:19:26 p.m.		Rylee Foster	Strength Training	45	3
Apr 30, 2026, 2:24:22 p.m.		Julianne Vallerand	Strength Training	60	3
Apr 30, 2026, 2:25:42 p.m.		Tiffany Cameron	Strength Training	60	4
Apr 30, 2026, 2:26:00 p.m.		Saorla Miller	Strength Training	60	4
Apr 30, 2026, 2:34:00 p.m.		Addison Weichers	Strength Training	45	3
Apr 30, 2026, 4:07:12 p.m.		Stella Downing	Strength Training	45	2
Apr 30, 2026, 4:07:15 p.m.		Stella Downing	Team Training	5	0
Apr 30, 2026, 5:45:13 p.m.		Synne Fredriksen Moe	Team Training	135	8
Apr 30, 2026, 5:45:28 p.m.		Synne Fredriksen Moe	Strength Training	50	4
Apr 30, 2026, 5:46:16 p.m.		Addison Weichers	Team Training	130	6
Apr 30, 2026, 5:46:27 p.m.		Naya Cardoza	Team Training	135	6
Apr 30, 2026, 5:46:29 p.m.		Samantha St Croix	Strength Training	60	4
Apr 30, 2026, 5:46:35 p.m.		Samantha St Croix	Team Training	120	8
Apr 30, 2026, 5:46:41 p.m.		Naya Cardoza	Strength Training	60	5
Apr 30, 2026, 5:46:47 p.m.		Sydney Kennedy	Team Training	135	7
Apr 30, 2026, 5:46:54 p.m.		Julianne Vallerand	Team Training	120	5
Apr 30, 2026, 5:50:40 p.m.		Sarah Taylor	Team Training	120	6
Apr 30, 2026, 5:50:44 p.m.		Julia Benati	Team Training	150	6
Apr 30, 2026, 5:51:06 p.m.		Jordyn Rhodes	Team Training	150	6
Apr 30, 2026, 5:51:09 p.m.		Tiffany Cameron	Team Training	140	6
Apr 30, 2026, 5:51:15 p.m.		Jordyn Rhodes	Strength Training	45	3
Apr 30, 2026, 5:57:13 p.m.		Annika Leslie	Strength Training	60	3
Apr 30, 2026, 5:57:17 p.m.		Annika Leslie	Team Training	135	6
Apr 30, 2026, 5:59:54 p.m.		Eva Fremaux	Strength Training	60	5
Apr 30, 2026, 6:00:06 p.m.		Eva Fremaux	Team Training	150	7
Apr 30, 2026, 6:01:25 p.m.		Karima Lemire	Team Training	120	7
Apr 30, 2026, 6:01:29 p.m.		Karima Lemire	Strength Training	45	4
Apr 30, 2026, 6:02:07 p.m.		Megumi Nakamura	Team Training	120	6
Apr 30, 2026, 6:02:10 p.m.		Megumi Nakamura	Strength Training	60	3
Apr 30, 2026, 6:03:12 p.m.		Cho So-Hyun	Strength Training	40	3
Apr 30, 2026, 6:03:34 p.m.		Cho So-Hyun	Team Training	100	5
Apr 30, 2026, 6:07:17 p.m.		Saorla Miller	Team Training	135	6
Apr 30, 2026, 6:08:25 p.m.		Rylee Foster	Team Training	135	6
Apr 30, 2026, 6:13:08 p.m.		Kat Jordan	Team Training	10	1
Apr 30, 2026, 6:13:29 p.m.		Kat Jordan	Strength Training	60	6
Apr 30, 2026, 6:14:03 p.m.		Sheyenne Allen	Strength Training	45	4
Apr 30, 2026, 6:14:20 p.m.		Sheyenne Allen	Team Training	160	5
Apr 30, 2026, 6:45:23 p.m.		Julie Pedersen	Strength Training	50	6
Apr 30, 2026, 6:45:46 p.m.		Julie Pedersen	Team Training	135	7
Apr 30, 2026, 7:49:02 p.m.		Anika Toth	Team Training	120	6
Apr 30, 2026, 7:49:05 p.m.		Anika Toth	Strength Training	60	3
May 1, 2026, 2:01:03 p.m.		Cho So-Hyun	Strength Training	40	2
May 1, 2026, 2:12:54 p.m.		Rylee Foster	Strength Training	45	3
May 1, 2026, 2:16:25 p.m.		Tiffany Cameron	Strength Training	45	3
May 1, 2026, 2:16:30 p.m.		Samantha St Croix	Strength Training	45	3
May 1, 2026, 2:18:26 p.m.		Julia Benati	Strength Training	30	1
May 1, 2026, 2:18:36 p.m.		Stella Downing	Strength Training	45	4
May 1, 2026, 2:28:47 p.m.		Sarah Taylor	Strength Training	45	4
May 1, 2026, 2:32:28 p.m.		Addison Weichers	Strength Training	40	2
May 1, 2026, 2:33:04 p.m.		Julianne Vallerand	Strength Training	60	2
May 1, 2026, 5:13:50 p.m.		Julianne Vallerand	Team Training	120	4
May 1, 2026, 5:15:35 p.m.		Saorla Miller	Strength Training	45	2
May 1, 2026, 5:16:04 p.m.		Saorla Miller	Team Training	105	5
May 1, 2026, 5:16:10 p.m.		Julia Benati	Team Training	90	3
May 1, 2026, 5:16:24 p.m.		Addison Weichers	Team Training	100	4
May 1, 2026, 5:16:27 p.m.		Samantha St Croix	Team Training	150	6
May 1, 2026, 5:19:27 p.m.		Cho So-Hyun	Team Training	105	4
May 1, 2026, 5:19:57 p.m.		Sarah Taylor	Team Training	105	4
May 1, 2026, 5:20:06 p.m.		Naya Cardoza	Strength Training	60	3
May 1, 2026, 5:20:10 p.m.		Naya Cardoza	Team Training	90	5
May 1, 2026, 5:28:03 p.m.		Eva Fremaux	Team Training	105	5
May 1, 2026, 5:28:18 p.m.		Eva Fremaux	Strength Training	60	4
May 1, 2026, 5:39:06 p.m.		Rylee Foster	Team Training	90	5
May 1, 2026, 5:39:42 p.m.		Jordyn Rhodes	Team Training	90	3
May 1, 2026, 5:39:52 p.m.		Jordyn Rhodes	Strength Training	45	3
May 1, 2026, 5:47:26 p.m.		Kat Jordan	Recovery	120	1
May 1, 2026, 5:47:49 p.m.		Annika Leslie	Strength Training	45	2
May 1, 2026, 5:47:58 p.m.		Stella Downing	Team Training	15	2
May 1, 2026, 5:47:59 p.m.		Sydney Kennedy	Strength Training	35	2
May 1, 2026, 5:48:00 p.m.		Julie Pedersen	Strength Training	45	4
May 1, 2026, 5:48:06 p.m.		Karima Lemire	Team Training	90	4
May 1, 2026, 5:48:10 p.m.		Annika Leslie	Team Training	100	3
May 1, 2026, 5:48:10 p.m.		Sydney Kennedy	Team Training	90	5
May 1, 2026, 5:48:13 p.m.		Megumi Nakamura	Team Training	120	7
May 1, 2026, 5:48:14 p.m.		Julie Pedersen	Team Training	100	3
May 1, 2026, 5:48:21 p.m.		Megumi Nakamura	Strength Training	60	2
May 1, 2026, 5:49:30 p.m.		Karima Lemire	Strength Training	45	3
May 1, 2026, 6:00:39 p.m.		Synne Fredriksen Moe	Team Training	120	4
May 1, 2026, 6:00:47 p.m.		Sheyenne Allen	Team Training	120	3
May 1, 2026, 6:00:49 p.m.		Synne Fredriksen Moe	Strength Training	30	4
May 1, 2026, 6:05:44 p.m.		Sheyenne Allen	Strength Training	40	3
May 1, 2026, 6:17:06 p.m.		Anika Toth	Team Training	90	4
May 1, 2026, 6:17:14 p.m.		Anika Toth	Strength Training	30	2
May 1, 2026, 6:24:32 p.m.		Tiffany Cameron	Team Training	105	4
May 2, 2026, 12:00:00 a.m.		Sydney Kennedy	Team Training	60	2
May 2, 2026, 8:58:53 p.m.		Sarah Taylor	Team Training	60	3
May 2, 2026, 8:58:57 p.m.		Eva Fremaux	Team Training	60	4
May 2, 2026, 8:58:58 p.m.		Cho So-Hyun	Team Training	60	2
May 2, 2026, 8:59:02 p.m.		Samantha St Croix	Team Training	90	3
May 2, 2026, 8:59:11 p.m.		Julianne Vallerand	Team Training	90	2
May 2, 2026, 8:59:16 p.m.		Megumi Nakamura	Team Training	60	2
May 2, 2026, 8:59:19 p.m.		Rylee Foster	Team Training	90	3
May 2, 2026, 9:02:20 p.m.		Naya Cardoza	Team Training	90	4
May 2, 2026, 9:02:48 p.m.		Synne Fredriksen Moe	Team Training	60	3
May 2, 2026, 9:02:57 p.m.		Sheyenne Allen	Team Training	75	1
May 2, 2026, 9:04:03 p.m.		Karima Lemire	Team Training	90	2
May 2, 2026, 9:12:17 p.m.		Julie Pedersen	Team Training	75	3
May 2, 2026, 9:13:51 p.m.		Saorla Miller	Team Training	90	3
May 2, 2026, 10:00:51 p.m.		Tiffany Cameron	Team Training	70	3
May 2, 2026, 10:01:17 p.m.		Jordyn Rhodes	Team Training	90	2
May 2, 2026, 10:06:06 p.m.		Anika Toth	Team Training	60	4
May 3, 2026, 12:00:00 p.m.	Match VS AFC Toronto	Anika Toth	Game / Competition	160	1
May 3, 2026, 12:00:00 p.m.	Match VS AFC Toronto	Naya Cardoza	Game / Competition	160	7
May 3, 2026, 12:00:00 p.m.	Match VS AFC Toronto	Annika Leslie	Game / Competition	4	0
May 3, 2026, 12:00:00 p.m.	Match VS AFC Toronto	Annika Leslie	Team Training	30	3
May 3, 2026, 12:00:00 p.m.	Match VS AFC Toronto	Julianne Vallerand	Game / Competition	160	8
May 3, 2026, 12:00:00 p.m.	Match VS AFC Toronto	Saorla Miller	Game / Competition	160	8
May 3, 2026, 6:07:19 p.m.		Sheyenne Allen	Game / Competition	90	7
May 3, 2026, 6:35:12 p.m.		Samantha St Croix	Game / Competition	120	1
May 3, 2026, 6:41:23 p.m.		Synne Fredriksen Moe	Game / Competition	1	1
May 3, 2026, 6:41:28 p.m.		Addison Weichers	Game / Competition	105	8
May 3, 2026, 6:45:43 p.m.		Julie Pedersen	Game / Competition	30	7
May 3, 2026, 6:49:15 p.m.		Rylee Foster	Game / Competition	90	8
May 3, 2026, 7:03:05 p.m.		Jordyn Rhodes	Game / Competition	45	6
May 3, 2026, 7:03:20 p.m.		Megumi Nakamura	Team Training	30	2
May 3, 2026, 7:03:31 p.m.		Megumi Nakamura	Game / Competition	45	10
May 3, 2026, 7:14:45 p.m.		Saorla Miller	Game / Competition	85	8
May 3, 2026, 7:30:19 p.m.		Sarah Taylor	Game / Competition	10	4
May 3, 2026, 7:30:20 p.m.		Cho So-Hyun	Team Training	90	7
May 3, 2026, 7:37:44 p.m.		Sydney Kennedy	Game / Competition	60	6
May 3, 2026, 8:01:26 p.m.		Tiffany Cameron	Game / Competition	30	7
May 3, 2026, 8:01:30 p.m.		Julia Benati	Game / Competition	60	6
May 3, 2026, 9:13:58 p.m.		Naya Cardoza	Game / Competition	90	7
May 3, 2026, 10:25:45 p.m.		Karima Lemire	Game / Competition	90	8
May 3, 2026, 10:59:38 p.m.		Eva Fremaux	Game / Competition	1	1
May 4, 2026, 4:12:01 p.m.		Sarah Taylor	Team Training	60	8
May 4, 2026, 4:17:19 p.m.		Stella Downing	Team Training	30	3
May 4, 2026, 4:17:27 p.m.		Stella Downing	Strength Training	45	3
May 4, 2026, 4:17:43 p.m.		Julia Benati	Strength Training	45	2
May 4, 2026, 4:29:14 p.m.		Samantha St Croix	Team Training	60	5
May 4, 2026, 4:58:23 p.m.		Sydney Kennedy	Strength Training	45	5
May 4, 2026, 5:03:37 p.m.		Eva Fremaux	Team Training	90	8
May 4, 2026, 5:03:42 p.m.		Eva Fremaux	Strength Training	60	5
May 4, 2026, 5:09:32 p.m.		Rylee Foster	Recovery	30	0
May 4, 2026, 5:09:40 p.m.		Rylee Foster	Strength Training	45	3
May 4, 2026, 5:23:57 p.m.		Cho So-Hyun	Strength Training	30	3
May 4, 2026, 5:24:06 p.m.		Cho So-Hyun	Recovery	40	1
May 4, 2026, 5:25:52 p.m.		Samantha St Croix	Strength Training	60	5
May 4, 2026, 5:25:56 p.m.		Samantha St Croix	Recovery	45	3
May 4, 2026, 5:28:05 p.m.		Sydney Kennedy	Recovery	30	1
May 4, 2026, 5:28:49 p.m.		Addison Weichers	Strength Training	30	4
May 4, 2026, 5:28:57 p.m.		Addison Weichers	Recovery	30	1
May 4, 2026, 5:28:58 p.m.		Stella Downing	Recovery	20	1
May 4, 2026, 5:29:00 p.m.		Eva Fremaux	Recovery	45	1
May 4, 2026, 5:29:00 p.m.		Karima Lemire	Strength Training	45	5
May 4, 2026, 5:29:03 p.m.		Julia Benati	Recovery	10	1
May 4, 2026, 5:29:05 p.m.		Megumi Nakamura	Team Training	60	7
May 4, 2026, 5:29:06 p.m.		Karima Lemire	Recovery	30	1
May 4, 2026, 5:29:08 p.m.		Megumi Nakamura	Strength Training	1	3
May 4, 2026, 5:29:12 p.m.		Annika Leslie	Team Training	60	7
May 4, 2026, 5:29:19 p.m.		Julia Benati	Team Training	1	0
May 4, 2026, 5:29:21 p.m.		Jordyn Rhodes	Team Training	60	3
May 4, 2026, 5:29:23 p.m.		Annika Leslie	Strength Training	30	4
May 4, 2026, 5:29:25 p.m.		Megumi Nakamura	Recovery	30	0
May 4, 2026, 5:29:32 p.m.		Annika Leslie	Recovery	30	1
May 4, 2026, 5:29:33 p.m.		Jordyn Rhodes	Strength Training	45	3
May 4, 2026, 5:29:42 p.m.		Jordyn Rhodes	Recovery	30	1
May 4, 2026, 5:30:00 p.m.		Julianne Vallerand	Strength Training	60	4
May 4, 2026, 5:30:12 p.m.		Anika Toth	Team Training	60	4
May 4, 2026, 5:30:19 p.m.		Naya Cardoza	Strength Training	60	5
May 4, 2026, 5:30:30 p.m.		Naya Cardoza	Recovery	60	3
May 4, 2026, 5:30:33 p.m.		Anika Toth	Strength Training	45	4
May 4, 2026, 5:30:41 p.m.		Anika Toth	Recovery	30	1
May 4, 2026, 5:31:05 p.m.		Sheyenne Allen	Recovery	30	2
May 4, 2026, 5:31:10 p.m.		Julianne Vallerand	Recovery	60	1
May 4, 2026, 5:31:14 p.m.		Sheyenne Allen	Strength Training	30	5
May 4, 2026, 5:31:26 p.m.		Julie Pedersen	Team Training	45	1
May 4, 2026, 5:32:00 p.m.		Synne Fredriksen Moe	Team Training	60	5
May 4, 2026, 5:32:19 p.m.		Synne Fredriksen Moe	Strength Training	60	5
May 4, 2026, 5:45:01 p.m.		Kat Jordan	Strength Training	60	1
May 4, 2026, 5:49:03 p.m.		Sarah Taylor	Strength Training	60	4
May 4, 2026, 5:49:11 p.m.		Sarah Taylor	Recovery	45	2
May 4, 2026, 6:23:44 p.m.		Julie Pedersen	Strength Training	40	7
May 4, 2026, 6:24:17 p.m.		Julie Pedersen	Recovery	25	1
May 4, 2026, 6:43:52 p.m.		Saorla Miller	Strength Training	60	4
May 4, 2026, 6:44:00 p.m.		Saorla Miller	Recovery	45	2
May 4, 2026, 10:44:02 p.m.		Tiffany Cameron	Recovery	60	2
May 5, 2026, 12:00:00 a.m.		Tiffany Cameron	Recovery	35	2
May 5, 2026, 12:00:00 a.m.		Sheyenne Allen	Recovery	30	1
May 5, 2026, 3:37:21 p.m.		Cho So-Hyun	Recovery	1	0
May 6, 2026, 5:08:53 p.m.		Synne Fredriksen Moe	Team Training	90	3
May 6, 2026, 5:10:17 p.m.		Naya Cardoza	Team Training	60	4
May 6, 2026, 5:10:24 p.m.		Karima Lemire	Team Training	75	3
May 6, 2026, 5:10:53 p.m.		Saorla Miller	Team Training	90	4
May 6, 2026, 5:14:25 p.m.		Julia Benati	Team Training	94	2
May 6, 2026, 5:15:16 p.m.		Sarah Taylor	Team Training	60	3
May 6, 2026, 5:19:55 p.m.		Cho So-Hyun	Team Training	90	3
May 6, 2026, 5:20:21 p.m.		Sydney Kennedy	Team Training	75	4
May 6, 2026, 5:21:15 p.m.		Julianne Vallerand	Team Training	120	2
May 6, 2026, 5:23:29 p.m.		Samantha St Croix	Team Training	75	3
May 6, 2026, 5:28:11 p.m.		Tiffany Cameron	Team Training	90	3
May 6, 2026, 5:28:29 p.m.		Anika Toth	Team Training	90	3
May 6, 2026, 5:29:07 p.m.		Annika Leslie	Team Training	90	3
May 6, 2026, 5:37:15 p.m.		Addison Weichers	Team Training	85	3
May 6, 2026, 5:37:37 p.m.		Rylee Foster	Team Training	90	3
May 6, 2026, 5:42:04 p.m.		Jordyn Rhodes	Team Training	90	3
May 6, 2026, 6:15:21 p.m.		Stella Downing	Team Training	90	3
May 6, 2026, 6:19:47 p.m.		Sheyenne Allen	Team Training	60	3
May 6, 2026, 6:30:19 p.m.		Eva Fremaux	Team Training	60	3
May 6, 2026, 7:08:40 p.m.		Julie Pedersen	Team Training	75	3
May 7, 2026, 5:40:12 p.m.		Karima Lemire	Team Training	90	6
May 7, 2026, 5:40:17 p.m.		Samantha St Croix	Team Training	90	4
May 7, 2026, 5:40:24 p.m.		Julianne Vallerand	Team Training	120	5
May 7, 2026, 5:40:24 p.m.		Addison Weichers	Team Training	90	5
May 7, 2026, 5:40:30 p.m.		Sarah Taylor	Team Training	60	7
May 7, 2026, 5:40:47 p.m.		Rylee Foster	Team Training	120	4
May 7, 2026, 5:54:24 p.m.		Eva Fremaux	Team Training	60	6
May 7, 2026, 5:55:20 p.m.		Megumi Nakamura	Team Training	90	7
May 7, 2026, 6:01:47 p.m.		Jordyn Rhodes	Team Training	120	4
May 7, 2026, 6:03:09 p.m.		Annika Leslie	Team Training	120	5
May 7, 2026, 6:03:52 p.m.		Saorla Miller	Team Training	90	5
May 7, 2026, 6:03:57 p.m.		Naya Cardoza	Team Training	120	5
May 7, 2026, 6:04:15 p.m.		Cho So-Hyun	Team Training	120	6
May 7, 2026, 6:15:38 p.m.		Sydney Kennedy	Team Training	50	7
May 7, 2026, 6:24:52 p.m.		Julia Benati	Team Training	90	5
May 7, 2026, 7:13:41 p.m.		Tiffany Cameron	Team Training	90	6
May 7, 2026, 7:31:45 p.m.		Synne Fredriksen Moe	Team Training	60	5
May 8, 2026, 12:00:00 a.m.		Naya Cardoza	Recovery	60	0
May 8, 2026, 4:46:31 p.m.		Cho So-Hyun	Recovery	1	0
May 8, 2026, 6:32:20 p.m.		Tiffany Cameron	Recovery	30	1
May 8, 2026, 11:41:02 p.m.		Sheyenne Allen	Recovery	60	2
May 9, 2026, 4:59:09 p.m.		Synne Fredriksen Moe	Team Training	90	4
May 9, 2026, 4:59:48 p.m.		Eva Fremaux	Team Training	60	4
May 9, 2026, 5:00:00 p.m.		Julie Pedersen	Team Training	80	5
May 9, 2026, 5:00:01 p.m.		Karima Lemire	Team Training	90	4
May 9, 2026, 5:00:08 p.m.		Samantha St Croix	Team Training	90	7
May 9, 2026, 5:01:09 p.m.		Addison Weichers	Team Training	90	4
May 9, 2026, 5:01:18 p.m.		Julia Benati	Team Training	90	3
May 9, 2026, 5:01:18 p.m.		Sarah Taylor	Team Training	90	5
May 9, 2026, 5:01:30 p.m.		Naya Cardoza	Team Training	90	4
May 9, 2026, 5:01:38 p.m.		Saorla Miller	Team Training	90	5
May 9, 2026, 5:01:49 p.m.		Julianne Vallerand	Team Training	90	3
May 9, 2026, 5:01:51 p.m.		Tiffany Cameron	Team Training	100	3
May 9, 2026, 5:01:56 p.m.		Stella Downing	Team Training	60	2
May 9, 2026, 5:02:54 p.m.		Sydney Kennedy	Team Training	90	5
May 9, 2026, 5:11:35 p.m.		Rylee Foster	Team Training	90	5
May 9, 2026, 5:34:06 p.m.		Sheyenne Allen	Game / Competition	90	3
May 9, 2026, 6:25:21 p.m.		Jordyn Rhodes	Team Training	90	3
May 9, 2026, 6:29:55 p.m.		Cho So-Hyun	Team Training	100	4
May 9, 2026, 7:27:04 p.m.		Anika Toth	Team Training	90	3
May 9, 2026, 9:01:07 p.m.		Annika Leslie	Team Training	90	4
May 10, 2026, 12:00:00 a.m.		Megumi Nakamura	Team Training	120	7
May 10, 2026, 12:00:00 a.m.		Megumi Nakamura	Strength Training	60	2
May 10, 2026, 2:39:12 p.m.		Sydney Kennedy	Strength Training	40	4
May 10, 2026, 2:45:48 p.m.		Tiffany Cameron	Strength Training	45	3
May 10, 2026, 2:46:42 p.m.		Julia Benati	Strength Training	45	4
May 10, 2026, 2:47:36 p.m.		Saorla Miller	Strength Training	45	4
May 10, 2026, 2:50:36 p.m.		Julie Pedersen	Strength Training	45	5
May 10, 2026, 2:51:04 p.m.		Samantha St Croix	Strength Training	60	4
May 10, 2026, 2:51:24 p.m.		Julianne Vallerand	Strength Training	60	3
May 10, 2026, 2:51:33 p.m.		Cho So-Hyun	Strength Training	40	3
May 10, 2026, 2:59:21 p.m.		Kat Jordan	Strength Training	60	2
May 10, 2026, 5:53:51 p.m.		Synne Fredriksen Moe	Team Training	105	7
May 10, 2026, 5:54:14 p.m.		Sydney Kennedy	Team Training	120	6
May 10, 2026, 5:54:16 p.m.		Naya Cardoza	Team Training	105	6
May 10, 2026, 5:54:16 p.m.		Synne Fredriksen Moe	Strength Training	45	5
May 10, 2026, 5:54:27 p.m.		Anika Toth	Team Training	90	5
May 10, 2026, 5:54:27 p.m.		Samantha St Croix	Team Training	120	5
May 10, 2026, 5:54:35 p.m.		Naya Cardoza	Strength Training	60	3
May 10, 2026, 5:54:37 p.m.		Anika Toth	Strength Training	60	3
May 10, 2026, 5:54:50 p.m.		Tiffany Cameron	Team Training	105	5
May 10, 2026, 5:54:53 p.m.		Addison Weichers	Strength Training	45	3
May 10, 2026, 5:54:59 p.m.		Addison Weichers	Team Training	100	5
May 10, 2026, 5:59:22 p.m.		Sarah Taylor	Strength Training	60	4
May 10, 2026, 5:59:35 p.m.		Sarah Taylor	Team Training	105	5
May 10, 2026, 6:02:26 p.m.		Rylee Foster	Team Training	120	6
May 10, 2026, 6:02:36 p.m.		Rylee Foster	Strength Training	60	3
May 10, 2026, 6:06:21 p.m.		Saorla Miller	Team Training	105	6
May 10, 2026, 6:13:30 p.m.		Cho So-Hyun	Team Training	105	7
May 10, 2026, 6:26:29 p.m.		Annika Leslie	Team Training	105	5
May 10, 2026, 6:26:38 p.m.		Annika Leslie	Strength Training	60	4
May 10, 2026, 6:36:46 p.m.		Julie Pedersen	Team Training	110	6
May 10, 2026, 6:42:31 p.m.		Sheyenne Allen	Strength Training	30	3
May 10, 2026, 6:42:35 p.m.		Sheyenne Allen	Team Training	120	4
May 10, 2026, 7:13:53 p.m.		Julianne Vallerand	Team Training	120	7
May 10, 2026, 7:53:28 p.m.		Julia Benati	Team Training	90	5
May 10, 2026, 8:30:33 p.m.		Karima Lemire	Team Training	90	6
May 10, 2026, 8:30:41 p.m.		Karima Lemire	Strength Training	45	4
May 10, 2026, 10:33:30 p.m.		Jordyn Rhodes	Team Training	90	3
May 10, 2026, 10:33:36 p.m.		Jordyn Rhodes	Strength Training	45	4
May 10, 2026, 10:54:53 p.m.		Eva Fremaux	Strength Training	60	3
May 10, 2026, 10:54:56 p.m.		Eva Fremaux	Team Training	90	4
May 10, 2026, 11:11:37 p.m.		Stella Downing	Team Training	90	5
May 10, 2026, 11:11:48 p.m.		Stella Downing	Strength Training	45	4
May 11, 2026, 5:16:53 p.m.		Eva Fremaux	Team Training	60	5
May 11, 2026, 5:20:02 p.m.		Julianne Vallerand	Team Training	120	3
May 11, 2026, 5:21:08 p.m.		Naya Cardoza	Team Training	90	4
May 11, 2026, 5:21:17 p.m.		Naya Cardoza	Strength Training	15	3
May 11, 2026, 5:21:22 p.m.		Synne Fredriksen Moe	Team Training	105	4
May 11, 2026, 5:22:54 p.m.		Karima Lemire	Team Training	90	5
May 11, 2026, 5:29:53 p.m.		Samantha St Croix	Team Training	120	3
May 11, 2026, 5:30:47 p.m.		Saorla Miller	Team Training	105	5
May 11, 2026, 5:30:59 p.m.		Julia Benati	Team Training	90	3
May 11, 2026, 5:31:35 p.m.		Saorla Miller	Strength Training	15	2
May 11, 2026, 5:35:17 p.m.		Cho So-Hyun	Team Training	105	5
May 11, 2026, 5:35:43 p.m.		Anika Toth	Team Training	90	4
May 11, 2026, 5:36:10 p.m.		Rylee Foster	Team Training	120	2
May 11, 2026, 5:36:27 p.m.		Annika Leslie	Team Training	105	4
May 11, 2026, 5:36:32 p.m.		Sarah Taylor	Team Training	120	4
May 11, 2026, 5:36:36 p.m.		Jordyn Rhodes	Team Training	90	3
May 11, 2026, 5:36:36 p.m.		Stella Downing	Team Training	60	5
May 11, 2026, 5:44:22 p.m.		Megumi Nakamura	Team Training	120	5
May 11, 2026, 6:01:45 p.m.		Sheyenne Allen	Team Training	120	3
May 11, 2026, 6:01:48 p.m.		Tiffany Cameron	Team Training	120	4
May 11, 2026, 6:02:08 p.m.		Tiffany Cameron	Strength Training	15	2
May 11, 2026, 6:15:23 p.m.		Sydney Kennedy	Team Training	90	5
May 11, 2026, 6:51:57 p.m.		Julie Pedersen	Team Training	105	4
May 11, 2026, 8:50:46 p.m.		Addison Weichers	Strength Training	15	1
May 11, 2026, 8:50:49 p.m.		Addison Weichers	Team Training	90	4
May 11, 2026, 8:55:51 p.m.		Sydney Kennedy	Strength Training	10	3
May 12, 2026, 4:11:41 p.m.		Anika Toth	Team Training	60	4
May 12, 2026, 4:11:46 p.m.		Anika Toth	Strength Training	45	3
May 12, 2026, 11:16:33 p.m.		Cho So-Hyun	Team Training	60	3
May 12, 2026, 11:19:21 p.m.		Naya Cardoza	Team Training	90	4
May 12, 2026, 11:19:30 p.m.		Tiffany Cameron	Team Training	90	3
May 12, 2026, 11:19:32 p.m.		Sydney Kennedy	Team Training	90	2
May 12, 2026, 11:19:37 p.m.		Saorla Miller	Team Training	90	3
May 12, 2026, 11:19:44 p.m.		Julie Pedersen	Team Training	60	3
May 12, 2026, 11:20:11 p.m.		Samantha St Croix	Team Training	90	5
May 12, 2026, 11:20:13 p.m.		Eva Fremaux	Team Training	60	4
May 12, 2026, 11:20:16 p.m.		Julianne Vallerand	Team Training	120	2
May 12, 2026, 11:20:17 p.m.		Karima Lemire	Team Training	60	3
May 12, 2026, 11:20:27 p.m.		Rylee Foster	Team Training	80	4
May 12, 2026, 11:20:29 p.m.		Addison Weichers	Team Training	80	3
May 12, 2026, 11:20:31 p.m.		Synne Fredriksen Moe	Team Training	90	3
May 12, 2026, 11:22:07 p.m.		Stella Downing	Team Training	60	4
May 12, 2026, 11:22:32 p.m.		Sarah Taylor	Team Training	60	3
May 12, 2026, 11:22:54 p.m.		Annika Leslie	Team Training	90	3
May 12, 2026, 11:23:22 p.m.		Megumi Nakamura	Team Training	60	2
May 12, 2026, 11:26:23 p.m.		Jordyn Rhodes	Team Training	90	2
May 12, 2026, 11:27:43 p.m.		Sheyenne Allen	Team Training	106	3
May 12, 2026, 11:34:06 p.m.		Julia Benati	Team Training	5	0
May 13, 2026, 12:00:00 a.m.		Megumi Nakamura	Game / Competition	25	5
May 13, 2026, 12:00:00 a.m.		Sarah Taylor	Game / Competition	10	4
May 13, 2026, 12:00:00 a.m.		Tiffany Cameron	Team Training	30	5
May 13, 2026, 12:00:00 a.m.		Synne Fredriksen Moe	Game / Competition	60	7
May 13, 2026, 12:00:00 a.m.		Eva Fremaux	Game / Competition	15	4
May 13, 2026, 12:00:00 a.m.		Samantha St Croix	Team Training	120	2
May 13, 2026, 12:00:00 a.m.		Megumi Nakamura	Team Training	30	2
May 13, 2026, 12:00:00 a.m.		Julianne Vallerand	Game / Competition	120	8
May 13, 2026, 12:00:00 a.m.		Julia Benati	Game / Competition	1	0
May 13, 2026, 12:00:00 a.m.		Cho So-Hyun	Game / Competition	90	7
May 13, 2026, 12:00:00 a.m.		Rylee Foster	Game / Competition	90	9
May 13, 2026, 12:00:00 a.m.		Addison Weichers	Game / Competition	105	9
May 13, 2026, 12:00:00 a.m.		Sheyenne Allen	Game / Competition	80	7
May 13, 2026, 12:00:00 a.m.		Sydney Kennedy	Game / Competition	60	6
May 13, 2026, 12:00:00 a.m.		Naya Cardoza	Game / Competition	90	5
May 13, 2026, 12:00:00 a.m.		Annika Leslie	Game / Competition	1	0
May 13, 2026, 12:00:00 a.m.		Stella Downing	Game / Competition	120	2
May 13, 2026, 12:00:00 a.m.		Saorla Miller	Game / Competition	90	8
May 13, 2026, 5:03:09 p.m.		Julia Benati	Strength Training	45	3
May 13, 2026, 5:03:21 p.m.		Julia Benati	Recovery	30	5
May 13, 2026, 5:47:22 p.m.		Kat Jordan	Strength Training	90	5
May 13, 2026, 6:22:34 p.m.		Anika Toth	Team Training	60	4
May 13, 2026, 6:22:40 p.m.		Anika Toth	Strength Training	45	3
May 13, 2026, 7:00:00 p.m.	Match VS Ottawa Rapid	Karima Lemire	Game / Competition	160	8
May 13, 2026, 7:00:00 p.m.	Match VS Ottawa Rapid	Naya Cardoza	Game / Competition	160	5
May 13, 2026, 7:00:00 p.m.	Match VS Ottawa Rapid	Saorla Miller	Game / Competition	160	8
May 13, 2026, 7:00:00 p.m.	Match VS Ottawa Rapid	Jordyn Rhodes	Game / Competition	160	6
May 13, 2026, 7:00:00 p.m.	Match VS Ottawa Rapid	Julie Pedersen	Game / Competition	30	5
May 14, 2026, 12:00:00 a.m.		Sheyenne Allen	Recovery	30	1
May 14, 2026, 3:48:36 p.m.		Naya Cardoza	Recovery	60	0
May 14, 2026, 6:00:16 p.m.		Kat Jordan	Strength Training	120	4
May 14, 2026, 6:41:07 p.m.		Cho So-Hyun	Recovery	1	0
May 14, 2026, 8:45:50 p.m.		Tiffany Cameron	Recovery	25	2
May 15, 2026, 5:10:47 p.m.		Naya Cardoza	Team Training	30	3
May 15, 2026, 5:14:46 p.m.		Anika Toth	Team Training	60	3
May 15, 2026, 5:21:25 p.m.		Cho So-Hyun	Team Training	70	2
May 15, 2026, 5:23:06 p.m.		Saorla Miller	Team Training	60	3
May 15, 2026, 5:23:50 p.m.		Saorla Miller	Recovery	20	1
May 15, 2026, 5:26:20 p.m.		Synne Fredriksen Moe	Team Training	60	2
May 15, 2026, 5:31:15 p.m.		Julianne Vallerand	Team Training	120	2
May 15, 2026, 5:31:20 p.m.		Julianne Vallerand	Recovery	60	1
May 15, 2026, 5:31:28 p.m.		Sydney Kennedy	Team Training	45	2
May 15, 2026, 5:31:55 p.m.		Sydney Kennedy	Recovery	30	1
May 15, 2026, 5:43:56 p.m.		Tiffany Cameron	Team Training	85	4
May 15, 2026, 5:56:30 p.m.		Jordyn Rhodes	Team Training	90	1
May 15, 2026, 5:56:41 p.m.		Jordyn Rhodes	Recovery	20	1
May 15, 2026, 6:01:46 p.m.		Annika Leslie	Team Training	60	5
May 15, 2026, 6:09:23 p.m.		Samantha St Croix	Team Training	90	4
May 15, 2026, 6:09:34 p.m.		Megumi Nakamura	Team Training	90	0
May 15, 2026, 6:09:44 p.m.		Julie Pedersen	Team Training	60	4
May 15, 2026, 6:14:36 p.m.		Eva Fremaux	Team Training	60	5
May 15, 2026, 6:27:31 p.m.		Stella Downing	Team Training	45	3
May 15, 2026, 6:27:36 p.m.		Sheyenne Allen	Team Training	45	1
May 15, 2026, 6:27:45 p.m.		Sarah Taylor	Team Training	60	0
May 15, 2026, 6:28:44 p.m.		Rylee Foster	Team Training	75	3
May 15, 2026, 6:28:49 p.m.		Julia Benati	Team Training	15	1
May 15, 2026, 6:28:50 p.m.		Addison Weichers	Team Training	60	2
May 15, 2026, 6:58:53 p.m.		Karima Lemire	Team Training	60	2
May 16, 2026, 5:22:28 p.m.		Samantha St Croix	Team Training	120	6
May 16, 2026, 5:22:35 p.m.		Karima Lemire	Team Training	90	4
May 16, 2026, 5:23:23 p.m.		Synne Fredriksen Moe	Team Training	90	3
May 16, 2026, 5:23:52 p.m.		Megumi Nakamura	Team Training	60	0
May 16, 2026, 5:25:56 p.m.		Saorla Miller	Team Training	120	4
May 16, 2026, 5:26:09 p.m.		Sydney Kennedy	Team Training	90	3
May 16, 2026, 5:26:09 p.m.		Addison Weichers	Team Training	100	3
May 16, 2026, 5:26:18 p.m.		Eva Fremaux	Team Training	90	4
May 16, 2026, 5:26:21 p.m.		Sarah Taylor	Team Training	60	3
May 16, 2026, 5:26:25 p.m.		Anika Toth	Team Training	90	4
May 16, 2026, 5:26:32 p.m.		Anika Toth	Strength Training	45	3
May 16, 2026, 5:31:23 p.m.		Tiffany Cameron	Team Training	105	3
May 16, 2026, 5:33:47 p.m.		Rylee Foster	Team Training	105	3
May 16, 2026, 5:35:01 p.m.		Naya Cardoza	Team Training	90	3
May 16, 2026, 5:37:16 p.m.		Julianne Vallerand	Team Training	90	3
May 16, 2026, 5:37:55 p.m.		Annika Leslie	Team Training	105	3
May 16, 2026, 6:37:45 p.m.		Julie Pedersen	Team Training	90	2
May 16, 2026, 7:43:34 p.m.		Sheyenne Allen	Team Training	90	2
May 16, 2026, 7:50:21 p.m.		Cho So-Hyun	Team Training	100	4
May 16, 2026, 10:12:52 p.m.		Kat Jordan	Strength Training	60	2
May 16, 2026, 10:53:28 p.m.		Stella Downing	Team Training	60	5
May 16, 2026, 11:52:59 p.m.		Jordyn Rhodes	Team Training	90	3
May 17, 2026, 10:00:00 a.m.	Practice	Saorla Miller	Team Training	120	3
May 17, 2026, 1:53:03 p.m.		Kat Jordan	Strength Training	60	3
May 17, 2026, 2:44:42 p.m.		Naya Cardoza	Team Training	90	3
May 17, 2026, 2:44:54 p.m.		Samantha St Croix	Team Training	90	5
May 17, 2026, 2:45:00 p.m.		Megumi Nakamura	Team Training	120	1
May 17, 2026, 2:45:13 p.m.		Julianne Vallerand	Team Training	120	3
May 17, 2026, 2:45:36 p.m.		Sarah Taylor	Team Training	60	3
May 17, 2026, 2:46:27 p.m.		Synne Fredriksen Moe	Team Training	60	3
May 17, 2026, 2:47:00 p.m.		Julie Pedersen	Team Training	75	2
May 17, 2026, 2:47:06 p.m.		Addison Weichers	Team Training	80	3
May 17, 2026, 2:47:14 p.m.		Saorla Miller	Team Training	90	3
May 17, 2026, 2:54:56 p.m.		Anika Toth	Team Training	90	4
May 17, 2026, 2:58:18 p.m.		Cho So-Hyun	Team Training	70	2
May 17, 2026, 3:19:56 p.m.		Eva Fremaux	Team Training	60	3
May 17, 2026, 3:20:00 p.m.		Karima Lemire	Team Training	60	3
May 17, 2026, 3:30:57 p.m.		Jordyn Rhodes	Team Training	90	3
May 17, 2026, 4:03:16 p.m.		Julia Benati	Team Training	1	0
May 17, 2026, 4:29:40 p.m.		Stella Downing	Team Training	60	5
May 17, 2026, 5:20:20 p.m.		Sheyenne Allen	Team Training	90	3
May 17, 2026, 6:15:22 p.m.		Sydney Kennedy	Team Training	60	2
May 17, 2026, 6:23:21 p.m.		Tiffany Cameron	Team Training	70	3
May 18, 2026, 12:00:00 a.m.		Sheyenne Allen	Game / Competition	90	7
May 18, 2026, 12:00:00 a.m.		Sydney Kennedy	Game / Competition	15	3
May 18, 2026, 12:00:00 a.m.		Julianne Vallerand	Game / Competition	120	9
May 18, 2026, 12:00:00 a.m.		Jordyn Rhodes	Game / Competition	150	8
May 18, 2026, 12:00:00 a.m.		Annika Leslie	Game / Competition	90	8
May 18, 2026, 3:01:38 p.m.		Anika Toth	Strength Training	45	3
May 18, 2026, 3:35:53 p.m.		Stella Downing	Team Training	45	7
May 18, 2026, 3:36:01 p.m.		Julia Benati	Strength Training	60	3
May 18, 2026, 6:00:00 p.m.	Match VS Vancouver Rise	Naya Cardoza	Game / Competition	60	4
May 18, 2026, 6:00:00 p.m.	Match VS Vancouver Rise	Addison Weichers	Game / Competition	160	9
May 18, 2026, 6:00:00 p.m.	Match VS Vancouver Rise	Karima Lemire	Game / Competition	160	8
May 18, 2026, 6:00:00 p.m.	Match VS Vancouver Rise	Saorla Miller	Game / Competition	90	8
May 18, 2026, 6:00:00 p.m.	Match VS Vancouver Rise	Sheyenne Allen	Game / Competition	160	7
May 18, 2026, 11:45:22 p.m.		Saorla Miller	Game / Competition	90	8
May 18, 2026, 11:45:40 p.m.		Eva Fremaux	Game / Competition	1	0
May 18, 2026, 11:45:51 p.m.		Samantha St Croix	Game / Competition	120	1
May 18, 2026, 11:46:04 p.m.		Naya Cardoza	Game / Competition	60	4
May 18, 2026, 11:47:28 p.m.		Cho So-Hyun	Game / Competition	90	7
May 18, 2026, 11:47:32 p.m.		Julie Pedersen	Game / Competition	40	4
May 18, 2026, 11:53:40 p.m.		Tiffany Cameron	Game / Competition	70	8
May 19, 2026, 12:00:00 a.m.		Tiffany Cameron	Recovery	20	1
May 19, 2026, 12:00:00 a.m.		Sheyenne Allen	Recovery	60	3
May 19, 2026, 11:18:50 a.m.		Cho So-Hyun	Recovery	1	0
May 19, 2026, 7:33:18 p.m.		Kat Jordan	Strength Training	60	4
May 19, 2026, 10:28:33 p.m.		Naya Cardoza	Recovery	30	2
May 20, 2026, 5:16:53 p.m.		Karima Lemire	Team Training	90	4
May 20, 2026, 5:21:59 p.m.		Samantha St Croix	Team Training	90	6
May 20, 2026, 5:22:01 p.m.		Addison Weichers	Team Training	77	3
May 20, 2026, 5:25:32 p.m.		Julianne Vallerand	Team Training	90	3
May 20, 2026, 5:25:36 p.m.		Sydney Kennedy	Team Training	75	5
May 20, 2026, 5:25:42 p.m.		Julianne Vallerand	Strength Training	10	2
May 20, 2026, 5:25:46 p.m.		Sydney Kennedy	Strength Training	15	4
May 20, 2026, 5:28:17 p.m.		Saorla Miller	Team Training	75	3
May 20, 2026, 5:32:45 p.m.		Naya Cardoza	Team Training	60	3
May 20, 2026, 5:33:49 p.m.		Rylee Foster	Team Training	75	6
May 20, 2026, 5:35:35 p.m.		Stella Downing	Team Training	60	5
May 20, 2026, 5:38:04 p.m.		Cho So-Hyun	Team Training	60	3
May 20, 2026, 5:38:08 p.m.		Sheyenne Allen	Team Training	60	3
May 20, 2026, 5:39:44 p.m.		Annika Leslie	Team Training	90	3
May 20, 2026, 5:41:24 p.m.		Sarah Taylor	Team Training	60	4
May 20, 2026, 5:45:57 p.m.		Julia Benati	Team Training	90	2
May 20, 2026, 5:51:34 p.m.		Anika Toth	Team Training	90	4
May 20, 2026, 5:51:44 p.m.		Tiffany Cameron	Team Training	80	3
May 20, 2026, 6:43:48 p.m.		Julie Pedersen	Team Training	80	6
May 20, 2026, 7:35:37 p.m.		Jordyn Rhodes	Team Training	90	2
May 20, 2026, 9:35:18 p.m.		Synne Fredriksen Moe	Team Training	80	6
May 20, 2026, 10:30:59 p.m.		Eva Fremaux	Team Training	75	4
May 20, 2026, 11:19:14 p.m.		Megumi Nakamura	Team Training	60	0
May 21, 2026, 12:00:00 a.m.		Megumi Nakamura	Team Training	60	1
May 21, 2026, 2:10:08 p.m.		Sydney Kennedy	Strength Training	45	4
May 21, 2026, 2:10:50 p.m.		Rylee Foster	Strength Training	40	4
May 21, 2026, 2:14:38 p.m.		Saorla Miller	Strength Training	45	3
May 21, 2026, 2:14:46 p.m.		Cho So-Hyun	Strength Training	40	3
May 21, 2026, 2:18:23 p.m.		Samantha St Croix	Strength Training	60	3
May 21, 2026, 2:19:01 p.m.		Tiffany Cameron	Strength Training	45	3
May 21, 2026, 2:19:16 p.m.		Eva Fremaux	Strength Training	45	3
May 21, 2026, 2:20:46 p.m.		Kat Jordan	Strength Training	60	4
May 21, 2026, 2:41:10 p.m.		Julia Benati	Strength Training	45	4
May 21, 2026, 5:41:29 p.m.		Samantha St Croix	Team Training	150	6
May 21, 2026, 5:41:41 p.m.		Synne Fredriksen Moe	Team Training	120	7
May 21, 2026, 5:41:48 p.m.		Synne Fredriksen Moe	Strength Training	45	3
May 21, 2026, 5:43:15 p.m.		Anika Toth	Team Training	120	4
May 21, 2026, 5:43:33 p.m.		Anika Toth	Strength Training	60	4
May 21, 2026, 5:44:48 p.m.		Megumi Nakamura	Strength Training	60	1
May 21, 2026, 5:46:15 p.m.		Tiffany Cameron	Team Training	120	6
May 21, 2026, 5:53:10 p.m.		Cho So-Hyun	Team Training	120	5
May 21, 2026, 5:59:26 p.m.		Eva Fremaux	Team Training	90	5
May 21, 2026, 5:59:39 p.m.		Naya Cardoza	Strength Training	60	3
May 21, 2026, 5:59:42 p.m.		Naya Cardoza	Team Training	120	4
May 21, 2026, 6:00:00 p.m.		Julia Benati	Team Training	120	4
May 21, 2026, 6:00:27 p.m.		Jordyn Rhodes	Team Training	120	4
May 21, 2026, 6:00:36 p.m.		Jordyn Rhodes	Strength Training	45	4
May 21, 2026, 6:01:07 p.m.		Saorla Miller	Team Training	120	6
May 21, 2026, 6:01:14 p.m.		Stella Downing	Strength Training	45	4
May 21, 2026, 6:01:24 p.m.		Stella Downing	Team Training	120	5
May 21, 2026, 6:01:35 p.m.		Sheyenne Allen	Team Training	135	4
May 21, 2026, 6:01:41 p.m.		Addison Weichers	Team Training	120	6
May 21, 2026, 6:01:49 p.m.		Addison Weichers	Strength Training	40	3
May 21, 2026, 6:01:59 p.m.		Julianne Vallerand	Team Training	120	6
May 21, 2026, 6:02:08 p.m.		Julianne Vallerand	Strength Training	60	3
May 21, 2026, 6:02:12 p.m.		Sheyenne Allen	Strength Training	45	3
May 21, 2026, 6:02:25 p.m.		Julie Pedersen	Strength Training	40	4
May 21, 2026, 6:02:33 p.m.		Julie Pedersen	Team Training	120	7
May 21, 2026, 6:03:31 p.m.		Sydney Kennedy	Team Training	120	5
May 21, 2026, 6:03:43 p.m.		Sarah Taylor	Strength Training	60	4
May 21, 2026, 6:03:45 p.m.		Sarah Taylor	Team Training	120	5
May 21, 2026, 6:04:16 p.m.		Annika Leslie	Team Training	120	5
May 21, 2026, 6:04:29 p.m.		Karima Lemire	Team Training	90	6
May 21, 2026, 6:04:37 p.m.		Karima Lemire	Strength Training	45	4
May 21, 2026, 6:06:53 p.m.		Rylee Foster	Team Training	135	5
May 21, 2026, 6:16:24 p.m.		Annika Leslie	Strength Training	45	3
May 22, 2026, 12:00:00 a.m.		Addison Weichers	Team Training	60	4
May 22, 2026, 12:00:00 a.m.		Eva Fremaux	Team Training	75	5
May 22, 2026, 12:00:00 a.m.		Karima Lemire	Team Training	75	2
May 22, 2026, 2:04:16 p.m.		Annika Leslie	Team Training	90	3
May 22, 2026, 2:04:25 p.m.		Julianne Vallerand	Team Training	120	4
May 22, 2026, 2:04:51 p.m.		Sheyenne Allen	Team Training	90	4
May 22, 2026, 2:04:59 p.m.		Cho So-Hyun	Team Training	80	4
May 22, 2026, 2:05:01 p.m.		Samantha St Croix	Team Training	75	4
May 22, 2026, 2:09:40 p.m.		Synne Fredriksen Moe	Team Training	60	3
May 22, 2026, 2:32:44 p.m.		Tiffany Cameron	Team Training	90	3
May 22, 2026, 2:33:40 p.m.		Anika Toth	Team Training	90	4
May 22, 2026, 2:33:50 p.m.		Anika Toth	Strength Training	45	3
May 22, 2026, 3:07:42 p.m.		Rylee Foster	Team Training	105	3
May 22, 2026, 3:23:09 p.m.		Saorla Miller	Team Training	90	4
May 22, 2026, 3:24:23 p.m.		Megumi Nakamura	Team Training	60	4
May 22, 2026, 3:33:31 p.m.		Sarah Taylor	Team Training	60	4
May 22, 2026, 3:59:35 p.m.		Sydney Kennedy	Team Training	90	4
May 22, 2026, 4:05:30 p.m.		Julia Benati	Team Training	75	4
May 22, 2026, 4:24:58 p.m.		Naya Cardoza	Team Training	90	3
May 22, 2026, 4:31:59 p.m.		Jordyn Rhodes	Team Training	90	2
May 22, 2026, 5:48:07 p.m.		Stella Downing	Team Training	60	4
May 23, 2026, 1:20:03 p.m.		Megumi Nakamura	Strength Training	120	5
May 23, 2026, 3:55:54 p.m.		Anika Toth	Team Training	60	4
May 23, 2026, 3:55:57 p.m.		Megumi Nakamura	Team Training	60	1
May 23, 2026, 3:56:03 p.m.		Julia Benati	Team Training	60	2
May 23, 2026, 9:18:36 p.m.		Synne Fredriksen Moe	Team Training	90	4
May 23, 2026, 9:18:52 p.m.		Addison Weichers	Team Training	75	4
May 23, 2026, 9:21:32 p.m.		Sydney Kennedy	Team Training	90	2
May 23, 2026, 9:21:36 p.m.		Julianne Vallerand	Team Training	120	3
May 23, 2026, 9:21:38 p.m.		Jordyn Rhodes	Team Training	90	3
May 23, 2026, 9:21:43 p.m.		Tiffany Cameron	Strength Training	90	3
May 23, 2026, 9:22:00 p.m.		Karima Lemire	Team Training	60	1
May 23, 2026, 9:30:57 p.m.		Sheyenne Allen	Game / Competition	120	4
May 23, 2026, 9:35:18 p.m.		Saorla Miller	Team Training	120	4
May 23, 2026, 9:35:23 p.m.		Rylee Foster	Team Training	105	7
May 23, 2026, 9:35:26 p.m.		Samantha St Croix	Team Training	75	4
May 23, 2026, 9:35:32 p.m.		Annika Leslie	Team Training	90	3
May 23, 2026, 9:35:41 p.m.		Naya Cardoza	Team Training	90	4
May 23, 2026, 9:44:10 p.m.		Cho So-Hyun	Team Training	90	4
May 23, 2026, 9:49:22 p.m.		Julie Pedersen	Team Training	70	2
May 23, 2026, 10:02:03 p.m.		Sarah Taylor	Team Training	60	3
May 23, 2026, 10:02:11 p.m.		Stella Downing	Team Training	60	3
May 23, 2026, 11:46:35 p.m.		Eva Fremaux	Team Training	60	3
May 24, 2026, 12:00:00 a.m.		Tiffany Cameron	Game / Competition	17	5
May 24, 2026, 12:00:00 a.m.		Sarah Taylor	Game / Competition	90	10
May 24, 2026, 12:00:00 a.m.		Stella Downing	Game / Competition	15	5
May 24, 2026, 12:00:00 a.m.		Julianne Vallerand	Game / Competition	120	7
May 24, 2026, 12:00:00 a.m.		Annika Leslie	Game / Competition	1	0
May 24, 2026, 12:00:00 a.m.		Naya Cardoza	Game / Competition	90	7
May 24, 2026, 12:00:00 a.m.		Addison Weichers	Game / Competition	120	10
May 24, 2026, 12:00:00 a.m.		Synne Fredriksen Moe	Game / Competition	80	9
May 24, 2026, 12:00:00 a.m.		Saorla Miller	Game / Competition	60	8
May 24, 2026, 12:00:00 a.m.		Cho So-Hyun	Game / Competition	90	9
May 24, 2026, 12:00:00 a.m.		Samantha St Croix	Game / Competition	120	1
May 24, 2026, 12:00:00 a.m.		Julie Pedersen	Game / Competition	17	5
May 24, 2026, 12:00:00 a.m.		Eva Fremaux	Game / Competition	1	1
May 24, 2026, 12:00:00 a.m.		Rylee Foster	Game / Competition	90	8
May 24, 2026, 12:00:00 a.m.		Sheyenne Allen	Game / Competition	90	9
May 24, 2026, 12:00:00 a.m.		Jordyn Rhodes	Game / Competition	75	8
May 24, 2026, 4:35:25 p.m.		Julia Benati	Team Training	60	8
May 24, 2026, 5:00:00 p.m.	Match VS Calgary Wild	Saorla Miller	Game / Competition	160	8
May 24, 2026, 5:00:00 p.m.	Match VS Calgary Wild	Naya Cardoza	Game / Competition	160	7
May 24, 2026, 5:00:00 p.m.	Match VS Calgary Wild	Sydney Kennedy	Game / Competition	75	8
May 24, 2026, 5:00:00 p.m.	Match VS Calgary Wild	Karima Lemire	Game / Competition	160	4
May 24, 2026, 5:17:15 p.m.		Kat Jordan	Strength Training	60	5
May 24, 2026, 8:01:01 p.m.		Anika Toth	Team Training	60	3
May 24, 2026, 8:01:07 p.m.		Anika Toth	Strength Training	45	3
May 25, 2026, 12:37:50 p.m.		Cho So-Hyun	Recovery	1	0
May 25, 2026, 2:05:08 p.m.		Anika Toth	Strength Training	75	5
May 25, 2026, 3:10:53 p.m.		Megumi Nakamura	Strength Training	90	4
May 25, 2026, 6:07:19 p.m.		Julia Benati	Strength Training	90	4
May 25, 2026, 9:45:42 p.m.		Tiffany Cameron	Recovery	5	0
May 26, 2026, 12:00:00 a.m.		Sarah Taylor	Recovery	45	1
May 26, 2026, 12:00:00 a.m.		Kat Jordan	Strength Training	120	4
May 26, 2026, 12:00:00 a.m.		Annika Leslie	Recovery	30	1
May 26, 2026, 12:00:00 a.m.		Tiffany Cameron	Recovery	30	1
May 26, 2026, 12:00:00 a.m.		Sheyenne Allen	Recovery	40	1
May 26, 2026, 12:00:00 a.m.		Saorla Miller	Recovery	30	1
May 26, 2026, 2:47:50 p.m.		Julie Pedersen	Recovery	45	2
May 26, 2026, 5:01:03 p.m.		Cho So-Hyun	Recovery	50	2
May 26, 2026, 8:18:50 p.m.		Samantha St Croix	Recovery	60	2
May 26, 2026, 8:58:51 p.m.		Eva Fremaux	Recovery	15	1
May 26, 2026, 9:01:11 p.m.		Anika Toth	Strength Training	60	5
May 26, 2026, 10:56:32 p.m.		Sydney Kennedy	Recovery	60	1
May 26, 2026, 11:54:32 p.m.		Naya Cardoza	Recovery	30	0
May 27, 2026, 5:35:53 p.m.		Naya Cardoza	Team Training	90	4
May 27, 2026, 5:36:12 p.m.		Addison Weichers	Team Training	120	3
May 27, 2026, 5:36:30 p.m.		Synne Fredriksen Moe	Team Training	105	3
May 27, 2026, 5:36:38 p.m.		Julie Pedersen	Team Training	105	4
May 27, 2026, 5:37:50 p.m.		Julianne Vallerand	Team Training	120	3
May 27, 2026, 5:45:51 p.m.		Rylee Foster	Team Training	120	4
May 27, 2026, 5:46:02 p.m.		Samantha St Croix	Team Training	120	4
May 27, 2026, 5:48:45 p.m.		Karima Lemire	Team Training	90	4
May 27, 2026, 5:49:10 p.m.		Eva Fremaux	Team Training	60	4
May 27, 2026, 5:52:03 p.m.		Saorla Miller	Team Training	90	3
May 27, 2026, 5:54:20 p.m.		Annika Leslie	Team Training	120	5
May 27, 2026, 5:54:34 p.m.		Cho So-Hyun	Team Training	100	6
May 27, 2026, 5:57:09 p.m.		Megumi Nakamura	Team Training	120	3
May 27, 2026, 6:01:16 p.m.		Julia Benati	Team Training	90	3
May 27, 2026, 6:01:24 p.m.		Sydney Kennedy	Team Training	60	4
May 27, 2026, 6:01:29 p.m.		Stella Downing	Team Training	90	3
May 27, 2026, 6:01:38 p.m.		Jordyn Rhodes	Team Training	90	2
May 27, 2026, 6:02:13 p.m.		Sheyenne Allen	Team Training	110	3
May 27, 2026, 6:08:08 p.m.		Tiffany Cameron	Team Training	120	4
May 27, 2026, 6:08:28 p.m.		Sarah Taylor	Team Training	60	3
May 27, 2026, 6:11:00 p.m.		Anika Toth	Team Training	90	4
May 27, 2026, 11:22:15 p.m.		Kat Jordan	Strength Training	60	3
May 28, 2026, 12:00:00 a.m.		Sarah Taylor	Team Training	60	2
May 28, 2026, 10:00:00 a.m.	Practice	Megumi Nakamura	Strength Training	120	4
May 28, 2026, 10:00:00 a.m.	Practice	Naya Cardoza	Team Training	120	3
May 28, 2026, 10:00:00 a.m.	Practice	Saorla Miller	Team Training	120	2
May 28, 2026, 2:42:57 p.m.		Julianne Vallerand	Team Training	120	4
May 28, 2026, 2:43:41 p.m.		Synne Fredriksen Moe	Team Training	75	3
May 28, 2026, 2:45:56 p.m.		Addison Weichers	Team Training	60	2
May 28, 2026, 2:45:59 p.m.		Julie Pedersen	Team Training	75	3
May 28, 2026, 2:58:49 p.m.		Saorla Miller	Team Training	90	2
May 28, 2026, 2:59:15 p.m.		Jordyn Rhodes	Team Training	90	3
May 28, 2026, 2:59:25 p.m.		Anika Toth	Team Training	90	3
May 28, 2026, 3:00:23 p.m.		Cho So-Hyun	Team Training	60	3
May 28, 2026, 3:00:29 p.m.		Annika Leslie	Team Training	60	3
May 28, 2026, 3:00:48 p.m.		Sheyenne Allen	Team Training	90	1
May 28, 2026, 3:28:03 p.m.		Eva Fremaux	Team Training	60	2
May 28, 2026, 3:28:18 p.m.		Karima Lemire	Team Training	66	2
May 28, 2026, 3:37:26 p.m.		Tiffany Cameron	Team Training	75	3
May 28, 2026, 4:07:26 p.m.		Megumi Nakamura	Team Training	60	2
May 28, 2026, 4:10:13 p.m.		Julia Benati	Team Training	60	2
May 28, 2026, 6:10:17 p.m.		Samantha St Croix	Team Training	75	4
May 28, 2026, 6:15:18 p.m.		Sydney Kennedy	Team Training	90	2
May 28, 2026, 8:28:09 p.m.		Stella Downing	Team Training	60	4
May 28, 2026, 11:15:39 p.m.		Kat Jordan	Strength Training	60	3
May 29, 2026, 12:00:00 a.m.		Julia Benati	Game / Competition	30	4
May 29, 2026, 12:00:00 a.m.		Tiffany Cameron	Game / Competition	5	3
May 29, 2026, 12:00:00 a.m.		Sheyenne Allen	Game / Competition	90	8
May 29, 2026, 12:00:00 a.m.		Eva Fremaux	Game / Competition	1	1
May 29, 2026, 12:00:00 a.m.		Stella Downing	Game / Competition	30	5
May 29, 2026, 2:10:01 p.m.		Anika Toth	Strength Training	60	4
May 29, 2026, 4:36:54 p.m.		Megumi Nakamura	Strength Training	90	5
May 29, 2026, 6:00:00 p.m.	Match VS Ottawa Rapid	Naya Cardoza	Game / Competition	160	7
May 29, 2026, 6:00:00 p.m.	Match VS Ottawa Rapid	Saorla Miller	Game / Competition	160	7
May 29, 2026, 6:00:00 p.m.	Match VS Ottawa Rapid	Jordyn Rhodes	Game / Competition	160	5
May 29, 2026, 11:24:04 p.m.		Julie Pedersen	Game / Competition	90	7
May 29, 2026, 11:24:08 p.m.		Karima Lemire	Team Training	60	0
May 29, 2026, 11:24:09 p.m.		Samantha St Croix	Game / Competition	120	1
May 29, 2026, 11:25:16 p.m.		Karima Lemire	Game / Competition	90	5
May 29, 2026, 11:42:00 p.m.		Sydney Kennedy	Game / Competition	80	8
May 29, 2026, 11:43:43 p.m.		Julianne Vallerand	Game / Competition	120	6
May 29, 2026, 11:43:49 p.m.		Annika Leslie	Game / Competition	1	0
May 29, 2026, 11:56:19 p.m.		Cho So-Hyun	Game / Competition	60	8
May 30, 2026, 12:00:00 a.m.		Cho So-Hyun	Recovery	1	0
May 30, 2026, 12:00:00 a.m.		Sheyenne Allen	Recovery	1	0
May 30, 2026, 3:50:12 p.m.		Synne Fredriksen Moe	Team Training	45	5
May 31, 2026, 12:00:00 a.m.		Sheyenne Allen	Recovery	1	0
May 31, 2026, 12:08:58 p.m.		Cho So-Hyun	Recovery	1	0
May 31, 2026, 4:02:53 p.m.		Synne Fredriksen Moe	Team Training	20	5
May 31, 2026, 4:03:02 p.m.		Synne Fredriksen Moe	Strength Training	30	3
Jun 1, 2026, 12:00:00 a.m.		Julia Benati	Team Training	30	4
Jun 1, 2026, 12:00:00 a.m.		Sheyenne Allen	Recovery	1	0
Jun 1, 2026, 12:00:00 a.m.		Anika Toth	Strength Training	60	4
Jun 1, 2026, 12:00:00 a.m.		Julia Benati	Strength Training	60	3
Jun 1, 2026, 10:24:00 a.m.		Saorla Miller	Strength Training	1	0
Jun 1, 2026, 3:24:53 p.m.		Annika Leslie	Strength Training	1	0
Jun 1, 2026, 4:15:20 p.m.		Addison Weichers	Team Training	45	6
Jun 1, 2026, 4:15:51 p.m.		Julie Pedersen	Team Training	60	3
Jun 1, 2026, 4:17:48 p.m.		Sydney Kennedy	Strength Training	30	4
Jun 1, 2026, 4:41:15 p.m.		Saorla Miller	Team Training	60	6
Jun 1, 2026, 4:41:44 p.m.		Annika Leslie	Team Training	60	6
Jun 1, 2026, 4:46:15 p.m.		Sydney Kennedy	Team Training	45	5
Jun 1, 2026, 6:51:57 p.m.		Kat Jordan	Strength Training	60	2
Jun 1, 2026, 6:54:25 p.m.		Kat Jordan	Team Training	60	2
Jun 1, 2026, 7:44:31 p.m.		Sarah Taylor	Strength Training	30	3
Jun 1, 2026, 7:44:42 p.m.		Sarah Taylor	Team Training	25	4
Jun 1, 2026, 7:46:44 p.m.		Naya Cardoza	Team Training	15	5
Jun 1, 2026, 7:47:33 p.m.		Naya Cardoza	Strength Training	45	4
Jun 1, 2026, 9:07:29 p.m.		Jordyn Rhodes	Team Training	30	3
Jun 1, 2026, 9:07:33 p.m.		Jordyn Rhodes	Strength Training	30	3
Jun 1, 2026, 9:37:52 p.m.		Cho So-Hyun	Team Training	40	4
Jun 1, 2026, 9:48:04 p.m.		Eva Fremaux	Strength Training	75	5
Jun 1, 2026, 9:59:09 p.m.		Samantha St Croix	Team Training	60	5
Jun 1, 2026, 10:00:06 p.m.		Samantha St Croix	Strength Training	60	4
Jun 1, 2026, 10:01:48 p.m.		Julianne Vallerand	Team Training	60	5
Jun 1, 2026, 10:01:53 p.m.		Julianne Vallerand	Strength Training	60	4
Jun 1, 2026, 10:02:52 p.m.		Cho So-Hyun	Strength Training	20	1
Jun 1, 2026, 10:42:11 p.m.		Tiffany Cameron	Strength Training	20	3
Jun 1, 2026, 10:44:34 p.m.		Tiffany Cameron	Team Training	35	4
Jun 2, 2026, 12:00:00 a.m.		Tiffany Cameron	Team Training	45	6
Jun 2, 2026, 12:00:00 a.m.		Synne Fredriksen Moe	Team Training	60	9
Jun 2, 2026, 12:00:00 a.m.		Annika Leslie	Team Training	60	8
Jun 2, 2026, 12:00:00 a.m.		Anika Toth	Strength Training	60	4
Jun 2, 2026, 12:00:00 a.m.		Synne Fredriksen Moe	Strength Training	30	5
Jun 2, 2026, 12:00:00 a.m.		Annika Leslie	Strength Training	1	0
Jun 2, 2026, 11:42:07 a.m.		Saorla Miller	Team Training	60	7
Jun 2, 2026, 2:28:03 p.m.		Sydney Kennedy	Team Training	45	7
Jun 2, 2026, 3:44:53 p.m.		Eva Fremaux	Strength Training	90	5
Jun 2, 2026, 4:26:32 p.m.		Julia Benati	Strength Training	45	4
Jun 2, 2026, 5:23:13 p.m.		Addison Weichers	Team Training	60	7
Jun 2, 2026, 6:09:09 p.m.		Naya Cardoza	Strength Training	60	5
Jun 2, 2026, 6:11:00 p.m.		Naya Cardoza	Team Training	45	5
Jun 2, 2026, 6:31:53 p.m.		Samantha St Croix	Team Training	30	8
Jun 2, 2026, 6:32:26 p.m.		Samantha St Croix	Strength Training	45	3
Jun 2, 2026, 7:11:37 p.m.		Sheyenne Allen	Team Training	75	5
Jun 2, 2026, 7:40:40 p.m.		Jordyn Rhodes	Team Training	45	6
Jun 2, 2026, 7:40:49 p.m.		Jordyn Rhodes	Strength Training	45	4
Jun 2, 2026, 8:07:05 p.m.		Julia Benati	Game / Competition	60	5
Jun 2, 2026, 9:45:37 p.m.		Julianne Vallerand	Team Training	60	5
Jun 2, 2026, 9:45:41 p.m.		Julianne Vallerand	Strength Training	60	3
Jun 2, 2026, 9:45:45 p.m.		Kat Jordan	Team Training	60	3
Jun 2, 2026, 9:45:53 p.m.		Kat Jordan	Strength Training	60	2
Jun 2, 2026, 10:00:32 p.m.		Cho So-Hyun	Team Training	50	6
Jun 2, 2026, 11:28:53 p.m.		Sydney Kennedy	Strength Training	45	4
Jun 3, 2026, 12:00:00 a.m.		Eva Fremaux	Recovery	45	1
Jun 3, 2026, 7:50:10 a.m.		Saorla Miller	Recovery	45	1
Jun 3, 2026, 10:34:29 a.m.		Julie Pedersen	Team Training	60	5
Jun 3, 2026, 4:36:03 p.m.		Kat Jordan	Team Training	60	3
Jun 3, 2026, 4:54:22 p.m.		Sydney Kennedy	Recovery	30	1
Jun 3, 2026, 5:16:49 p.m.		Sheyenne Allen	Team Training	35	4
Jun 3, 2026, 6:47:12 p.m.		Cho So-Hyun	Recovery	60	1
Jun 3, 2026, 7:00:24 p.m.		Naya Cardoza	Recovery	30	1
Jun 3, 2026, 9:30:13 p.m.		Julianne Vallerand	Recovery	60	0
Jun 3, 2026, 10:59:21 p.m.		Samantha St Croix	Recovery	45	2
Jun 3, 2026, 11:51:52 p.m.		Julia Benati	Team Training	30	6
Jun 4, 2026, 12:00:00 a.m.		Tiffany Cameron	Strength Training	35	3
Jun 4, 2026, 12:00:00 a.m.		Synne Fredriksen Moe	Team Training	30	5
Jun 4, 2026, 12:00:00 a.m.		Anika Toth	Strength Training	60	5
Jun 4, 2026, 12:00:00 a.m.		Jordyn Rhodes	Team Training	45	5
Jun 4, 2026, 12:00:00 a.m.		Sydney Kennedy	Team Training	90	5
Jun 4, 2026, 12:00:00 a.m.		Samantha St Croix	Team Training	30	4
Jun 4, 2026, 12:00:00 a.m.		Jordyn Rhodes	Strength Training	45	4
Jun 4, 2026, 12:00:00 a.m.		Synne Fredriksen Moe	Strength Training	45	5
Jun 4, 2026, 10:49:26 a.m.		Sheyenne Allen	Team Training	40	3
Jun 4, 2026, 12:34:46 p.m.		Annika Leslie	Team Training	45	6
Jun 4, 2026, 12:34:47 p.m.		Saorla Miller	Team Training	45	5
Jun 4, 2026, 1:39:52 p.m.		Julie Pedersen	Team Training	60	6
Jun 4, 2026, 2:54:01 p.m.		Naya Cardoza	Team Training	35	6
Jun 4, 2026, 5:10:47 p.m.		Addison Weichers	Team Training	30	4
Jun 4, 2026, 7:13:06 p.m.		Eva Fremaux	Strength Training	75	6
Jun 4, 2026, 8:04:33 p.m.		Julianne Vallerand	Team Training	60	6
Jun 4, 2026, 8:04:45 p.m.		Julianne Vallerand	Strength Training	60	3
Jun 4, 2026, 8:25:27 p.m.		Cho So-Hyun	Team Training	60	4
Jun 4, 2026, 9:41:02 p.m.		Julia Benati	Team Training	90	4
Jun 4, 2026, 9:41:14 p.m.		Julia Benati	Strength Training	45	2
Jun 4, 2026, 10:49:41 p.m.		Tiffany Cameron	Team Training	30	4
Jun 5, 2026, 12:00:00 a.m.		Anika Toth	Strength Training	60	5
Jun 5, 2026, 12:00:00 a.m.		Sydney Kennedy	Team Training	60	6
Jun 5, 2026, 12:00:00 a.m.		Kat Jordan	Strength Training	60	2
Jun 5, 2026, 12:00:00 a.m.		Kat Jordan	Team Training	60	3
Jun 5, 2026, 12:00:00 a.m.		Naya Cardoza	Team Training	35	5
Jun 5, 2026, 12:00:00 a.m.		Julie Pedersen	Team Training	20	3
Jun 5, 2026, 12:00:00 a.m.		Naya Cardoza	Strength Training	60	4
Jun 5, 2026, 12:00:00 a.m.		Julia Benati	Team Training	120	3
Jun 5, 2026, 9:37:36 a.m.		Annika Leslie	Team Training	60	7
Jun 5, 2026, 9:37:49 a.m.		Saorla Miller	Team Training	60	7
Jun 5, 2026, 10:28:06 a.m.		Synne Fredriksen Moe	Team Training	50	6
Jun 5, 2026, 10:28:17 a.m.		Synne Fredriksen Moe	Strength Training	40	5
Jun 5, 2026, 1:30:51 p.m.		Sarah Taylor	Team Training	60	5
Jun 5, 2026, 5:13:12 p.m.		Julianne Vallerand	Team Training	60	5
Jun 5, 2026, 5:13:59 p.m.		Julianne Vallerand	Strength Training	60	3
Jun 5, 2026, 5:41:51 p.m.		Jordyn Rhodes	Team Training	45	7
Jun 5, 2026, 5:41:57 p.m.		Jordyn Rhodes	Strength Training	45	4
Jun 5, 2026, 6:22:16 p.m.		Cho So-Hyun	Team Training	60	6
Jun 5, 2026, 7:22:32 p.m.		Samantha St Croix	Team Training	45	4
Jun 5, 2026, 7:22:40 p.m.		Samantha St Croix	Strength Training	45	5
Jun 5, 2026, 9:42:50 p.m.		Sheyenne Allen	Team Training	40	3
Jun 5, 2026, 10:27:50 p.m.		Tiffany Cameron	Team Training	60	7
Jun 6, 2026, 12:00:00 a.m.		Sheyenne Allen	Recovery	30	1
Jun 6, 2026, 4:35:35 p.m.		Tiffany Cameron	Team Training	45	6
Jun 6, 2026, 4:35:52 p.m.		Tiffany Cameron	Strength Training	35	3
Jun 6, 2026, 4:55:43 p.m.		Naya Cardoza	Recovery	30	1
Jun 7, 2026, 12:00:00 a.m.		Samantha St Croix	Recovery	45	1
Jun 7, 2026, 12:00:00 a.m.		Megumi Nakamura	Strength Training	120	7
Jun 7, 2026, 5:17:47 p.m.		Cho So-Hyun	Recovery	40	1
Jun 7, 2026, 6:06:11 p.m.		Sydney Kennedy	Recovery	45	1
Jun 7, 2026, 7:03:59 p.m.		Annika Leslie	Recovery	45	1
Jun 7, 2026, 8:44:40 p.m.		Naya Cardoza	Recovery	30	1
Jun 7, 2026, 9:27:45 p.m.		Saorla Miller	Recovery	45	1
Jun 7, 2026, 11:24:04 p.m.		Tiffany Cameron	Recovery	30	1
Jun 7, 2026, 11:43:48 p.m.		Sheyenne Allen	Recovery	40	1
Jun 8, 2026, 12:00:00 a.m.		Samantha St Croix	Team Training	60	5
Jun 8, 2026, 4:41:15 p.m.		Synne Fredriksen Moe	Team Training	90	4
Jun 8, 2026, 4:41:52 p.m.		Jordyn Rhodes	Team Training	90	4
Jun 8, 2026, 4:42:23 p.m.		Saorla Miller	Team Training	60	6
Jun 8, 2026, 4:42:51 p.m.		Annika Leslie	Team Training	60	5
Jun 8, 2026, 4:43:39 p.m.		Rylee Foster	Team Training	60	7
Jun 8, 2026, 4:43:41 p.m.		Karima Lemire	Team Training	60	5
Jun 8, 2026, 4:43:55 p.m.		Cho So-Hyun	Team Training	60	4
Jun 8, 2026, 4:44:07 p.m.		Naya Cardoza	Team Training	60	3
Jun 8, 2026, 4:44:55 p.m.		Julianne Vallerand	Team Training	60	4
Jun 8, 2026, 4:45:17 p.m.		Tiffany Cameron	Team Training	75	3
Jun 8, 2026, 4:45:28 p.m.		Sarah Taylor	Team Training	60	4
Jun 8, 2026, 4:45:37 p.m.		Addison Weichers	Team Training	56	4
Jun 8, 2026, 4:47:27 p.m.		Megumi Nakamura	Team Training	63	4
Jun 8, 2026, 4:50:40 p.m.		Sydney Kennedy	Team Training	60	4
Jun 8, 2026, 4:52:41 p.m.		Julia Benati	Team Training	60	3
Jun 8, 2026, 5:00:04 p.m.		Eva Fremaux	Team Training	75	3
Jun 8, 2026, 5:03:02 p.m.		Anika Toth	Team Training	60	5
Jun 8, 2026, 5:06:07 p.m.		Stella Downing	Team Training	45	4
Jun 8, 2026, 6:28:24 p.m.		Sheyenne Allen	Team Training	60	3
Jun 8, 2026, 6:31:39 p.m.		Julie Pedersen	Team Training	60	4
Jun 8, 2026, 8:12:57 p.m.		Kat Jordan	Team Training	60	4
Jun 9, 2026, 12:00:00 a.m.		Rylee Foster	Team Training	90	7
Jun 9, 2026, 2:25:15 p.m.		Saorla Miller	Strength Training	45	4
Jun 9, 2026, 2:26:14 p.m.		Julie Pedersen	Strength Training	40	4
Jun 9, 2026, 2:26:53 p.m.		Tiffany Cameron	Strength Training	45	3
Jun 9, 2026, 2:27:20 p.m.		Eva Fremaux	Strength Training	60	4
Jun 9, 2026, 2:32:25 p.m.		Julianne Vallerand	Strength Training	60	3
Jun 9, 2026, 2:32:38 p.m.		Sydney Kennedy	Strength Training	60	3
Jun 9, 2026, 2:32:52 p.m.		Naya Cardoza	Strength Training	60	3
Jun 9, 2026, 2:34:04 p.m.		Cho So-Hyun	Strength Training	40	3
Jun 9, 2026, 2:39:14 p.m.		Samantha St Croix	Strength Training	4	4
Jun 9, 2026, 2:39:15 p.m.		Megumi Nakamura	Strength Training	60	2
Jun 9, 2026, 2:41:34 p.m.		Kat Jordan	Strength Training	60	4
Jun 9, 2026, 4:59:38 p.m.		Synne Fredriksen Moe	Team Training	90	5
Jun 9, 2026, 4:59:49 p.m.		Synne Fredriksen Moe	Strength Training	45	4
Jun 9, 2026, 5:02:15 p.m.		Julie Pedersen	Team Training	90	5
Jun 9, 2026, 5:05:41 p.m.		Samantha St Croix	Team Training	105	7
Jun 9, 2026, 5:05:43 p.m.		Tiffany Cameron	Team Training	90	5
Jun 9, 2026, 5:08:00 p.m.		Naya Cardoza	Team Training	90	5
Jun 9, 2026, 5:08:34 p.m.		Karima Lemire	Strength Training	60	3
Jun 9, 2026, 5:08:39 p.m.		Karima Lemire	Team Training	90	6
Jun 9, 2026, 5:10:03 p.m.		Addison Weichers	Team Training	80	3
Jun 9, 2026, 5:10:12 p.m.		Addison Weichers	Strength Training	45	3
Jun 9, 2026, 5:10:19 p.m.		Megumi Nakamura	Team Training	120	5
Jun 9, 2026, 5:13:29 p.m.		Saorla Miller	Team Training	60	6
Jun 9, 2026, 5:14:12 p.m.		Sydney Kennedy	Team Training	60	6
Jun 9, 2026, 5:19:33 p.m.		Julia Benati	Team Training	90	4
Jun 9, 2026, 5:21:27 p.m.		Julia Benati	Strength Training	60	3
Jun 9, 2026, 5:22:22 p.m.		Annika Leslie	Team Training	90	5
Jun 9, 2026, 5:22:30 p.m.		Annika Leslie	Strength Training	60	4
Jun 9, 2026, 5:38:07 p.m.		Jordyn Rhodes	Team Training	90	3
Jun 9, 2026, 5:38:19 p.m.		Jordyn Rhodes	Strength Training	45	3
Jun 9, 2026, 5:58:20 p.m.		Julianne Vallerand	Team Training	120	6
Jun 9, 2026, 5:58:51 p.m.		Anika Toth	Team Training	90	6
Jun 9, 2026, 5:58:57 p.m.		Anika Toth	Strength Training	60	4
Jun 9, 2026, 6:01:00 p.m.		Stella Downing	Team Training	60	6
Jun 9, 2026, 6:01:05 p.m.		Stella Downing	Strength Training	45	4
Jun 9, 2026, 6:01:16 p.m.		Kat Jordan	Team Training	60	4
Jun 9, 2026, 6:23:10 p.m.		Sheyenne Allen	Team Training	60	3
Jun 9, 2026, 6:23:23 p.m.		Sheyenne Allen	Strength Training	40	3
Jun 9, 2026, 6:30:22 p.m.		Cho So-Hyun	Team Training	90	4
Jun 9, 2026, 6:45:11 p.m.		Eva Fremaux	Team Training	90	5
Jun 9, 2026, 9:21:33 p.m.		Sarah Taylor	Team Training	60	4
Jun 9, 2026, 9:21:39 p.m.		Sarah Taylor	Strength Training	60	4
Jun 10, 2026, 2:02:18 p.m.		Julia Benati	Strength Training	45	5
Jun 10, 2026, 2:03:12 p.m.		Stella Downing	Strength Training	50	6
Jun 10, 2026, 2:05:28 p.m.		Samantha St Croix	Strength Training	45	4
Jun 10, 2026, 2:09:06 p.m.		Tiffany Cameron	Strength Training	45	4
Jun 10, 2026, 2:10:53 p.m.		Saorla Miller	Strength Training	45	4
Jun 10, 2026, 2:14:55 p.m.		Sheyenne Allen	Strength Training	45	4
Jun 10, 2026, 2:15:01 p.m.		Naya Cardoza	Strength Training	60	4
Jun 10, 2026, 2:21:04 p.m.		Julie Pedersen	Strength Training	60	3
Jun 10, 2026, 2:25:54 p.m.		Rylee Foster	Strength Training	45	6
Jun 10, 2026, 2:26:16 p.m.		Kat Jordan	Strength Training	60	4
Jun 10, 2026, 3:06:12 p.m.		Cho So-Hyun	Strength Training	45	4
Jun 10, 2026, 5:24:13 p.m.		Synne Fredriksen Moe	Team Training	120	8
Jun 10, 2026, 5:24:16 p.m.		Synne Fredriksen Moe	Strength Training	45	5
Jun 10, 2026, 5:24:23 p.m.		Eva Fremaux	Strength Training	60	4
Jun 10, 2026, 5:24:27 p.m.		Eva Fremaux	Team Training	120	7
Jun 10, 2026, 5:33:23 p.m.		Sydney Kennedy	Team Training	120	7
Jun 10, 2026, 5:33:28 p.m.		Sydney Kennedy	Strength Training	60	5
Jun 10, 2026, 5:33:36 p.m.		Karima Lemire	Team Training	120	8
Jun 10, 2026, 5:33:42 p.m.		Karima Lemire	Strength Training	60	4
Jun 10, 2026, 5:35:28 p.m.		Julianne Vallerand	Strength Training	60	3
Jun 10, 2026, 5:35:34 p.m.		Julianne Vallerand	Team Training	120	7
Jun 10, 2026, 5:35:43 p.m.		Sarah Taylor	Strength Training	60	4
Jun 10, 2026, 5:35:47 p.m.		Addison Weichers	Team Training	120	5
Jun 10, 2026, 5:35:49 p.m.		Sarah Taylor	Team Training	60	4
Jun 10, 2026, 5:35:59 p.m.		Addison Weichers	Strength Training	45	4
Jun 10, 2026, 5:36:01 p.m.		Jordyn Rhodes	Team Training	90	4
Jun 10, 2026, 5:36:03 p.m.		Jordyn Rhodes	Strength Training	45	4
Jun 10, 2026, 5:36:13 p.m.		Stella Downing	Team Training	120	7
Jun 10, 2026, 5:47:21 p.m.		Rylee Foster	Team Training	105	5
Jun 10, 2026, 5:47:46 p.m.		Samantha St Croix	Team Training	105	0
Jun 10, 2026, 5:49:38 p.m.		Anika Toth	Team Training	90	6
Jun 10, 2026, 5:49:47 p.m.		Anika Toth	Strength Training	45	4
Jun 10, 2026, 5:54:34 p.m.		Saorla Miller	Team Training	105	6
Jun 10, 2026, 5:59:07 p.m.		Cho So-Hyun	Team Training	110	7
Jun 10, 2026, 5:59:25 p.m.		Tiffany Cameron	Team Training	120	6
Jun 10, 2026, 6:04:24 p.m.		Annika Leslie	Team Training	120	7
Jun 10, 2026, 6:04:30 p.m.		Annika Leslie	Strength Training	45	4
Jun 10, 2026, 6:04:43 p.m.		Kat Jordan	Team Training	120	7
Jun 10, 2026, 6:05:01 p.m.		Megumi Nakamura	Team Training	120	10
Jun 10, 2026, 6:05:05 p.m.		Naya Cardoza	Team Training	105	7
Jun 10, 2026, 6:05:06 p.m.		Megumi Nakamura	Strength Training	60	2
Jun 10, 2026, 6:19:17 p.m.		Julia Benati	Team Training	105	6
Jun 10, 2026, 6:31:19 p.m.		Julie Pedersen	Team Training	120	7
Jun 10, 2026, 6:32:17 p.m.		Sheyenne Allen	Team Training	120	5
Jun 11, 2026, 12:00:00 a.m.		Stella Downing	Team Training	90	5
Jun 11, 2026, 12:00:00 a.m.		Megumi Nakamura	Team Training	120	7
Jun 11, 2026, 5:19:16 p.m.		Synne Fredriksen Moe	Team Training	90	4
Jun 11, 2026, 5:19:42 p.m.		Samantha St Croix	Team Training	120	6
Jun 11, 2026, 5:22:16 p.m.		Julianne Vallerand	Team Training	120	4
Jun 11, 2026, 5:22:38 p.m.		Naya Cardoza	Team Training	90	4
Jun 11, 2026, 5:37:22 p.m.		Eva Fremaux	Team Training	90	4
Jun 11, 2026, 5:39:14 p.m.		Kat Jordan	Team Training	120	4
Jun 11, 2026, 5:41:17 p.m.		Jordyn Rhodes	Team Training	105	4
Jun 11, 2026, 5:47:34 p.m.		Rylee Foster	Team Training	105	4
Jun 11, 2026, 5:52:43 p.m.		Sarah Taylor	Team Training	120	4
Jun 11, 2026, 5:56:49 p.m.		Cho So-Hyun	Team Training	120	6
Jun 11, 2026, 5:58:29 p.m.		Addison Weichers	Team Training	90	4
Jun 11, 2026, 6:00:48 p.m.		Saorla Miller	Team Training	90	4
Jun 11, 2026, 6:01:23 p.m.		Anika Toth	Team Training	90	4
Jun 11, 2026, 6:02:01 p.m.		Julia Benati	Team Training	105	5
Jun 11, 2026, 6:07:15 p.m.		Sheyenne Allen	Team Training	90	4
Jun 11, 2026, 6:15:35 p.m.		Sydney Kennedy	Team Training	105	5
Jun 11, 2026, 6:30:18 p.m.		Julie Pedersen	Team Training	90	4
Jun 11, 2026, 7:50:55 p.m.		Tiffany Cameron	Team Training	105	3
Jun 11, 2026, 10:10:47 p.m.		Annika Leslie	Team Training	120	5
Jun 12, 2026, 12:00:00 a.m.		Sarah Taylor	Team Training	60	3
Jun 12, 2026, 10:00:00 a.m.	Practice	Julianne Vallerand	Team Training	120	3
Jun 12, 2026, 10:00:00 a.m.	Practice	Sydney Kennedy	Team Training	90	2
Jun 12, 2026, 10:00:00 a.m.	Practice	Saorla Miller	Team Training	120	3
Jun 12, 2026, 2:36:07 p.m.		Synne Fredriksen Moe	Team Training	90	4
Jun 12, 2026, 2:36:10 p.m.		Karima Lemire	Team Training	90	2
Jun 12, 2026, 2:36:19 p.m.		Eva Fremaux	Team Training	75	4
Jun 12, 2026, 2:37:10 p.m.		Naya Cardoza	Team Training	90	4
Jun 12, 2026, 2:37:51 p.m.		Stella Downing	Team Training	90	5
Jun 12, 2026, 2:42:21 p.m.		Cho So-Hyun	Team Training	80	4
Jun 12, 2026, 2:47:03 p.m.		Addison Weichers	Team Training	90	3
Jun 12, 2026, 2:47:15 p.m.		Anika Toth	Team Training	90	4
Jun 12, 2026, 2:48:10 p.m.		Samantha St Croix	Team Training	100	7
Jun 12, 2026, 2:57:18 p.m.		Saorla Miller	Team Training	90	3
Jun 12, 2026, 3:02:17 p.m.		Megumi Nakamura	Team Training	90	5
Jun 12, 2026, 3:04:46 p.m.		Jordyn Rhodes	Team Training	60	3
Jun 12, 2026, 3:08:40 p.m.		Julia Benati	Team Training	90	2
Jun 12, 2026, 4:04:18 p.m.		Rylee Foster	Team Training	90	4
Jun 12, 2026, 4:04:28 p.m.		Sheyenne Allen	Team Training	90	2
Jun 12, 2026, 4:05:45 p.m.		Tiffany Cameron	Team Training	70	3
Jun 12, 2026, 6:34:18 p.m.		Julie Pedersen	Team Training	80	3
Jun 12, 2026, 10:50:58 p.m.		Annika Leslie	Team Training	75	3
Jun 12, 2026, 11:22:49 p.m.		Kat Jordan	Team Training	60	5
Jun 12, 2026, 11:24:33 p.m.		Kat Jordan	Strength Training	60	4
Jun 13, 2026, 12:00:00 a.m.		Synne Fredriksen Moe	Game / Competition	45	6
Jun 13, 2026, 1:30:00 p.m.	Match VS Calgary Wild	Addison Weichers	Game / Competition	160	6
Jun 13, 2026, 1:30:00 p.m.	Match VS Calgary Wild	Annika Leslie	Game / Competition	160	6
Jun 13, 2026, 1:30:00 p.m.	Match VS Calgary Wild	Saorla Miller	Game / Competition	160	7
Jun 13, 2026, 1:30:00 p.m.	Match VS Calgary Wild	Jordyn Rhodes	Game / Competition	160	8
Jun 13, 2026, 1:30:00 p.m.	Match VS Calgary Wild	Julianne Vallerand	Game / Competition	160	7
Jun 13, 2026, 7:10:26 p.m.		Cho So-Hyun	Game / Competition	90	7
Jun 13, 2026, 7:25:28 p.m.		Julia Benati	Game / Competition	50	5
Jun 13, 2026, 7:28:45 p.m.		Saorla Miller	Game / Competition	80	7
Jun 13, 2026, 7:36:25 p.m.		Julianne Vallerand	Game / Competition	120	7
Jun 13, 2026, 8:03:13 p.m.		Stella Downing	Game / Competition	30	7
Jun 13, 2026, 8:06:13 p.m.		Sydney Kennedy	Game / Competition	57	6
Jun 13, 2026, 9:01:36 p.m.		Sarah Taylor	Game / Competition	40	5
Jun 13, 2026, 9:04:43 p.m.		Julie Pedersen	Game / Competition	1	0
Jun 13, 2026, 9:44:56 p.m.		Tiffany Cameron	Game / Competition	10	3
Jun 13, 2026, 9:45:24 p.m.		Sheyenne Allen	Game / Competition	90	8
Jun 13, 2026, 9:50:50 p.m.		Eva Fremaux	Game / Competition	1	0
Jun 13, 2026, 10:04:16 p.m.		Samantha St Croix	Game / Competition	120	1
Jun 14, 2026, 12:00:00 a.m.		Kat Jordan	Strength Training	60	2
Jun 14, 2026, 12:00:00 a.m.		Annika Leslie	Recovery	45	1
Jun 14, 2026, 12:00:00 a.m.		Eva Fremaux	Recovery	40	1
Jun 14, 2026, 12:00:00 a.m.		Addison Weichers	Recovery	30	0
Jun 14, 2026, 12:00:00 a.m.		Kat Jordan	Team Training	60	4
Jun 14, 2026, 12:00:00 a.m.		Julia Benati	Recovery	45	1
Jun 14, 2026, 12:00:00 a.m.		Sydney Kennedy	Recovery	45	1
Jun 14, 2026, 12:00:00 a.m.		Tiffany Cameron	Recovery	30	1
Jun 14, 2026, 3:18:33 p.m.		Samantha St Croix	Recovery	45	2
Jun 14, 2026, 4:16:56 p.m.		Anika Toth	Strength Training	45	4
Jun 14, 2026, 6:00:11 p.m.		Saorla Miller	Recovery	45	1
Jun 14, 2026, 6:26:48 p.m.		Jordyn Rhodes	Recovery	30	1
Jun 14, 2026, 8:38:16 p.m.		Cho So-Hyun	Recovery	60	1
Jun 14, 2026, 9:15:52 p.m.		Julie Pedersen	Recovery	25	1
Jun 14, 2026, 9:16:20 p.m.		Julie Pedersen	Team Training	30	2
Jun 14, 2026, 11:09:25 p.m.		Naya Cardoza	Recovery	1	0
Jun 14, 2026, 11:38:15 p.m.		Sheyenne Allen	Recovery	40	2
Jun 15, 2026, 2:05:55 p.m.		Cho So-Hyun	Strength Training	40	4
Jun 15, 2026, 2:11:28 p.m.		Samantha St Croix	Strength Training	45	4
Jun 15, 2026, 2:13:36 p.m.		Saorla Miller	Strength Training	45	3
Jun 15, 2026, 2:15:46 p.m.		Naya Cardoza	Strength Training	45	3
Jun 15, 2026, 2:32:14 p.m.		Julia Benati	Strength Training	45	2
Jun 15, 2026, 3:00:01 p.m.		Julianne Vallerand	Strength Training	60	4
Jun 15, 2026, 4:50:26 p.m.		Synne Fredriksen Moe	Team Training	80	5
Jun 15, 2026, 4:50:45 p.m.		Synne Fredriksen Moe	Strength Training	45	3
Jun 15, 2026, 4:50:54 p.m.		Karima Lemire	Team Training	70	4
Jun 15, 2026, 4:51:02 p.m.		Karima Lemire	Strength Training	35	2
Jun 15, 2026, 4:51:18 p.m.		Addison Weichers	Team Training	75	4
Jun 15, 2026, 4:51:31 p.m.		Addison Weichers	Strength Training	40	2
Jun 15, 2026, 4:54:36 p.m.		Samantha St Croix	Team Training	90	3
Jun 15, 2026, 4:56:27 p.m.		Eva Fremaux	Strength Training	60	3
Jun 15, 2026, 4:56:33 p.m.		Sarah Taylor	Team Training	60	4
Jun 15, 2026, 4:56:34 p.m.		Eva Fremaux	Team Training	75	4
Jun 15, 2026, 4:56:40 p.m.		Sarah Taylor	Strength Training	60	4
Jun 15, 2026, 4:57:59 p.m.		Julianne Vallerand	Team Training	60	2
Jun 15, 2026, 5:07:08 p.m.		Saorla Miller	Team Training	60	3
Jun 15, 2026, 5:08:45 p.m.		Cho So-Hyun	Team Training	35	1
Jun 15, 2026, 5:13:43 p.m.		Julia Benati	Team Training	75	2
Jun 15, 2026, 5:18:23 p.m.		Tiffany Cameron	Strength Training	60	3
Jun 15, 2026, 5:18:36 p.m.		Tiffany Cameron	Team Training	90	3
Jun 15, 2026, 5:19:46 p.m.		Anika Toth	Team Training	90	4
Jun 15, 2026, 5:19:52 p.m.		Anika Toth	Strength Training	45	3
Jun 15, 2026, 5:26:39 p.m.		Naya Cardoza	Team Training	90	4
Jun 15, 2026, 5:29:32 p.m.		Jordyn Rhodes	Team Training	90	3
Jun 15, 2026, 5:29:39 p.m.		Jordyn Rhodes	Strength Training	45	4
Jun 15, 2026, 5:57:41 p.m.		Sydney Kennedy	Team Training	90	4
Jun 15, 2026, 5:57:53 p.m.		Sydney Kennedy	Strength Training	40	3
Jun 15, 2026, 5:58:03 p.m.		Stella Downing	Team Training	60	6
Jun 15, 2026, 5:58:09 p.m.		Stella Downing	Strength Training	45	4
Jun 15, 2026, 6:00:18 p.m.		Julie Pedersen	Strength Training	40	4
Jun 15, 2026, 6:01:09 p.m.		Julie Pedersen	Team Training	75	5
Jun 15, 2026, 6:15:07 p.m.		Annika Leslie	Strength Training	30	4
Jun 15, 2026, 6:15:12 p.m.		Annika Leslie	Team Training	90	4
Jun 15, 2026, 6:15:19 p.m.		Kat Jordan	Strength Training	60	4
Jun 15, 2026, 6:33:40 p.m.		Megumi Nakamura	Team Training	60	2
Jun 15, 2026, 6:33:43 p.m.		Megumi Nakamura	Strength Training	60	2
Jun 15, 2026, 9:32:27 p.m.		Sheyenne Allen	Team Training	45	3
Jun 15, 2026, 10:23:10 p.m.		Kat Jordan	Team Training	60	4
Jun 16, 2026, 12:00:00 a.m.		Sheyenne Allen	Team Training	90	3
Jun 16, 2026, 12:00:00 a.m.		Naya Cardoza	Strength Training	50	4
Jun 16, 2026, 12:00:00 a.m.		Annika Leslie	Team Training	90	5
Jun 16, 2026, 5:29:41 p.m.		Julianne Vallerand	Team Training	120	4
Jun 16, 2026, 5:30:07 p.m.		Samantha St Croix	Team Training	120	6
Jun 16, 2026, 5:31:41 p.m.		Synne Fredriksen Moe	Team Training	135	6
Jun 16, 2026, 5:31:57 p.m.		Naya Cardoza	Team Training	105	5
Jun 16, 2026, 5:40:33 p.m.		Cho So-Hyun	Team Training	90	5
Jun 16, 2026, 5:40:56 p.m.		Rylee Foster	Team Training	90	4
Jun 16, 2026, 5:42:43 p.m.		Addison Weichers	Team Training	90	4
Jun 16, 2026, 5:42:53 p.m.		Saorla Miller	Team Training	90	3
Jun 16, 2026, 5:47:07 p.m.		Julia Benati	Team Training	90	5
Jun 16, 2026, 6:00:26 p.m.		Eva Fremaux	Team Training	75	5
Jun 16, 2026, 6:00:35 p.m.		Karima Lemire	Team Training	75	5
Jun 16, 2026, 6:09:53 p.m.		Anika Toth	Team Training	90	5
Jun 16, 2026, 6:10:23 p.m.		Megumi Nakamura	Team Training	90	3
Jun 16, 2026, 6:15:41 p.m.		Sydney Kennedy	Team Training	90	4
Jun 16, 2026, 6:16:00 p.m.		Kat Jordan	Team Training	60	3
Jun 16, 2026, 6:28:56 p.m.		Stella Downing	Team Training	90	6
Jun 16, 2026, 6:41:59 p.m.		Julie Pedersen	Team Training	90	4
Jun 16, 2026, 6:59:08 p.m.		Tiffany Cameron	Team Training	120	3
Jun 16, 2026, 7:30:02 p.m.		Jordyn Rhodes	Team Training	90	4
Jun 16, 2026, 10:09:22 p.m.		Sarah Taylor	Team Training	60	4
Jun 17, 2026, 12:00:00 a.m.		Eva Fremaux	Team Training	60	3
Jun 17, 2026, 10:00:00 a.m.	Practice	Karima Lemire	Team Training	120	3
Jun 17, 2026, 10:00:00 a.m.	Practice	Saorla Miller	Team Training	90	3
Jun 17, 2026, 10:00:00 a.m.	Practice	Stella Downing	Team Training	120	6
Jun 17, 2026, 10:00:00 a.m.	Practice	Addison Weichers	Team Training	90	3
Jun 17, 2026, 10:00:00 a.m.	Practice	Synne Fredriksen Moe	Strength Training	45	5
Jun 17, 2026, 2:49:12 p.m.		Naya Cardoza	Team Training	90	7
Jun 17, 2026, 2:49:14 p.m.		Anika Toth	Team Training	90	4
Jun 17, 2026, 2:52:58 p.m.		Julianne Vallerand	Team Training	90	3
Jun 17, 2026, 2:56:38 p.m.		Cho So-Hyun	Team Training	90	3
Jun 17, 2026, 2:57:15 p.m.		Synne Fredriksen Moe	Team Training	80	5
Jun 17, 2026, 2:57:21 p.m.		Samantha St Croix	Team Training	90	6
Jun 17, 2026, 3:01:09 p.m.		Jordyn Rhodes	Team Training	90	3
Jun 17, 2026, 3:01:50 p.m.		Julia Benati	Team Training	75	4
Jun 17, 2026, 3:02:12 p.m.		Tiffany Cameron	Team Training	90	3
Jun 17, 2026, 3:19:28 p.m.		Saorla Miller	Team Training	90	3
Jun 17, 2026, 3:27:24 p.m.		Megumi Nakamura	Team Training	90	2
Jun 17, 2026, 4:04:49 p.m.		Sydney Kennedy	Team Training	90	2
Jun 17, 2026, 4:30:42 p.m.		Annika Leslie	Team Training	60	3
Jun 17, 2026, 5:01:07 p.m.		Sarah Taylor	Team Training	60	4
Jun 17, 2026, 5:02:54 p.m.		Sheyenne Allen	Team Training	90	2
Jun 17, 2026, 6:30:33 p.m.		Julie Pedersen	Team Training	75	2
Jun 17, 2026, 10:45:02 p.m.		Kat Jordan	Team Training	90	4
Jun 17, 2026, 10:45:08 p.m.		Kat Jordan	Strength Training	60	3
Jun 18, 2026, 12:00:00 a.m.		Naya Cardoza	Game / Competition	1	0
Jun 18, 2026, 11:00:00 a.m.	Match VS Vancouver Rise	Synne Fredriksen Moe	Team Training	60	5
Jun 18, 2026, 11:00:00 a.m.	Match VS Vancouver Rise	Saorla Miller	Game / Competition	160	8
Jun 18, 2026, 11:00:00 a.m.	Match VS Vancouver Rise	Jordyn Rhodes	Game / Competition	160	7
Jun 18, 2026, 4:31:24 p.m.		Samantha St Croix	Game / Competition	120	1
Jun 18, 2026, 4:31:24 p.m.		Eva Fremaux	Game / Competition	15	4
Jun 18, 2026, 4:41:42 p.m.		Julie Pedersen	Game / Competition	30	7
Jun 18, 2026, 4:48:01 p.m.		Julianne Vallerand	Game / Competition	120	8
Jun 18, 2026, 4:59:51 p.m.		Sarah Taylor	Game / Competition	15	5
Jun 18, 2026, 5:00:06 p.m.		Sheyenne Allen	Game / Competition	90	7
Jun 18, 2026, 5:00:10 p.m.		Julia Benati	Game / Competition	60	5
Jun 18, 2026, 5:08:03 p.m.		Anika Toth	Game / Competition	120	0
Jun 18, 2026, 5:12:47 p.m.		Saorla Miller	Game / Competition	80	8
Jun 18, 2026, 5:18:02 p.m.		Cho So-Hyun	Game / Competition	65	7
Jun 18, 2026, 5:31:38 p.m.		Annika Leslie	Game / Competition	160	8
Jun 18, 2026, 5:35:28 p.m.		Karima Lemire	Team Training	90	8
Jun 18, 2026, 5:37:41 p.m.		Tiffany Cameron	Game / Competition	30	5
Jun 18, 2026, 6:28:51 p.m.		Sydney Kennedy	Game / Competition	30	6
Jun 18, 2026, 10:13:48 p.m.		Stella Downing	Game / Competition	60	6
Jun 18, 2026, 11:27:12 p.m.		Addison Weichers	Game / Competition	120	9
Jun 19, 2026, 12:00:00 a.m.		Julia Benati	Strength Training	60	4
Jun 19, 2026, 3:07:54 p.m.		Naya Cardoza	Team Training	60	3
Jun 19, 2026, 3:50:16 p.m.		Samantha St Croix	Team Training	60	7
Jun 19, 2026, 3:50:21 p.m.		Samantha St Croix	Strength Training	45	4
Jun 19, 2026, 3:50:25 p.m.		Sarah Taylor	Team Training	60	5
Jun 19, 2026, 3:50:31 p.m.		Sarah Taylor	Strength Training	60	4
Jun 19, 2026, 4:00:44 p.m.		Cho So-Hyun	Strength Training	20	2
Jun 19, 2026, 4:07:59 p.m.		Julie Pedersen	Team Training	60	7
Jun 19, 2026, 4:08:14 p.m.		Julie Pedersen	Strength Training	30	7
Jun 19, 2026, 4:09:14 p.m.		Cho So-Hyun	Recovery	25	1
Jun 19, 2026, 4:09:36 p.m.		Addison Weichers	Strength Training	30	2
Jun 19, 2026, 4:09:39 p.m.		Sydney Kennedy	Team Training	60	6
Jun 19, 2026, 4:09:48 p.m.		Sydney Kennedy	Strength Training	60	5
Jun 19, 2026, 4:09:55 p.m.		Sydney Kennedy	Recovery	60	2
Jun 19, 2026, 4:09:59 p.m.		Julie Pedersen	Recovery	15	1
Jun 19, 2026, 4:10:21 p.m.		Megumi Nakamura	Team Training	60	5
Jun 19, 2026, 4:10:25 p.m.		Megumi Nakamura	Strength Training	60	2
Jun 19, 2026, 4:12:13 p.m.		Tiffany Cameron	Strength Training	40	4
Jun 19, 2026, 4:25:33 p.m.		Samantha St Croix	Recovery	30	2
Jun 19, 2026, 4:25:44 p.m.		Kat Jordan	Team Training	90	2
Jun 19, 2026, 4:25:50 p.m.		Kat Jordan	Strength Training	60	3
Jun 19, 2026, 4:26:03 p.m.		Anika Toth	Team Training	75	7
Jun 19, 2026, 4:26:16 p.m.		Anika Toth	Strength Training	45	4
Jun 19, 2026, 4:30:02 p.m.		Tiffany Cameron	Recovery	30	1
Jun 19, 2026, 4:32:31 p.m.		Saorla Miller	Strength Training	60	3
Jun 19, 2026, 4:39:38 p.m.		Rylee Foster	Recovery	60	2
Jun 19, 2026, 4:44:08 p.m.		Julianne Vallerand	Strength Training	60	3
Jun 19, 2026, 5:10:59 p.m.		Tiffany Cameron	Team Training	60	5
Jun 19, 2026, 5:46:10 p.m.		Saorla Miller	Recovery	60	1
Jun 19, 2026, 7:11:17 p.m.		Annika Leslie	Strength Training	30	3
Jun 19, 2026, 7:11:26 p.m.		Annika Leslie	Recovery	30	2
Jun 19, 2026, 8:27:29 p.m.		Stella Downing	Strength Training	60	4
Jun 19, 2026, 11:07:53 p.m.		Eva Fremaux	Team Training	75	7
Jun 19, 2026, 11:07:58 p.m.		Eva Fremaux	Strength Training	60	4
Jun 19, 2026, 11:08:05 p.m.		Eva Fremaux	Recovery	30	1
Jun 20, 2026, 12:00:00 a.m.		Cho So-Hyun	Recovery	1	0
Jun 20, 2026, 5:55:05 p.m.		Tiffany Cameron	Recovery	30	1
Jun 21, 2026, 12:00:00 a.m.		Tiffany Cameron	Recovery	45	1
Jun 21, 2026, 12:00:00 a.m.		Naya Cardoza	Recovery	30	1
Jun 21, 2026, 5:58:23 p.m.		Cho So-Hyun	Recovery	1	0
Jun 21, 2026, 9:21:52 p.m.		Sheyenne Allen	Recovery	60	0
Jun 22, 2026, 12:00:00 a.m.		Addison Weichers	Team Training	120	4
Jun 22, 2026, 12:00:00 a.m.		Sheyenne Allen	Team Training	80	3
Jun 22, 2026, 5:20:50 p.m.		Samantha St Croix	Team Training	120	6
Jun 22, 2026, 5:23:22 p.m.		Synne Fredriksen Moe	Team Training	90	3
Jun 22, 2026, 5:23:30 p.m.		Julie Pedersen	Team Training	90	3
Jun 22, 2026, 5:24:15 p.m.		Eva Fremaux	Team Training	75	5
Jun 22, 2026, 5:28:58 p.m.		Karima Lemire	Team Training	90	4
Jun 22, 2026, 5:29:13 p.m.		Cho So-Hyun	Team Training	80	2
Jun 22, 2026, 5:29:22 p.m.		Megumi Nakamura	Team Training	60	5
Jun 22, 2026, 5:31:37 p.m.		Anika Toth	Team Training	105	7
Jun 22, 2026, 5:38:19 p.m.		Rylee Foster	Team Training	120	5
Jun 22, 2026, 5:40:08 p.m.		Saorla Miller	Team Training	90	4
Jun 22, 2026, 5:49:35 p.m.		Tiffany Cameron	Team Training	100	4
Jun 22, 2026, 5:53:49 p.m.		Sarah Taylor	Game / Competition	75	4
Jun 22, 2026, 5:56:08 p.m.		Stella Downing	Team Training	90	4
Jun 22, 2026, 5:56:16 p.m.		Kat Jordan	Team Training	90	3
Jun 22, 2026, 5:56:20 p.m.		Julianne Vallerand	Team Training	60	3
Jun 22, 2026, 5:56:29 p.m.		Julia Benati	Team Training	90	3
Jun 22, 2026, 6:16:45 p.m.		Sydney Kennedy	Team Training	100	4
Jun 22, 2026, 6:33:36 p.m.		Annika Leslie	Team Training	90	3
Jun 22, 2026, 7:48:48 p.m.		Jordyn Rhodes	Team Training	105	3
Jun 22, 2026, 10:02:48 p.m.		Kat Jordan	Strength Training	60	6
Jun 22, 2026, 10:44:39 p.m.		Naya Cardoza	Team Training	90	2
Jun 23, 2026, 12:00:00 a.m.		Megumi Nakamura	Strength Training	60	2
Jun 23, 2026, 12:00:00 a.m.		Julie Pedersen	Strength Training	40	6
Jun 23, 2026, 12:00:00 a.m.		Eva Fremaux	Team Training	90	5
Jun 23, 2026, 12:00:00 a.m.		Synne Fredriksen Moe	Strength Training	30	4
Jun 23, 2026, 12:00:00 a.m.		Sheyenne Allen	Team Training	105	4
Jun 23, 2026, 12:00:00 a.m.		Sheyenne Allen	Strength Training	45	3
Jun 23, 2026, 12:00:00 a.m.		Megumi Nakamura	Team Training	105	5
Jun 23, 2026, 12:00:00 a.m.		Eva Fremaux	Strength Training	45	4
Jun 23, 2026, 2:21:55 p.m.		Stella Downing	Strength Training	45	4
Jun 23, 2026, 2:24:29 p.m.		Rylee Foster	Strength Training	45	6
Jun 23, 2026, 2:24:40 p.m.		Tiffany Cameron	Strength Training	45	3
Jun 23, 2026, 2:26:58 p.m.		Sarah Taylor	Strength Training	60	4
Jun 23, 2026, 2:28:57 p.m.		Sydney Kennedy	Team Training	105	6
Jun 23, 2026, 2:31:53 p.m.		Julianne Vallerand	Strength Training	60	4
Jun 23, 2026, 2:31:57 p.m.		Cho So-Hyun	Strength Training	40	3
Jun 23, 2026, 2:35:43 p.m.		Samantha St Croix	Strength Training	45	4
Jun 23, 2026, 3:07:10 p.m.		Saorla Miller	Strength Training	45	3
Jun 23, 2026, 5:15:48 p.m.		Samantha St Croix	Team Training	105	4
Jun 23, 2026, 5:23:29 p.m.		Synne Fredriksen Moe	Team Training	90	4
Jun 23, 2026, 5:25:38 p.m.		Julianne Vallerand	Team Training	120	7
Jun 23, 2026, 5:25:50 p.m.		Addison Weichers	Team Training	110	5
Jun 23, 2026, 5:26:17 p.m.		Addison Weichers	Strength Training	45	5
Jun 23, 2026, 5:29:00 p.m.		Naya Cardoza	Team Training	105	5
Jun 23, 2026, 5:29:19 p.m.		Naya Cardoza	Strength Training	60	4
Jun 23, 2026, 5:30:12 p.m.		Rylee Foster	Team Training	120	6
Jun 23, 2026, 5:30:58 p.m.		Julie Pedersen	Team Training	105	8
Jun 23, 2026, 5:32:27 p.m.		Sarah Taylor	Team Training	60	4
Jun 23, 2026, 5:32:47 p.m.		Tiffany Cameron	Team Training	110	6
Jun 23, 2026, 5:33:15 p.m.		Saorla Miller	Team Training	105	5
Jun 23, 2026, 5:34:06 p.m.		Julia Benati	Team Training	90	5
Jun 23, 2026, 5:34:30 p.m.		Julia Benati	Strength Training	45	4
Jun 23, 2026, 5:41:41 p.m.		Stella Downing	Team Training	90	5
Jun 23, 2026, 5:41:49 p.m.		Sydney Kennedy	Strength Training	60	4
Jun 23, 2026, 5:46:51 p.m.		Kat Jordan	Strength Training	60	5
Jun 23, 2026, 5:46:56 p.m.		Kat Jordan	Team Training	60	6
Jun 23, 2026, 5:49:40 p.m.		Anika Toth	Team Training	120	6
Jun 23, 2026, 5:59:06 p.m.		Annika Leslie	Team Training	90	5
Jun 23, 2026, 5:59:12 p.m.		Annika Leslie	Strength Training	45	4
Jun 23, 2026, 5:59:39 p.m.		Anika Toth	Strength Training	45	4
Jun 23, 2026, 6:01:02 p.m.		Jordyn Rhodes	Team Training	90	4
Jun 23, 2026, 6:30:34 p.m.		Cho So-Hyun	Team Training	105	4
Jun 23, 2026, 10:20:47 p.m.		Karima Lemire	Team Training	90	5
Jun 23, 2026, 10:20:54 p.m.		Karima Lemire	Strength Training	30	4
Jun 24, 2026, 2:01:32 p.m.		Samantha St Croix	Strength Training	45	5
Jun 24, 2026, 2:04:38 p.m.		Tiffany Cameron	Team Training	120	5
Jun 24, 2026, 2:07:57 p.m.		Saorla Miller	Strength Training	45	3
Jun 24, 2026, 2:08:58 p.m.		Julie Pedersen	Strength Training	55	4
Jun 24, 2026, 2:30:16 p.m.		Cho So-Hyun	Strength Training	25	2
Jun 24, 2026, 2:49:30 p.m.		Kat Jordan	Strength Training	60	5
Jun 24, 2026, 2:49:30 p.m.		Sheyenne Allen	Strength Training	45	5
Jun 24, 2026, 2:54:08 p.m.		Rylee Foster	Strength Training	45	4
Jun 24, 2026, 5:47:54 p.m.		Eva Fremaux	Team Training	120	8
Jun 24, 2026, 5:48:03 p.m.		Eva Fremaux	Strength Training	45	4
Jun 24, 2026, 5:48:27 p.m.		Samantha St Croix	Team Training	120	4
Jun 24, 2026, 5:50:45 p.m.		Synne Fredriksen Moe	Team Training	90	5
Jun 24, 2026, 5:50:54 p.m.		Synne Fredriksen Moe	Strength Training	45	4
Jun 24, 2026, 5:51:30 p.m.		Julianne Vallerand	Team Training	120	5
Jun 24, 2026, 5:51:35 p.m.		Julianne Vallerand	Strength Training	60	3
Jun 24, 2026, 5:52:47 p.m.		Stella Downing	Team Training	120	7
Jun 24, 2026, 5:52:51 p.m.		Stella Downing	Strength Training	45	4
Jun 24, 2026, 5:52:57 p.m.		Naya Cardoza	Strength Training	60	3
Jun 24, 2026, 5:53:02 p.m.		Naya Cardoza	Team Training	105	5
Jun 24, 2026, 5:56:01 p.m.		Julie Pedersen	Team Training	110	5
Jun 24, 2026, 5:57:49 p.m.		Megumi Nakamura	Team Training	120	5
Jun 24, 2026, 5:58:07 p.m.		Rylee Foster	Team Training	120	7
Jun 24, 2026, 5:58:43 p.m.		Megumi Nakamura	Strength Training	60	2
Jun 24, 2026, 6:00:24 p.m.		Karima Lemire	Team Training	120	7
Jun 24, 2026, 6:00:30 p.m.		Karima Lemire	Strength Training	40	4
Jun 24, 2026, 6:00:49 p.m.		Anika Toth	Team Training	120	6
Jun 24, 2026, 6:00:57 p.m.		Anika Toth	Strength Training	45	4
Jun 24, 2026, 6:02:49 p.m.		Saorla Miller	Team Training	120	6
Jun 24, 2026, 6:06:12 p.m.		Kat Jordan	Team Training	90	4
Jun 24, 2026, 6:06:28 p.m.		Annika Leslie	Strength Training	45	3
Jun 24, 2026, 6:06:35 p.m.		Annika Leslie	Team Training	120	5
Jun 24, 2026, 6:15:19 p.m.		Sydney Kennedy	Team Training	135	6
Jun 24, 2026, 6:15:31 p.m.		Sydney Kennedy	Strength Training	60	4
Jun 24, 2026, 6:16:42 p.m.		Addison Weichers	Team Training	120	7
Jun 24, 2026, 6:16:49 p.m.		Addison Weichers	Strength Training	40	4
Jun 24, 2026, 6:26:06 p.m.		Sarah Taylor	Strength Training	60	4
Jun 24, 2026, 6:26:17 p.m.		Sarah Taylor	Team Training	120	4
Jun 24, 2026, 7:13:54 p.m.		Tiffany Cameron	Strength Training	40	4
Jun 24, 2026, 7:23:26 p.m.		Cho So-Hyun	Team Training	120	6
Jun 24, 2026, 7:39:20 p.m.		Jordyn Rhodes	Team Training	120	4
Jun 24, 2026, 7:39:25 p.m.		Jordyn Rhodes	Strength Training	45	4
Jun 24, 2026, 7:40:33 p.m.		Julia Benati	Team Training	120	6
Jun 24, 2026, 7:40:45 p.m.		Julia Benati	Strength Training	45	3
Jun 25, 2026, 2:12:55 p.m.		Synne Fredriksen Moe	Team Training	90	3
Jun 25, 2026, 2:16:52 p.m.		Samantha St Croix	Team Training	120	3
Jun 25, 2026, 2:17:00 p.m.		Cho So-Hyun	Team Training	120	3
Jun 25, 2026, 2:17:50 p.m.		Naya Cardoza	Team Training	90	3
Jun 25, 2026, 2:17:51 p.m.		Julie Pedersen	Team Training	105	4
Jun 25, 2026, 2:18:13 p.m.		Addison Weichers	Team Training	90	0
Jun 25, 2026, 2:24:56 p.m.		Anika Toth	Team Training	90	4
Jun 25, 2026, 2:24:58 p.m.		Saorla Miller	Team Training	90	4
Jun 25, 2026, 2:24:59 p.m.		Rylee Foster	Team Training	120	8
Jun 25, 2026, 2:25:01 p.m.		Jordyn Rhodes	Team Training	90	3
Jun 25, 2026, 2:25:01 p.m.		Kat Jordan	Team Training	90	2
Jun 25, 2026, 2:26:48 p.m.		Julianne Vallerand	Team Training	120	7
Jun 25, 2026, 2:26:51 p.m.		Megumi Nakamura	Team Training	90	5
Jun 25, 2026, 2:26:59 p.m.		Annika Leslie	Team Training	90	5
Jun 25, 2026, 3:47:16 p.m.		Julia Benati	Team Training	90	5
Jun 25, 2026, 3:48:55 p.m.		Sarah Taylor	Team Training	60	3
Jun 25, 2026, 3:49:04 p.m.		Karima Lemire	Team Training	90	1
Jun 25, 2026, 4:09:38 p.m.		Sydney Kennedy	Team Training	120	5
Jun 25, 2026, 4:13:07 p.m.		Tiffany Cameron	Team Training	90	3
Jun 25, 2026, 5:23:06 p.m.		Stella Downing	Team Training	90	6
Jun 25, 2026, 5:31:45 p.m.		Kat Jordan	Strength Training	90	6
Jun 25, 2026, 5:34:04 p.m.		Eva Fremaux	Team Training	90	5
Jun 25, 2026, 6:01:40 p.m.		Sheyenne Allen	Team Training	120	5
Jun 26, 2026, 12:00:00 a.m.		Eva Fremaux	Team Training	60	3
Jun 26, 2026, 12:00:00 a.m.		Stella Downing	Team Training	60	4
Jun 26, 2026, 12:00:00 a.m.		Naya Cardoza	Team Training	90	3
Jun 26, 2026, 12:00:00 a.m.		Julia Benati	Team Training	60	2
Jun 26, 2026, 5:03:51 p.m.		Samantha St Croix	Team Training	60	4
Jun 26, 2026, 6:06:53 p.m.		Kat Jordan	Team Training	60	4
Jun 26, 2026, 11:21:23 p.m.		Synne Fredriksen Moe	Team Training	60	2
Jun 26, 2026, 11:23:43 p.m.		Jordyn Rhodes	Team Training	60	3
Jun 26, 2026, 11:24:20 p.m.		Anika Toth	Team Training	80	4
Jun 26, 2026, 11:25:02 p.m.		Julie Pedersen	Team Training	70	4
Jun 26, 2026, 11:25:04 p.m.		Tiffany Cameron	Team Training	70	3
Jun 26, 2026, 11:25:06 p.m.		Saorla Miller	Team Training	80	3
Jun 26, 2026, 11:25:19 p.m.		Annika Leslie	Team Training	60	3
Jun 26, 2026, 11:25:24 p.m.		Karima Lemire	Team Training	75	1
Jun 26, 2026, 11:25:28 p.m.		Rylee Foster	Team Training	90	4
Jun 26, 2026, 11:27:09 p.m.		Sheyenne Allen	Team Training	70	2
Jun 26, 2026, 11:27:29 p.m.		Sarah Taylor	Team Training	60	3
Jun 26, 2026, 11:29:04 p.m.		Addison Weichers	Team Training	90	3
Jun 26, 2026, 11:32:57 p.m.		Sydney Kennedy	Team Training	75	2
Jun 26, 2026, 11:42:03 p.m.		Julianne Vallerand	Team Training	120	3
Jun 26, 2026, 11:43:02 p.m.		Megumi Nakamura	Team Training	60	2
Jun 26, 2026, 11:49:01 p.m.		Cho So-Hyun	Team Training	60	3
Jun 27, 2026, 12:00:00 a.m.		Sheyenne Allen	Team Training	90	7
Jun 27, 2026, 12:00:00 a.m.		Julie Pedersen	Game / Competition	60	8
Jun 27, 2026, 12:00:00 a.m.		Addison Weichers	Game / Competition	120	8
Jun 27, 2026, 12:00:00 a.m.		Cho So-Hyun	Game / Competition	30	5
Jun 27, 2026, 12:00:00 a.m.		Naya Cardoza	Game / Competition	1	0
Jun 27, 2026, 12:00:00 a.m.		Julia Benati	Game / Competition	60	5
Jun 27, 2026, 12:00:00 a.m.		Megumi Nakamura	Team Training	30	2
Jun 27, 2026, 12:00:00 a.m.		Anika Toth	Game / Competition	90	8
Jun 27, 2026, 12:00:00 a.m.		Sydney Kennedy	Game / Competition	60	7
Jun 27, 2026, 12:00:00 a.m.		Synne Fredriksen Moe	Game / Competition	65	7
Jun 27, 2026, 12:00:00 a.m.		Annika Leslie	Game / Competition	90	7
Jun 27, 2026, 12:00:00 a.m.		Tiffany Cameron	Game / Competition	35	6
Jun 27, 2026, 12:00:00 a.m.		Stella Downing	Game / Competition	30	5
Jun 27, 2026, 12:00:00 a.m.		Eva Fremaux	Game / Competition	15	4
Jun 27, 2026, 12:02:55 p.m.		Kat Jordan	Team Training	60	6
Jun 27, 2026, 12:12:15 p.m.		Samantha St Croix	Team Training	60	4
Jun 27, 2026, 1:21:47 p.m.		Kat Jordan	Strength Training	60	2
Jun 27, 2026, 5:00:00 p.m.	Match VS Calgary Wild	Saorla Miller	Game / Competition	160	8
Jun 27, 2026, 5:00:00 p.m.	Match VS Calgary Wild	Julianne Vallerand	Game / Competition	160	8
Jun 27, 2026, 5:00:00 p.m.	Match VS Calgary Wild	Naya Cardoza	Game / Competition	1	1
Jun 27, 2026, 5:00:00 p.m.	Match VS Calgary Wild	Jordyn Rhodes	Game / Competition	160	8
Jun 27, 2026, 9:34:03 p.m.		Samantha St Croix	Strength Training	45	5
Jun 28, 2026, 12:00:00 a.m.		Sheyenne Allen	Recovery	1	0
Jun 28, 2026, 3:50:14 p.m.		Cho So-Hyun	Recovery	1	0
Jun 28, 2026, 6:22:02 p.m.		Kat Jordan	Strength Training	60	4
Jun 28, 2026, 9:19:46 p.m.		Tiffany Cameron	Recovery	20	0
Jun 28, 2026, 10:06:00 p.m.		Samantha St Croix	Strength Training	45	4
Jun 29, 2026, 12:00:00 a.m.		Sheyenne Allen	Recovery	300	3
Jun 29, 2026, 8:31:24 p.m.		Cho So-Hyun	Recovery	110	2
Jun 30, 2026, 12:00:00 a.m.		Sheyenne Allen	Recovery	1	0
Jun 30, 2026, 1:31:08 p.m.		Cho So-Hyun	Recovery	1	0
Jul 1, 2026, 5:33:50 p.m.		Saorla Miller	Team Training	90	3
Jul 1, 2026, 5:36:23 p.m.		Synne Fredriksen Moe	Team Training	75	2
Jul 1, 2026, 5:39:24 p.m.		Megumi Nakamura	Team Training	60	2
Jul 1, 2026, 5:49:27 p.m.		Samantha St Croix	Strength Training	120	4
Jul 1, 2026, 5:49:32 p.m.		Sarah Taylor	Team Training	60	5
Jul 1, 2026, 5:49:53 p.m.		Julie Pedersen	Team Training	75	4
Jul 1, 2026, 5:50:04 p.m.		Cho So-Hyun	Team Training	75	2
Jul 1, 2026, 5:55:55 p.m.		Kat Jordan	Team Training	60	4
Jul 1, 2026, 5:59:39 p.m.		Anika Toth	Team Training	90	4
Jul 1, 2026, 6:01:35 p.m.		Jordyn Rhodes	Team Training	105	3
Jul 1, 2026, 6:01:49 p.m.		Sydney Kennedy	Team Training	90	3
Jul 1, 2026, 6:01:51 p.m.		Addison Weichers	Team Training	100	3
Jul 1, 2026, 6:07:38 p.m.		Naya Cardoza	Team Training	105	4
Jul 1, 2026, 6:07:46 p.m.		Tiffany Cameron	Team Training	105	4
Jul 1, 2026, 6:07:59 p.m.		Rylee Foster	Team Training	90	3
Jul 1, 2026, 6:10:35 p.m.		Annika Leslie	Team Training	90	3
Jul 1, 2026, 6:28:35 p.m.		Eva Fremaux	Team Training	90	5
Jul 1, 2026, 6:29:08 p.m.		Karima Lemire	Team Training	90	5
Jul 1, 2026, 6:31:12 p.m.		Julianne Vallerand	Team Training	120	3
Jul 1, 2026, 6:31:32 p.m.		Sheyenne Allen	Team Training	75	2
Jul 1, 2026, 7:45:52 p.m.		Julia Benati	Team Training	90	2
Jul 1, 2026, 7:45:57 p.m.		Stella Downing	Team Training	90	3
Jul 2, 2026, 2:14:11 p.m.		Samantha St Croix	Strength Training	45	4
Jul 2, 2026, 2:16:53 p.m.		Saorla Miller	Strength Training	45	3
Jul 2, 2026, 2:18:24 p.m.		Tiffany Cameron	Strength Training	40	4
Jul 2, 2026, 2:23:15 p.m.		Sheyenne Allen	Strength Training	45	3
Jul 2, 2026, 2:25:49 p.m.		Rylee Foster	Strength Training	45	3
Jul 2, 2026, 2:25:52 p.m.		Julie Pedersen	Strength Training	45	5
Jul 2, 2026, 2:25:54 p.m.		Eva Fremaux	Strength Training	60	3
Jul 2, 2026, 2:40:13 p.m.		Julia Benati	Strength Training	45	3
Jul 2, 2026, 2:51:19 p.m.		Cho So-Hyun	Strength Training	45	3
Jul 2, 2026, 5:20:39 p.m.		Synne Fredriksen Moe	Team Training	90	6
Jul 2, 2026, 5:23:08 p.m.		Karima Lemire	Team Training	90	6
Jul 2, 2026, 5:23:20 p.m.		Karima Lemire	Strength Training	40	4
Jul 2, 2026, 5:23:26 p.m.		Tiffany Cameron	Team Training	105	7
Jul 2, 2026, 5:23:54 p.m.		Eva Fremaux	Team Training	105	0
Jul 2, 2026, 5:24:22 p.m.		Naya Cardoza	Team Training	90	5
Jul 2, 2026, 5:24:27 p.m.		Naya Cardoza	Strength Training	60	3
Jul 2, 2026, 5:25:00 p.m.		Cho So-Hyun	Team Training	90	4
Jul 2, 2026, 5:28:03 p.m.		Megumi Nakamura	Team Training	120	5
Jul 2, 2026, 5:28:06 p.m.		Saorla Miller	Team Training	120	5
Jul 2, 2026, 5:28:07 p.m.		Megumi Nakamura	Strength Training	60	3
Jul 2, 2026, 5:28:11 p.m.		Sydney Kennedy	Team Training	105	6
Jul 2, 2026, 5:28:29 p.m.		Sydney Kennedy	Strength Training	45	4
Jul 2, 2026, 5:33:19 p.m.		Julia Benati	Team Training	90	4
Jul 2, 2026, 5:34:11 p.m.		Samantha St Croix	Team Training	120	4
Jul 2, 2026, 5:35:01 p.m.		Sarah Taylor	Team Training	60	5
Jul 2, 2026, 5:52:44 p.m.		Anika Toth	Team Training	105	4
Jul 2, 2026, 5:52:54 p.m.		Anika Toth	Strength Training	45	3
Jul 2, 2026, 5:54:12 p.m.		Kat Jordan	Team Training	90	5
Jul 2, 2026, 5:54:18 p.m.		Kat Jordan	Strength Training	60	2
Jul 2, 2026, 5:54:52 p.m.		Addison Weichers	Team Training	100	6
Jul 2, 2026, 5:55:04 p.m.		Addison Weichers	Strength Training	40	3
Jul 2, 2026, 5:55:05 p.m.		Julianne Vallerand	Team Training	120	4
Jul 2, 2026, 5:55:10 p.m.		Julianne Vallerand	Strength Training	60	3
Jul 2, 2026, 5:55:13 p.m.		Annika Leslie	Strength Training	45	3
Jul 2, 2026, 5:55:18 p.m.		Annika Leslie	Team Training	105	5
Jul 2, 2026, 6:03:33 p.m.		Julie Pedersen	Team Training	110	6
Jul 2, 2026, 6:16:01 p.m.		Rylee Foster	Team Training	120	7
Jul 2, 2026, 6:30:16 p.m.		Synne Fredriksen Moe	Strength Training	30	3
Jul 2, 2026, 6:44:20 p.m.		Sarah Taylor	Strength Training	60	3
Jul 2, 2026, 8:13:28 p.m.		Stella Downing	Strength Training	45	4
Jul 2, 2026, 8:13:35 p.m.		Stella Downing	Team Training	90	5
Jul 2, 2026, 8:29:39 p.m.		Jordyn Rhodes	Team Training	105	4
Jul 2, 2026, 8:29:48 p.m.		Jordyn Rhodes	Strength Training	45	3
Jul 3, 2026, 12:00:00 a.m.		Stella Downing	Team Training	90	5
Jul 3, 2026, 5:25:07 p.m.		Synne Fredriksen Moe	Team Training	100	3
Jul 3, 2026, 5:28:04 p.m.		Julianne Vallerand	Team Training	120	5
Jul 3, 2026, 5:33:41 p.m.		Sydney Kennedy	Team Training	90	5
Jul 3, 2026, 5:33:49 p.m.		Julia Benati	Team Training	90	5
Jul 3, 2026, 5:34:16 p.m.		Eva Fremaux	Team Training	90	3
Jul 3, 2026, 5:34:29 p.m.		Samantha St Croix	Team Training	120	6
Jul 3, 2026, 5:36:26 p.m.		Addison Weichers	Team Training	100	5
Jul 3, 2026, 5:44:28 p.m.		Sarah Taylor	Strength Training	120	4
Jul 3, 2026, 5:44:31 p.m.		Cho So-Hyun	Team Training	110	4
Jul 3, 2026, 5:53:07 p.m.		Kat Jordan	Team Training	90	2
Jul 3, 2026, 5:53:44 p.m.		Megumi Nakamura	Team Training	120	4
Jul 3, 2026, 5:54:00 p.m.		Rylee Foster	Team Training	120	6
Jul 3, 2026, 5:54:43 p.m.		Saorla Miller	Team Training	105	4
Jul 3, 2026, 5:55:01 p.m.		Naya Cardoza	Team Training	105	4
Jul 3, 2026, 5:55:26 p.m.		Anika Toth	Team Training	105	4
Jul 3, 2026, 6:02:35 p.m.		Annika Leslie	Team Training	105	4
Jul 3, 2026, 6:21:54 p.m.		Sheyenne Allen	Team Training	105	5
Jul 3, 2026, 6:27:14 p.m.		Julie Pedersen	Team Training	110	3
Jul 3, 2026, 6:52:02 p.m.		Jordyn Rhodes	Team Training	105	4
Jul 3, 2026, 7:50:13 p.m.		Tiffany Cameron	Team Training	105	3
Jul 4, 2026, 10:00:00 a.m.	Practice	Rylee Foster	Team Training	120	4
Jul 4, 2026, 10:00:00 a.m.	Practice	Karima Lemire	Team Training	90	4
Jul 4, 2026, 10:00:00 a.m.	Practice	Saorla Miller	Team Training	120	3
Jul 4, 2026, 10:00:00 a.m.	Practice	Julianne Vallerand	Team Training	120	2
Jul 4, 2026, 10:00:00 a.m.	Practice	Anika Toth	Team Training	90	5
Jul 4, 2026, 2:47:45 p.m.		Cho So-Hyun	Team Training	80	2
Jul 4, 2026, 3:01:23 p.m.		Julie Pedersen	Team Training	60	3
Jul 4, 2026, 3:01:33 p.m.		Eva Fremaux	Team Training	75	4
Jul 4, 2026, 3:01:46 p.m.		Jordyn Rhodes	Team Training	90	3
Jul 4, 2026, 3:01:49 p.m.		Addison Weichers	Team Training	100	4
Jul 4, 2026, 3:01:58 p.m.		Sydney Kennedy	Team Training	75	2
Jul 4, 2026, 3:04:30 p.m.		Naya Cardoza	Team Training	90	3
Jul 4, 2026, 3:04:34 p.m.		Sarah Taylor	Team Training	90	3
Jul 4, 2026, 4:03:07 p.m.		Samantha St Croix	Team Training	75	3
Jul 4, 2026, 4:03:08 p.m.		Julia Benati	Team Training	90	3
Jul 4, 2026, 4:04:50 p.m.		Megumi Nakamura	Team Training	60	2
Jul 4, 2026, 4:54:06 p.m.		Kat Jordan	Team Training	60	2
Jul 4, 2026, 5:06:39 p.m.		Tiffany Cameron	Team Training	70	3
Jul 4, 2026, 5:20:41 p.m.		Sheyenne Allen	Team Training	105	3
Jul 4, 2026, 5:35:31 p.m.		Synne Fredriksen Moe	Team Training	60	3
Jul 4, 2026, 6:01:27 p.m.		Stella Downing	Team Training	90	5
Jul 4, 2026, 7:00:38 p.m.		Annika Leslie	Team Training	75	3
Jul 5, 2026, 12:00:00 a.m.		Cho So-Hyun	Game / Competition	95	8
Jul 5, 2026, 12:00:00 a.m.		Sheyenne Allen	Game / Competition	90	7
Jul 5, 2026, 12:00:00 a.m.		Jordyn Rhodes	Game / Competition	105	9
Jul 5, 2026, 4:00:00 p.m.	Match VS AFC Toronto	Karima Lemire	Game / Competition	160	9
Jul 5, 2026, 4:00:00 p.m.	Match VS AFC Toronto	Kat Jordan	Game / Competition	160	4
Jul 5, 2026, 4:00:00 p.m.	Match VS AFC Toronto	Naya Cardoza	Game / Competition	160	6
Jul 5, 2026, 4:00:00 p.m.	Match VS AFC Toronto	Julianne Vallerand	Game / Competition	160	7
Jul 5, 2026, 4:00:00 p.m.	Match VS AFC Toronto	Saorla Miller	Game / Competition	160	7
Jul 5, 2026, 4:00:00 p.m.	Match VS AFC Toronto	Sarah Taylor	Game / Competition	160	2
Jul 5, 2026, 9:37:21 p.m.		Addison Weichers	Game / Competition	120	6
Jul 5, 2026, 9:39:15 p.m.		Saorla Miller	Game / Competition	75	7
Jul 5, 2026, 9:44:41 p.m.		Julia Benati	Game / Competition	60	6
Jul 5, 2026, 10:05:05 p.m.		Sydney Kennedy	Game / Competition	70	7
Jul 5, 2026, 10:07:38 p.m.		Naya Cardoza	Game / Competition	90	6
Jul 5, 2026, 10:13:37 p.m.		Anika Toth	Game / Competition	120	0
Jul 5, 2026, 10:26:56 p.m.		Synne Fredriksen Moe	Game / Competition	1	1
Jul 5, 2026, 10:47:49 p.m.		Stella Downing	Game / Competition	10	5
Jul 5, 2026, 10:56:01 p.m.		Kat Jordan	Game / Competition	120	5
Jul 5, 2026, 11:04:49 p.m.		Eva Fremaux	Game / Competition	1	1
Jul 5, 2026, 11:06:05 p.m.		Tiffany Cameron	Game / Competition	5	3
Jul 5, 2026, 11:10:27 p.m.		Annika Leslie	Game / Competition	1	1
Jul 5, 2026, 11:58:15 p.m.		Megumi Nakamura	Team Training	30	3
Jul 5, 2026, 11:58:21 p.m.		Megumi Nakamura	Game / Competition	30	4
Jul 6, 2026, 1:53:59 p.m.		Saorla Miller	Strength Training	40	2
Jul 6, 2026, 2:01:25 p.m.		Julianne Vallerand	Strength Training	60	5
Jul 6, 2026, 2:01:57 p.m.		Kat Jordan	Strength Training	60	1
Jul 6, 2026, 2:08:34 p.m.		Eva Fremaux	Strength Training	45	3
Jul 6, 2026, 2:08:43 p.m.		Eva Fremaux	Recovery	30	1
Jul 6, 2026, 2:10:09 p.m.		Samantha St Croix	Recovery	30	2
Jul 6, 2026, 2:10:17 p.m.		Samantha St Croix	Strength Training	30	6
Jul 6, 2026, 2:16:47 p.m.		Julianne Vallerand	Recovery	45	2
Jul 6, 2026, 2:18:41 p.m.		Cho So-Hyun	Strength Training	20	4
Jul 6, 2026, 2:19:00 p.m.		Cho So-Hyun	Recovery	30	1
Jul 6, 2026, 2:20:52 p.m.		Synne Fredriksen Moe	Team Training	30	5
Jul 6, 2026, 2:20:53 p.m.		Julie Pedersen	Strength Training	30	5
Jul 6, 2026, 2:20:58 p.m.		Synne Fredriksen Moe	Strength Training	60	4
Jul 6, 2026, 2:21:02 p.m.		Julie Pedersen	Recovery	30	2
Jul 6, 2026, 2:23:19 p.m.		Megumi Nakamura	Team Training	60	1
Jul 6, 2026, 2:26:48 p.m.		Jordyn Rhodes	Recovery	30	1
Jul 6, 2026, 2:26:53 p.m.		Jordyn Rhodes	Strength Training	60	4
Jul 6, 2026, 2:31:05 p.m.		Anika Toth	Strength Training	60	4
Jul 6, 2026, 2:37:06 p.m.		Tiffany Cameron	Strength Training	40	3
Jul 6, 2026, 2:37:28 p.m.		Tiffany Cameron	Recovery	25	2
Jul 6, 2026, 2:41:04 p.m.		Sheyenne Allen	Strength Training	70	0
Jul 6, 2026, 2:57:05 p.m.		Annika Leslie	Strength Training	30	3
Jul 6, 2026, 2:57:19 p.m.		Annika Leslie	Recovery	30	1
Jul 6, 2026, 3:01:00 p.m.		Naya Cardoza	Recovery	60	1
Jul 6, 2026, 3:01:06 p.m.		Naya Cardoza	Strength Training	45	4
Jul 6, 2026, 3:01:08 p.m.		Sydney Kennedy	Strength Training	45	4
Jul 6, 2026, 3:01:14 p.m.		Sydney Kennedy	Recovery	45	2
Jul 6, 2026, 3:01:58 p.m.		Sarah Taylor	Strength Training	59	3
Jul 6, 2026, 4:06:41 p.m.		Julia Benati	Team Training	45	0
Jul 6, 2026, 4:06:54 p.m.		Addison Weichers	Recovery	40	3
Jul 6, 2026, 4:07:19 p.m.		Julia Benati	Strength Training	45	2
Jul 6, 2026, 6:01:50 p.m.		Stella Downing	Strength Training	45	3
Jul 7, 2026, 12:00:00 a.m.		Sheyenne Allen	Recovery	45	1
Jul 7, 2026, 12:00:00 a.m.		Naya Cardoza	Recovery	20	0
Jul 7, 2026, 12:00:00 a.m.		Cho So-Hyun	Recovery	1	0
Jul 7, 2026, 7:23:25 p.m.		Tiffany Cameron	Recovery	30	1
Jul 8, 2026, 5:40:02 p.m.		Synne Fredriksen Moe	Team Training	90	4
Jul 8, 2026, 5:40:07 p.m.		Samantha St Croix	Team Training	135	5
Jul 8, 2026, 5:43:46 p.m.		Julianne Vallerand	Team Training	120	4
Jul 8, 2026, 5:51:19 p.m.		Saorla Miller	Team Training	120	3
Jul 8, 2026, 5:53:12 p.m.		Addison Weichers	Team Training	120	5
Jul 8, 2026, 5:53:32 p.m.		Stella Downing	Team Training	90	4
Jul 8, 2026, 5:55:18 p.m.		Julia Benati	Team Training	90	4
Jul 8, 2026, 5:56:11 p.m.		Karima Lemire	Team Training	90	5
Jul 8, 2026, 5:56:45 p.m.		Rylee Foster	Team Training	120	6
Jul 8, 2026, 5:56:53 p.m.		Kat Jordan	Team Training	90	4
Jul 8, 2026, 5:58:31 p.m.		Sarah Taylor	Team Training	120	4
Jul 8, 2026, 6:00:35 p.m.		Annika Leslie	Team Training	90	5
Jul 8, 2026, 6:02:49 p.m.		Cho So-Hyun	Team Training	90	4
Jul 8, 2026, 6:15:19 p.m.		Sydney Kennedy	Team Training	120	4
Jul 8, 2026, 6:15:25 p.m.		Eva Fremaux	Team Training	90	4
Jul 8, 2026, 6:27:03 p.m.		Naya Cardoza	Team Training	90	4
Jul 8, 2026, 6:30:19 p.m.		Julie Pedersen	Team Training	110	3
Jul 8, 2026, 6:30:35 p.m.		Anika Toth	Team Training	90	5
Jul 8, 2026, 7:33:25 p.m.		Tiffany Cameron	Team Training	100	3
Jul 8, 2026, 8:26:30 p.m.		Megumi Nakamura	Team Training	60	2
Jul 8, 2026, 8:26:51 p.m.		Jordyn Rhodes	Team Training	105	3
Jul 8, 2026, 8:27:03 p.m.		Sheyenne Allen	Team Training	90	3
Jul 9, 2026, 2:07:54 p.m.		Julia Benati	Strength Training	45	4
Jul 9, 2026, 2:09:52 p.m.		Rylee Foster	Strength Training	35	0
Jul 9, 2026, 2:11:58 p.m.		Samantha St Croix	Strength Training	45	3
Jul 9, 2026, 2:15:04 p.m.		Cho So-Hyun	Strength Training	50	3
Jul 9, 2026, 2:15:52 p.m.		Sydney Kennedy	Strength Training	45	4
Jul 9, 2026, 2:17:08 p.m.		Julie Pedersen	Strength Training	35	5
Jul 9, 2026, 2:17:17 p.m.		Kat Jordan	Strength Training	60	4
Jul 9, 2026, 2:18:45 p.m.		Tiffany Cameron	Strength Training	40	4
Jul 9, 2026, 2:37:13 p.m.		Julianne Vallerand	Strength Training	120	4
Jul 9, 2026, 2:41:03 p.m.		Sheyenne Allen	Strength Training	45	3
Jul 9, 2026, 5:41:46 p.m.		Cho So-Hyun	Team Training	120	5
Jul 9, 2026, 5:42:02 p.m.		Sarah Taylor	Team Training	120	5
Jul 9, 2026, 5:42:15 p.m.		Sarah Taylor	Strength Training	60	3
Jul 9, 2026, 5:54:02 p.m.		Addison Weichers	Team Training	120	4
Jul 9, 2026, 5:57:05 p.m.		Anika Toth	Team Training	120	5
Jul 9, 2026, 5:57:27 p.m.		Anika Toth	Strength Training	45	3
Jul 9, 2026, 6:07:54 p.m.		Rylee Foster	Team Training	135	6
Jul 9, 2026, 6:07:58 p.m.		Julie Pedersen	Team Training	120	7
Jul 9, 2026, 6:12:16 p.m.		Julianne Vallerand	Team Training	120	6
Jul 9, 2026, 6:16:39 p.m.		Sydney Kennedy	Team Training	120	6
Jul 9, 2026, 6:25:12 p.m.		Jordyn Rhodes	Team Training	105	4
Jul 9, 2026, 6:25:39 p.m.		Jordyn Rhodes	Strength Training	45	4
Jul 9, 2026, 6:26:52 p.m.		Kat Jordan	Team Training	120	6
Jul 9, 2026, 6:27:02 p.m.		Samantha St Croix	Team Training	120	6
Jul 9, 2026, 6:30:15 p.m.		Synne Fredriksen Moe	Team Training	90	6
Jul 9, 2026, 6:30:28 p.m.		Synne Fredriksen Moe	Strength Training	30	4
Jul 9, 2026, 7:38:43 p.m.		Eva Fremaux	Team Training	105	6
Jul 9, 2026, 7:39:00 p.m.		Eva Fremaux	Strength Training	60	3
Jul 9, 2026, 7:41:30 p.m.		Tiffany Cameron	Team Training	120	5
Jul 9, 2026, 7:51:24 p.m.		Karima Lemire	Team Training	120	7
Jul 9, 2026, 7:51:30 p.m.		Karima Lemire	Strength Training	45	4
Jul 9, 2026, 8:15:32 p.m.		Saorla Miller	Team Training	90	4
Jul 9, 2026, 8:15:46 p.m.		Saorla Miller	Strength Training	45	2
Jul 9, 2026, 8:16:39 p.m.		Julia Benati	Team Training	120	5
Jul 9, 2026, 8:16:50 p.m.		Megumi Nakamura	Team Training	90	5
Jul 9, 2026, 8:16:50 p.m.		Stella Downing	Team Training	90	4
Jul 9, 2026, 8:16:58 p.m.		Stella Downing	Strength Training	45	4
Jul 9, 2026, 8:17:02 p.m.		Megumi Nakamura	Strength Training	60	2
Jul 9, 2026, 8:22:28 p.m.		Sheyenne Allen	Team Training	120	6
Jul 9, 2026, 8:47:04 p.m.		Naya Cardoza	Team Training	90	4
Jul 9, 2026, 8:47:15 p.m.		Naya Cardoza	Strength Training	60	3
Jul 9, 2026, 8:56:49 p.m.		Annika Leslie	Team Training	120	5
Jul 10, 2026, 12:00:00 a.m.		Jordyn Rhodes	Team Training	105	3
Jul 10, 2026, 12:00:00 a.m.		Sheyenne Allen	Team Training	105	4
Jul 10, 2026, 12:00:00 a.m.		Julia Benati	Team Training	120	4
Jul 10, 2026, 12:00:00 a.m.		Karima Lemire	Team Training	90	4
Jul 10, 2026, 5:36:28 p.m.		Stella Downing	Team Training	105	5
Jul 10, 2026, 5:36:31 p.m.		Julianne Vallerand	Team Training	90	3
Jul 10, 2026, 5:37:32 p.m.		Saorla Miller	Team Training	105	3
Jul 10, 2026, 5:49:07 p.m.		Addison Weichers	Team Training	105	3
Jul 10, 2026, 5:49:17 p.m.		Rylee Foster	Team Training	120	4
Jul 10, 2026, 5:49:42 p.m.		Tiffany Cameron	Team Training	105	3
Jul 10, 2026, 6:02:56 p.m.		Synne Fredriksen Moe	Team Training	90	4
Jul 10, 2026, 6:19:20 p.m.		Megumi Nakamura	Team Training	90	2
Jul 10, 2026, 6:30:18 p.m.		Cho So-Hyun	Team Training	90	4
Jul 10, 2026, 6:30:21 p.m.		Julie Pedersen	Team Training	90	3
Jul 10, 2026, 6:30:38 p.m.		Samantha St Croix	Team Training	90	4
Jul 10, 2026, 6:49:38 p.m.		Anika Toth	Team Training	90	4
Jul 10, 2026, 6:59:32 p.m.		Eva Fremaux	Team Training	90	4
Jul 10, 2026, 7:17:23 p.m.		Sarah Taylor	Team Training	120	4
Jul 10, 2026, 7:36:02 p.m.		Sydney Kennedy	Team Training	90	3
Jul 10, 2026, 8:00:22 p.m.		Kat Jordan	Team Training	120	3
Jul 10, 2026, 10:47:42 p.m.		Naya Cardoza	Team Training	90	4
Jul 10, 2026, 11:11:21 p.m.		Annika Leslie	Team Training	90	3
Jul 11, 2026, 9:06:24 p.m.		Tiffany Cameron	Team Training	90	3
Jul 11, 2026, 9:10:22 p.m.		Julia Benati	Team Training	60	2
Jul 11, 2026, 9:13:34 p.m.		Julie Pedersen	Team Training	90	4
Jul 11, 2026, 9:14:47 p.m.		Julianne Vallerand	Team Training	60	3
Jul 11, 2026, 9:15:53 p.m.		Anika Toth	Team Training	105	4
Jul 11, 2026, 9:17:19 p.m.		Addison Weichers	Team Training	90	2
Jul 11, 2026, 9:17:20 p.m.		Sarah Taylor	Team Training	60	3
Jul 11, 2026, 9:17:21 p.m.		Cho So-Hyun	Team Training	90	3
Jul 11, 2026, 9:17:23 p.m.		Sydney Kennedy	Team Training	90	2
Jul 11, 2026, 9:17:23 p.m.		Annika Leslie	Team Training	90	3
Jul 11, 2026, 9:17:32 p.m.		Saorla Miller	Team Training	90	2
Jul 11, 2026, 9:17:34 p.m.		Samantha St Croix	Team Training	90	7
Jul 11, 2026, 9:25:23 p.m.		Rylee Foster	Team Training	90	8
Jul 11, 2026, 9:25:29 p.m.		Synne Fredriksen Moe	Team Training	90	3
Jul 11, 2026, 9:34:03 p.m.		Naya Cardoza	Team Training	90	3
Jul 11, 2026, 9:49:06 p.m.		Stella Downing	Team Training	75	3
Jul 11, 2026, 9:56:15 p.m.		Kat Jordan	Team Training	90	2
Jul 11, 2026, 9:56:35 p.m.		Jordyn Rhodes	Team Training	105	3
Jul 11, 2026, 10:53:28 p.m.		Eva Fremaux	Team Training	60	8
Jul 11, 2026, 10:53:37 p.m.		Karima Lemire	Team Training	90	3
Jul 11, 2026, 11:26:36 p.m.		Sheyenne Allen	Team Training	90	2
Jul 12, 2026, 12:00:00 a.m.		Tiffany Cameron	Game / Competition	35	6
Jul 12, 2026, 12:00:00 a.m.		Julia Benati	Game / Competition	65	7
Jul 12, 2026, 12:00:00 a.m.		Stella Downing	Game / Competition	60	7
Jul 12, 2026, 12:00:00 a.m.		Annika Leslie	Game / Competition	1	0
Jul 12, 2026, 12:00:00 a.m.		Karima Lemire	Game / Competition	120	9
Jul 12, 2026, 12:00:00 a.m.		Naya Cardoza	Game / Competition	90	8
Jul 12, 2026, 12:00:00 a.m.		Sheyenne Allen	Game / Competition	90	8
Jul 12, 2026, 4:00:00 p.m.	Match VS Montreal Roses	Rylee Foster	Game / Competition	160	10
Jul 12, 2026, 4:00:00 p.m.	Match VS Montreal Roses	Saorla Miller	Game / Competition	160	4
Jul 12, 2026, 4:00:00 p.m.	Match VS Montreal Roses	Jordyn Rhodes	Game / Competition	160	8
Jul 12, 2026, 4:00:00 p.m.	Match VS Montreal Roses	Kat Jordan	Game / Competition	160	8
Jul 12, 2026, 5:09:05 p.m.		Tiffany Cameron	Recovery	45	2
Jul 12, 2026, 10:25:17 p.m.		Eva Fremaux	Game / Competition	1	0
Jul 12, 2026, 10:59:45 p.m.		Anika Toth	Game / Competition	120	1
Jul 12, 2026, 10:59:54 p.m.		Sarah Taylor	Game / Competition	60	5
Jul 12, 2026, 11:00:10 p.m.		Sydney Kennedy	Game / Competition	60	6
Jul 12, 2026, 11:00:10 p.m.		Kat Jordan	Game / Competition	180	8
Jul 12, 2026, 11:03:06 p.m.		Cho So-Hyun	Game / Competition	90	9
Jul 12, 2026, 11:07:41 p.m.		Saorla Miller	Game / Competition	22	4
Jul 12, 2026, 11:35:28 p.m.		Julianne Vallerand	Game / Competition	120	8
Jul 12, 2026, 11:37:24 p.m.		Samantha St Croix	Game / Competition	135	0
Jul 12, 2026, 11:49:29 p.m.		Addison Weichers	Game / Competition	120	7
Jul 12, 2026, 11:57:28 p.m.		Megumi Nakamura	Team Training	30	2
Jul 12, 2026, 11:57:34 p.m.		Megumi Nakamura	Game / Competition	20	4
Jul 13, 2026, 3:54:45 p.m.		Julia Benati	Strength Training	35	4
Jul 13, 2026, 3:56:28 p.m.		Kat Jordan	Strength Training	60	2
Jul 13, 2026, 4:10:52 p.m.		Julie Pedersen	Strength Training	30	4
Jul 13, 2026, 4:17:29 p.m.		Anika Toth	Strength Training	45	3
Jul 13, 2026, 4:28:51 p.m.		Sydney Kennedy	Strength Training	30	4
Jul 13, 2026, 4:28:51 p.m.		Synne Fredriksen Moe	Strength Training	90	3
Jul 13, 2026, 4:28:55 p.m.		Jordyn Rhodes	Recovery	60	1
Jul 13, 2026, 4:28:57 p.m.		Samantha St Croix	Recovery	45	1
Jul 13, 2026, 4:28:57 p.m.		Cho So-Hyun	Strength Training	30	3
Jul 13, 2026, 4:28:58 p.m.		Sydney Kennedy	Recovery	30	1
Jul 13, 2026, 4:29:00 p.m.		Julie Pedersen	Recovery	20	1
Jul 13, 2026, 4:29:00 p.m.		Samantha St Croix	Strength Training	45	3
Jul 13, 2026, 4:29:01 p.m.		Rylee Foster	Recovery	60	3
Jul 13, 2026, 4:29:03 p.m.		Julianne Vallerand	Recovery	30	1
Jul 13, 2026, 4:29:04 p.m.		Addison Weichers	Strength Training	30	3
Jul 13, 2026, 4:29:07 p.m.		Annika Leslie	Strength Training	30	3
Jul 13, 2026, 4:29:07 p.m.		Julianne Vallerand	Strength Training	60	3
Jul 13, 2026, 4:29:09 p.m.		Addison Weichers	Recovery	30	2
Jul 13, 2026, 4:29:12 p.m.		Annika Leslie	Recovery	30	1
Jul 13, 2026, 4:29:14 p.m.		Cho So-Hyun	Recovery	40	1
Jul 13, 2026, 4:29:23 p.m.		Naya Cardoza	Strength Training	45	3
Jul 13, 2026, 4:29:30 p.m.		Naya Cardoza	Recovery	30	1
Jul 13, 2026, 4:49:31 p.m.		Megumi Nakamura	Recovery	60	1
Jul 13, 2026, 4:49:57 p.m.		Stella Downing	Strength Training	45	4
Jul 13, 2026, 4:54:30 p.m.		Tiffany Cameron	Strength Training	40	3
Jul 13, 2026, 4:54:50 p.m.		Tiffany Cameron	Recovery	20	2
Jul 13, 2026, 5:05:59 p.m.		Eva Fremaux	Strength Training	45	3
Jul 13, 2026, 5:06:09 p.m.		Eva Fremaux	Recovery	20	2
Jul 13, 2026, 5:45:47 p.m.		Saorla Miller	Strength Training	45	3
Jul 13, 2026, 5:45:57 p.m.		Saorla Miller	Recovery	15	1
Jul 13, 2026, 7:55:12 p.m.		Sarah Taylor	Strength Training	60	4
Jul 14, 2026, 6:53:50 p.m.		Saorla Miller	Team Training	90	10
Jul 14, 2026, 7:16:17 p.m.		Julianne Vallerand	Team Training	120	5
Jul 14, 2026, 7:16:29 p.m.		Synne Fredriksen Moe	Team Training	90	3
Jul 14, 2026, 7:16:30 p.m.		Cho So-Hyun	Team Training	105	3
Jul 14, 2026, 7:16:31 p.m.		Samantha St Croix	Team Training	105	4
Jul 14, 2026, 7:25:19 p.m.		Addison Weichers	Team Training	90	4
Jul 14, 2026, 7:25:21 p.m.		Naya Cardoza	Team Training	90	4
Jul 14, 2026, 7:25:21 p.m.		Eva Fremaux	Team Training	90	3
Jul 14, 2026, 7:25:22 p.m.		Kat Jordan	Team Training	90	3
Jul 14, 2026, 7:25:26 p.m.		Tiffany Cameron	Team Training	120	3
Jul 14, 2026, 7:25:26 p.m.		Jordyn Rhodes	Team Training	105	3
Jul 14, 2026, 7:25:30 p.m.		Megumi Nakamura	Team Training	90	3
Jul 14, 2026, 7:25:38 p.m.		Sarah Taylor	Team Training	60	4
Jul 14, 2026, 7:25:39 p.m.		Sydney Kennedy	Team Training	105	3
Jul 14, 2026, 7:25:40 p.m.		Stella Downing	Team Training	105	5
Jul 14, 2026, 7:26:30 p.m.		Anika Toth	Team Training	90	4
Jul 14, 2026, 7:35:43 p.m.		Julie Pedersen	Team Training	105	4
Jul 14, 2026, 9:03:32 p.m.		Karima Lemire	Team Training	90	2
Jul 14, 2026, 9:24:01 p.m.		Annika Leslie	Team Training	120	5
Jul 14, 2026, 10:02:15 p.m.		Sheyenne Allen	Team Training	90	3
Jul 14, 2026, 10:56:08 p.m.		Julia Benati	Team Training	105	2
Jul 15, 2026, 12:00:00 a.m.		Saorla Miller	Team Training	90	1
Jul 15, 2026, 10:30:14 p.m.		Rylee Foster	Recovery	90	2
Jul 15, 2026, 10:30:45 p.m.		Cho So-Hyun	Team Training	90	2
Jul 15, 2026, 10:30:51 p.m.		Megumi Nakamura	Team Training	60	3
Jul 15, 2026, 10:30:53 p.m.		Samantha St Croix	Team Training	120	3
Jul 15, 2026, 10:32:11 p.m.		Synne Fredriksen Moe	Team Training	90	3
Jul 15, 2026, 10:42:11 p.m.		Anika Toth	Team Training	90	4
Jul 15, 2026, 10:48:39 p.m.		Julie Pedersen	Team Training	90	4
Jul 15, 2026, 10:48:59 p.m.		Julia Benati	Team Training	90	3
Jul 15, 2026, 10:49:09 p.m.		Stella Downing	Team Training	90	4
Jul 15, 2026, 10:50:37 p.m.		Tiffany Cameron	Team Training	90	3
Jul 15, 2026, 10:50:42 p.m.		Addison Weichers	Team Training	75	4
Jul 15, 2026, 10:50:46 p.m.		Sarah Taylor	Team Training	60	3
Jul 15, 2026, 10:54:45 p.m.		Annika Leslie	Team Training	105	4
Jul 15, 2026, 10:58:04 p.m.		Karima Lemire	Team Training	90	3
Jul 15, 2026, 10:58:15 p.m.		Naya Cardoza	Team Training	90	3
Jul 15, 2026, 10:59:18 p.m.		Eva Fremaux	Team Training	60	3
Jul 15, 2026, 10:59:27 p.m.		Julianne Vallerand	Team Training	120	2
Jul 15, 2026, 11:10:21 p.m.		Kat Jordan	Team Training	90	2
Jul 15, 2026, 11:10:40 p.m.		Jordyn Rhodes	Team Training	105	3
Jul 15, 2026, 11:25:25 p.m.		Sheyenne Allen	Team Training	105	3
Jul 16, 2026, 12:00:00 a.m.		Stella Downing	Game / Competition	45	6
Jul 16, 2026, 12:00:00 a.m.		Eva Fremaux	Game / Competition	1	1
Jul 16, 2026, 12:00:00 a.m.		Sarah Taylor	Game / Competition	60	7
Jul 16, 2026, 12:00:00 a.m.		Naya Cardoza	Game / Competition	90	0
Jul 16, 2026, 12:00:00 a.m.		Anika Toth	Game / Competition	120	7
Jul 16, 2026, 12:00:00 a.m.		Sheyenne Allen	Game / Competition	90	8
Jul 16, 2026, 12:00:00 a.m.		Addison Weichers	Game / Competition	120	7
Jul 16, 2026, 12:00:00 a.m.		Megumi Nakamura	Team Training	30	2
Jul 16, 2026, 12:00:00 a.m.		Karima Lemire	Game / Competition	90	5
Jul 16, 2026, 12:00:00 a.m.		Tiffany Cameron	Game / Competition	45	6
Jul 16, 2026, 12:00:00 a.m.		Julie Pedersen	Game / Competition	90	9
Jul 16, 2026, 12:00:00 a.m.		Sydney Kennedy	Game / Competition	80	7
Jul 16, 2026, 12:00:00 a.m.		Julianne Vallerand	Game / Competition	120	8
Jul 16, 2026, 12:00:00 a.m.		Kat Jordan	Game / Competition	180	5
Jul 16, 2026, 12:00:00 a.m.		Samantha St Croix	Game / Competition	120	1
Jul 16, 2026, 12:00:00 a.m.		Annika Leslie	Game / Competition	90	7
Jul 16, 2026, 12:00:00 a.m.		Synne Fredriksen Moe	Game / Competition	45	5
Jul 16, 2026, 12:00:00 a.m.		Julia Benati	Game / Competition	8	1
Jul 16, 2026, 3:51:59 p.m.		Saorla Miller	Game / Competition	10	1
Jul 16, 2026, 7:00:00 p.m.	Match VS Ottawa Rapid	Kat Jordan	Game / Competition	160	5
Jul 16, 2026, 7:00:00 p.m.	Match VS Ottawa Rapid	Saorla Miller	Game / Competition	160	1
Jul 16, 2026, 7:00:00 p.m.	Match VS Ottawa Rapid	Jordyn Rhodes	Game / Competition	160	8
Jul 16, 2026, 7:00:00 p.m.	Match VS Ottawa Rapid	Julianne Vallerand	Game / Competition	160	8
Jul 17, 2026, 2:06:34 p.m.		Cho So-Hyun	Recovery	1	0
Jul 17, 2026, 8:33:59 p.m.		Naya Cardoza	Recovery	1	0
Jul 18, 2026, 12:00:00 a.m.		Tiffany Cameron	Recovery	20	1
Jul 18, 2026, 11:19:43 p.m.		Naya Cardoza	Recovery	20	1
Jul 19, 2026, 12:00:00 a.m.		Naya Cardoza	Recovery	20	1
Jul 19, 2026, 7:50:37 p.m.		Cho So-Hyun	Recovery	1	0
Jul 20, 2026, 5:48:44 p.m.		Saorla Miller	Team Training	90	1
Jul 20, 2026, 5:49:18 p.m.		Julianne Vallerand	Team Training	90	4
