athleteId,athlete_name,localTime,date,name,rpe,minutes
-7873248334552818988,Julie Pedersen,2026-02-16T12:00:00Z,2026-02-16,Strength Training,5,78
7195328437649266170,Sheyenne Allen,2026-02-16T09:27:12Z,2026-02-16,Strength Training,4,80
2476743875210642344,Jordyn Rhodes,2026-02-16T09:52:31Z,2026-02-16,Strength Training,3,45
7531602514129690519,Samantha St Croix,2026-02-16T10:47:40Z,2026-02-16,Strength Training,6,60
7531602514129690519,Samantha St Croix,2026-02-17T09:23:01Z,2026-02-17,Recovery,1,60
7195328437649266170,Sheyenne Allen,2026-02-17T10:04:54Z,2026-02-17,Recovery,2,40
-7873248334552818988,Julie Pedersen,2026-02-17T11:18:26Z,2026-02-17,Recovery,2,50
-9186825032477237927,Rylee Foster,2026-02-18T07:31:18Z,2026-02-18,Team Training,9,75
7207372854284632697,Tiffany Cameron,2026-02-18T07:32:31Z,2026-02-18,Team Training,8,60
4458350051712250958,Naya Cardoza,2026-02-18T07:32:37Z,2026-02-18,Team Training,8,90
-6371583905756521099,Stella Downing,2026-02-18T07:32:38Z,2026-02-18,Team Training,7,90
7195328437649266170,Sheyenne Allen,2026-02-18T07:32:39Z,2026-02-18,Team Training,5,60
5701711296024658395,Julianne Vallerand,2026-02-18T07:33:15Z,2026-02-18,Team Training,9,90
2476743875210642344,Jordyn Rhodes,2026-02-18T07:33:21Z,2026-02-18,Team Training,8,90
-8380791422839676855,Julia Benati,2026-02-18T07:37:37Z,2026-02-18,Team Training,9,90
5533031922107217408,Synne Fredriksen Moe,2026-02-18T08:00:24Z,2026-02-18,Team Training,6,60
-7873248334552818988,Julie Pedersen,2026-02-18T08:00:25Z,2026-02-18,Team Training,6,60
7531602514129690519,Samantha St Croix,2026-02-18T08:41:36Z,2026-02-18,Team Training,8,90
7195328437649266170,Sheyenne Allen,2026-02-19T12:00:00Z,2026-02-19,Strength Training,4,30
7531602514129690519,Samantha St Croix,2026-02-19T12:00:00Z,2026-02-19,Team Training,6,60
7531602514129690519,Samantha St Croix,2026-02-19T12:00:00Z,2026-02-19,Strength Training,4,60
-6371583905756521099,Stella Downing,2026-02-19T12:00:00Z,2026-02-19,Strength Training,3,30
7207372854284632697,Tiffany Cameron,2026-02-19T06:32:12Z,2026-02-19,Recovery,1,30
5533031922107217408,Synne Fredriksen Moe,2026-02-19T06:32:31Z,2026-02-19,Strength Training,3,60
7782077126852709449,Kat Jordan,2026-02-19T06:32:48Z,2026-02-19,Strength Training,4,60
-8380791422839676855,Julia Benati,2026-02-19T06:35:37Z,2026-02-19,Strength Training,3,30
4458350051712250958,Naya Cardoza,2026-02-19T06:42:21Z,2026-02-19,Strength Training,6,60
-7873248334552818988,Julie Pedersen,2026-02-19T10:44:13Z,2026-02-19,Team Training,4,60
-9186825032477237927,Rylee Foster,2026-02-19T11:10:15Z,2026-02-19,Strength Training,5,60
-9186825032477237927,Rylee Foster,2026-02-19T11:10:26Z,2026-02-19,Team Training,7,45
4458350051712250958,Naya Cardoza,2026-02-20T06:11:17Z,2026-02-20,Team Training,5,60
7531602514129690519,Samantha St Croix,2026-02-20T06:11:18Z,2026-02-20,Team Training,6,60
-7873248334552818988,Julie Pedersen,2026-02-20T06:11:28Z,2026-02-20,Team Training,5,60
5533031922107217408,Synne Fredriksen Moe,2026-02-20T06:11:29Z,2026-02-20,Team Training,5,60
-9186825032477237927,Rylee Foster,2026-02-20T06:19:41Z,2026-02-20,Team Training,6,90
-6371583905756521099,Stella Downing,2026-02-20T06:23:19Z,2026-02-20,Team Training,6,60
2476743875210642344,Jordyn Rhodes,2026-02-20T06:48:59Z,2026-02-20,Team Training,3,60
-8380791422839676855,Julia Benati,2026-02-20T06:56:26Z,2026-02-20,Team Training,3,60
7207372854284632697,Tiffany Cameron,2026-02-20T06:57:14Z,2026-02-20,Team Training,3,60
5701711296024658395,Julianne Vallerand,2026-02-20T08:43:50Z,2026-02-20,Team Training,5,60
7195328437649266170,Sheyenne Allen,2026-02-20T10:41:10Z,2026-02-20,Team Training,3,60
5667974452808858358,Cho So-Hyun,2026-02-21T12:21:00Z,2026-02-21,Recovery,0,1
-7873248334552818988,Julie Pedersen,2026-02-22T07:04:12Z,2026-02-22,Recovery,1,30
7207372854284632697,Tiffany Cameron,2026-02-22T11:09:36Z,2026-02-22,Recovery,1,30
7531602514129690519,Samantha St Croix,2026-02-23T03:16:30Z,2026-02-23,Strength Training,5,60
7782077126852709449,Kat Jordan,2026-02-23T03:24:08Z,2026-02-23,Strength Training,3,60
7195328437649266170,Sheyenne Allen,2026-02-23T03:24:30Z,2026-02-23,Strength Training,1,60
4458350051712250958,Naya Cardoza,2026-02-23T03:26:55Z,2026-02-23,Strength Training,4,60
7207372854284632697,Tiffany Cameron,2026-02-23T03:36:25Z,2026-02-23,Strength Training,4,60
5533031922107217408,Synne Fredriksen Moe,2026-02-23T03:36:31Z,2026-02-23,Strength Training,4,60
-7873248334552818988,Julie Pedersen,2026-02-23T03:37:23Z,2026-02-23,Strength Training,4,60
5667974452808858358,Cho So-Hyun,2026-02-23T03:39:14Z,2026-02-23,Strength Training,3,80
5701711296024658395,Julianne Vallerand,2026-02-23T03:58:30Z,2026-02-23,Strength Training,6,90
-6371583905756521099,Stella Downing,2026-02-23T03:58:37Z,2026-02-23,Strength Training,4,60
-8380791422839676855,Julia Benati,2026-02-23T03:58:40Z,2026-02-23,Strength Training,4,60
-9186825032477237927,Rylee Foster,2026-02-23T05:05:44Z,2026-02-23,Strength Training,4,60
2476743875210642344,Jordyn Rhodes,2026-02-23T05:50:12Z,2026-02-23,Strength Training,3,60
3361436320140038448,Megumi Nakamura,2026-02-24T04:28:06Z,2026-02-24,Strength Training,2,30
-4082303902532117088,Sarah Taylor,2026-02-24T04:28:37Z,2026-02-24,Strength Training,6,30
7195328437649266170,Sheyenne Allen,2026-02-24T04:29:34Z,2026-02-24,Strength Training,4,25
-9186825032477237927,Rylee Foster,2026-02-24T04:29:35Z,2026-02-24,Strength Training,3,30
5701711296024658395,Julianne Vallerand,2026-02-24T04:36:00Z,2026-02-24,Strength Training,3,40
6807161988554525377,Eva Fremaux,2026-02-24T04:36:18Z,2026-02-24,Strength Training,5,45
2844855238345729513,Karima Lemire,2026-02-24T04:36:31Z,2026-02-24,Strength Training,4,45
-8380791422839676855,Julia Benati,2026-02-24T04:42:07Z,2026-02-24,Strength Training,1,30
1855868392623416549,Annika Leslie,2026-02-24T07:01:52Z,2026-02-24,Strength Training,6,90
-2963226652869151962,Addison Weichers,2026-02-24T07:02:09Z,2026-02-24,Team Training,7,120
2476743875210642344,Jordyn Rhodes,2026-02-24T07:02:09Z,2026-02-24,Team Training,4,120
19926514444831767,Sydney Kennedy,2026-02-24T07:02:15Z,2026-02-24,Strength Training,6,60
7195328437649266170,Sheyenne Allen,2026-02-24T07:02:22Z,2026-02-24,Team Training,4,120
6807161988554525377,Eva Fremaux,2026-02-24T07:02:25Z,2026-02-24,Team Training,4,90
5533031922107217408,Synne Fredriksen Moe,2026-02-24T07:02:25Z,2026-02-24,Team Training,7,90
2476743875210642344,Jordyn Rhodes,2026-02-24T07:02:26Z,2026-02-24,Strength Training,2,30
5533031922107217408,Synne Fredriksen Moe,2026-02-24T07:02:38Z,2026-02-24,Strength Training,4,30
5701711296024658395,Julianne Vallerand,2026-02-24T07:02:57Z,2026-02-24,Team Training,6,120
5667974452808858358,Cho So-Hyun,2026-02-24T07:03:00Z,2026-02-24,Team Training,8,80
-4082303902532117088,Sarah Taylor,2026-02-24T07:03:11Z,2026-02-24,Team Training,7,120
3361436320140038448,Megumi Nakamura,2026-02-24T07:08:25Z,2026-02-24,Team Training,4,120
7782077126852709449,Kat Jordan,2026-02-24T07:15:39Z,2026-02-24,Strength Training,2,60
7782077126852709449,Kat Jordan,2026-02-24T07:15:47Z,2026-02-24,Team Training,4,120
2844855238345729513,Karima Lemire,2026-02-24T07:49:38Z,2026-02-24,Team Training,6,110
-9186825032477237927,Rylee Foster,2026-02-24T07:53:06Z,2026-02-24,Team Training,7,120
-8380791422839676855,Julia Benati,2026-02-24T07:53:10Z,2026-02-24,Team Training,6,120
-6371583905756521099,Stella Downing,2026-02-24T07:57:04Z,2026-02-24,Team Training,6,90
-7873248334552818988,Julie Pedersen,2026-02-24T07:57:04Z,2026-02-24,Team Training,7,90
-6371583905756521099,Stella Downing,2026-02-24T07:57:14Z,2026-02-24,Strength Training,3,30
7531602514129690519,Samantha St Croix,2026-02-24T09:33:14Z,2026-02-24,Strength Training,6,30
7531602514129690519,Samantha St Croix,2026-02-24T09:33:30Z,2026-02-24,Team Training,8,120
7531602514129690519,Samantha St Croix,2026-02-25T04:02:05Z,2026-02-25,Strength Training,4,60
-9186825032477237927,Rylee Foster,2026-02-25T04:02:43Z,2026-02-25,Strength Training,4,45
7195328437649266170,Sheyenne Allen,2026-02-25T04:11:01Z,2026-02-25,Strength Training,3,45
-1369841804813621849,Saorla Miller,2026-02-25T04:11:14Z,2026-02-25,Strength Training,4,60
1855868392623416549,Annika Leslie,2026-02-25T04:23:25Z,2026-02-25,Recovery,2,60
19926514444831767,Sydney Kennedy,2026-02-25T04:23:36Z,2026-02-25,Recovery,2,60
3361436320140038448,Megumi Nakamura,2026-02-25T04:23:44Z,2026-02-25,Strength Training,3,60
-8380791422839676855,Julia Benati,2026-02-25T04:35:25Z,2026-02-25,Strength Training,3,45
5533031922107217408,Synne Fredriksen Moe,2026-02-25T06:35:22Z,2026-02-25,Team Training,7,90
7531602514129690519,Samantha St Croix,2026-02-25T06:35:34Z,2026-02-25,Team Training,7,90
5533031922107217408,Synne Fredriksen Moe,2026-02-25T06:35:37Z,2026-02-25,Strength Training,5,50
6807161988554525377,Eva Fremaux,2026-02-25T06:35:48Z,2026-02-25,Strength Training,5,45
6807161988554525377,Eva Fremaux,2026-02-25T06:35:57Z,2026-02-25,Team Training,8,120
5667974452808858358,Cho So-Hyun,2026-02-25T06:36:20Z,2026-02-25,Team Training,8,100
-7873248334552818988,Julie Pedersen,2026-02-25T06:36:31Z,2026-02-25,Strength Training,5,50
-4082303902532117088,Sarah Taylor,2026-02-25T06:36:43Z,2026-02-25,Team Training,6,90
-4082303902532117088,Sarah Taylor,2026-02-25T06:36:55Z,2026-02-25,Strength Training,4,60
-7873248334552818988,Julie Pedersen,2026-02-25T06:37:05Z,2026-02-25,Team Training,7,80
-2963226652869151962,Addison Weichers,2026-02-25T06:45:52Z,2026-02-25,Strength Training,6,60
5701711296024658395,Julianne Vallerand,2026-02-25T06:45:55Z,2026-02-25,Strength Training,5,59
-1369841804813621849,Saorla Miller,2026-02-25T06:45:57Z,2026-02-25,Team Training,6,90
-2963226652869151962,Addison Weichers,2026-02-25T06:45:59Z,2026-02-25,Team Training,6,120
5701711296024658395,Julianne Vallerand,2026-02-25T06:46:13Z,2026-02-25,Team Training,6,90
7782077126852709449,Kat Jordan,2026-02-25T07:24:17Z,2026-02-25,Team Training,5,90
7782077126852709449,Kat Jordan,2026-02-25T07:24:35Z,2026-02-25,Strength Training,3,60
2476743875210642344,Jordyn Rhodes,2026-02-25T07:25:13Z,2026-02-25,Strength Training,3,45
7195328437649266170,Sheyenne Allen,2026-02-25T07:25:26Z,2026-02-25,Team Training,4,90
-9186825032477237927,Rylee Foster,2026-02-25T07:25:37Z,2026-02-25,Team Training,5,30
2476743875210642344,Jordyn Rhodes,2026-02-25T07:26:02Z,2026-02-25,Team Training,4,90
7207372854284632697,Tiffany Cameron,2026-02-25T07:52:28Z,2026-02-25,Team Training,2,60
4458350051712250958,Naya Cardoza,2026-02-25T07:53:07Z,2026-02-25,Team Training,4,60
3361436320140038448,Megumi Nakamura,2026-02-25T07:54:26Z,2026-02-25,Team Training,5,120
2844855238345729513,Karima Lemire,2026-02-25T09:07:40Z,2026-02-25,Team Training,5,90
2844855238345729513,Karima Lemire,2026-02-25T09:07:51Z,2026-02-25,Strength Training,4,60
-6371583905756521099,Stella Downing,2026-02-25T10:24:10Z,2026-02-25,Team Training,6,105
-8380791422839676855,Julia Benati,2026-02-25T10:24:11Z,2026-02-25,Team Training,6,105
-6371583905756521099,Stella Downing,2026-02-25T10:24:20Z,2026-02-25,Strength Training,5,60
2476743875210642344,Jordyn Rhodes,2026-02-26T12:00:00Z,2026-02-26,Team Training,2,90
5533031922107217408,Synne Fredriksen Moe,2026-02-26T12:00:00Z,2026-02-26,Team Training,3,90
-1369841804813621849,Saorla Miller,2026-02-26T06:42:04Z,2026-02-26,Team Training,2,120
7195328437649266170,Sheyenne Allen,2026-02-26T06:43:43Z,2026-02-26,Team Training,1,80
2844855238345729513,Karima Lemire,2026-02-26T06:46:46Z,2026-02-26,Team Training,2,90
7531602514129690519,Samantha St Croix,2026-02-26T06:47:15Z,2026-02-26,Team Training,4,90
5667974452808858358,Cho So-Hyun,2026-02-26T06:50:05Z,2026-02-26,Team Training,3,80
-2963226652869151962,Addison Weichers,2026-02-26T06:57:07Z,2026-02-26,Team Training,3,60
6807161988554525377,Eva Fremaux,2026-02-26T06:57:22Z,2026-02-26,Team Training,3,90
19926514444831767,Sydney Kennedy,2026-02-26T06:57:41Z,2026-02-26,Strength Training,6,60
19926514444831767,Sydney Kennedy,2026-02-26T06:58:12Z,2026-02-26,Team Training,3,15
5701711296024658395,Julianne Vallerand,2026-02-26T07:00:45Z,2026-02-26,Team Training,2,60
7782077126852709449,Kat Jordan,2026-02-26T07:20:16Z,2026-02-26,Team Training,2,90
3361436320140038448,Megumi Nakamura,2026-02-26T07:52:19Z,2026-02-26,Team Training,1,60
4458350051712250958,Naya Cardoza,2026-02-26T08:37:31Z,2026-02-26,Team Training,5,75
4458350051712250958,Naya Cardoza,2026-02-26T08:37:40Z,2026-02-26,Strength Training,4,45
-7873248334552818988,Julie Pedersen,2026-02-26T09:13:16Z,2026-02-26,Team Training,2,80
-8380791422839676855,Julia Benati,2026-02-26T09:25:34Z,2026-02-26,Team Training,1,75
-6371583905756521099,Stella Downing,2026-02-26T09:25:34Z,2026-02-26,Team Training,2,75
-4082303902532117088,Sarah Taylor,2026-02-26T10:18:41Z,2026-02-26,Team Training,1,60
-9186825032477237927,Rylee Foster,2026-02-26T11:51:54Z,2026-02-26,Team Training,0,90
4458350051712250958,Naya Cardoza,2026-02-27T12:00:00Z,2026-02-27,Strength Training,4,4
-6371583905756521099,Stella Downing,2026-02-27T04:09:36Z,2026-02-27,Strength Training,5,60
-8380791422839676855,Julia Benati,2026-02-27T04:09:53Z,2026-02-27,Strength Training,5,60
6807161988554525377,Eva Fremaux,2026-02-27T04:13:07Z,2026-02-27,Strength Training,3,60
3361436320140038448,Megumi Nakamura,2026-02-27T04:17:27Z,2026-02-27,Strength Training,3,59
-1369841804813621849,Saorla Miller,2026-02-27T04:18:02Z,2026-02-27,Strength Training,4,60
-7873248334552818988,Julie Pedersen,2026-02-27T04:22:37Z,2026-02-27,Strength Training,4,60
19926514444831767,Sydney Kennedy,2026-02-27T06:51:30Z,2026-02-27,Strength Training,7,60
-4082303902532117088,Sarah Taylor,2026-02-27T06:52:01Z,2026-02-27,Strength Training,4,60
3361436320140038448,Megumi Nakamura,2026-02-27T06:52:47Z,2026-02-27,Team Training,6,120
-4082303902532117088,Sarah Taylor,2026-02-27T06:52:49Z,2026-02-27,Team Training,7,90
5701711296024658395,Julianne Vallerand,2026-02-27T06:52:50Z,2026-02-27,Strength Training,4,60
-9186825032477237927,Rylee Foster,2026-02-27T06:52:53Z,2026-02-27,Team Training,2,90
5701711296024658395,Julianne Vallerand,2026-02-27T06:53:00Z,2026-02-27,Team Training,6,90
-2963226652869151962,Addison Weichers,2026-02-27T06:53:01Z,2026-02-27,Strength Training,4,60
-9186825032477237927,Rylee Foster,2026-02-27T06:53:01Z,2026-02-27,Strength Training,4,60
-2963226652869151962,Addison Weichers,2026-02-27T06:53:05Z,2026-02-27,Team Training,5,90
2844855238345729513,Karima Lemire,2026-02-27T06:53:09Z,2026-02-27,Strength Training,4,60
2844855238345729513,Karima Lemire,2026-02-27T06:53:19Z,2026-02-27,Game / Competition,6,90
-1369841804813621849,Saorla Miller,2026-02-27T06:53:21Z,2026-02-27,Team Training,4,90
-8380791422839676855,Julia Benati,2026-02-27T06:53:49Z,2026-02-27,Team Training,5,105
5533031922107217408,Synne Fredriksen Moe,2026-02-27T06:55:55Z,2026-02-27,Strength Training,6,60
5533031922107217408,Synne Fredriksen Moe,2026-02-27T06:56:02Z,2026-02-27,Team Training,4,45
5667974452808858358,Cho So-Hyun,2026-02-27T06:58:02Z,2026-02-27,Team Training,8,90
7195328437649266170,Sheyenne Allen,2026-02-27T07:08:33Z,2026-02-27,Strength Training,3,60
7531602514129690519,Samantha St Croix,2026-02-27T07:08:52Z,2026-02-27,Team Training,6,90
7531602514129690519,Samantha St Croix,2026-02-27T07:08:59Z,2026-02-27,Strength Training,5,60
7195328437649266170,Sheyenne Allen,2026-02-27T07:09:38Z,2026-02-27,Team Training,4,90
7207372854284632697,Tiffany Cameron,2026-02-27T07:34:11Z,2026-02-27,Team Training,5,75
7782077126852709449,Kat Jordan,2026-02-27T07:46:49Z,2026-02-27,Strength Training,2,90
1855868392623416549,Annika Leslie,2026-02-27T07:46:52Z,2026-02-27,Strength Training,7,90
7782077126852709449,Kat Jordan,2026-02-27T07:46:55Z,2026-02-27,Team Training,5,90
6807161988554525377,Eva Fremaux,2026-02-27T08:37:27Z,2026-02-27,Team Training,2,20
-7873248334552818988,Julie Pedersen,2026-02-27T08:37:33Z,2026-02-27,Team Training,8,65
2476743875210642344,Jordyn Rhodes,2026-02-27T08:37:39Z,2026-02-27,Strength Training,3,45
2476743875210642344,Jordyn Rhodes,2026-02-27T08:37:47Z,2026-02-27,Team Training,4,105
-6371583905756521099,Stella Downing,2026-02-27T08:39:17Z,2026-02-27,Team Training,6,60
19926514444831767,Sydney Kennedy,2026-02-28T11:48:11Z,2026-02-28,Recovery,2,60
7207372854284632697,Tiffany Cameron,2026-03-01T05:37:17Z,2026-03-01,Team Training,3,60
7207372854284632697,Tiffany Cameron,2026-03-02T12:00:00Z,2026-03-02,Game / Competition,6,45
3361436320140038448,Megumi Nakamura,2026-03-02T04:18:16Z,2026-03-02,Strength Training,3,60
4750176437844838124,Anika Toth,2026-03-02T07:00:50Z,2026-03-02,Team Training,2,30
-6371583905756521099,Stella Downing,2026-03-02T07:00:55Z,2026-03-02,Strength Training,2,60
-6371583905756521099,Stella Downing,2026-03-02T07:01:07Z,2026-03-02,Team Training,1,90
-1369841804813621849,Saorla Miller,2026-03-02T07:01:22Z,2026-03-02,Strength Training,3,60
-1369841804813621849,Saorla Miller,2026-03-02T07:02:04Z,2026-03-02,Team Training,4,120
7782077126852709449,Kat Jordan,2026-03-02T07:02:59Z,2026-03-02,Strength Training,3,60
7782077126852709449,Kat Jordan,2026-03-02T07:03:24Z,2026-03-02,Team Training,3,90
2476743875210642344,Jordyn Rhodes,2026-03-02T07:03:30Z,2026-03-02,Strength Training,3,60
2476743875210642344,Jordyn Rhodes,2026-03-02T07:03:48Z,2026-03-02,Team Training,3,120
-8380791422839676855,Julia Benati,2026-03-02T07:10:45Z,2026-03-02,Team Training,2,90
-8380791422839676855,Julia Benati,2026-03-02T07:10:56Z,2026-03-02,Strength Training,3,45
1855868392623416549,Annika Leslie,2026-03-02T07:11:08Z,2026-03-02,Strength Training,6,90
3361436320140038448,Megumi Nakamura,2026-03-02T07:12:49Z,2026-03-02,Team Training,5,120
-2963226652869151962,Addison Weichers,2026-03-02T07:19:31Z,2026-03-02,Strength Training,4,60
-2963226652869151962,Addison Weichers,2026-03-02T07:19:40Z,2026-03-02,Team Training,4,90
-9186825032477237927,Rylee Foster,2026-03-02T07:19:41Z,2026-03-02,Team Training,5,90
-7873248334552818988,Julie Pedersen,2026-03-02T07:19:41Z,2026-03-02,Strength Training,3,60
-9186825032477237927,Rylee Foster,2026-03-02T07:19:51Z,2026-03-02,Strength Training,4,60
7531602514129690519,Samantha St Croix,2026-03-02T07:19:52Z,2026-03-02,Strength Training,4,60
-7873248334552818988,Julie Pedersen,2026-03-02T07:20:03Z,2026-03-02,Team Training,5,65
7531602514129690519,Samantha St Croix,2026-03-02T07:20:04Z,2026-03-02,Team Training,7,120
6807161988554525377,Eva Fremaux,2026-03-02T07:20:19Z,2026-03-02,Strength Training,2,30
6807161988554525377,Eva Fremaux,2026-03-02T07:20:27Z,2026-03-02,Team Training,2,60
5701711296024658395,Julianne Vallerand,2026-03-02T07:20:59Z,2026-03-02,Strength Training,4,60
5701711296024658395,Julianne Vallerand,2026-03-02T07:21:09Z,2026-03-02,Team Training,3,90
7195328437649266170,Sheyenne Allen,2026-03-02T07:23:44Z,2026-03-02,Team Training,3,90
7195328437649266170,Sheyenne Allen,2026-03-02T07:25:02Z,2026-03-02,Strength Training,2,60
5667974452808858358,Cho So-Hyun,2026-03-02T08:00:10Z,2026-03-02,Team Training,4,95
5533031922107217408,Synne Fredriksen Moe,2026-03-02T08:00:17Z,2026-03-02,Team Training,2,45
5533031922107217408,Synne Fredriksen Moe,2026-03-02T08:00:24Z,2026-03-02,Strength Training,3,45
19926514444831767,Sydney Kennedy,2026-03-02T08:09:56Z,2026-03-02,Strength Training,7,60
-4082303902532117088,Sarah Taylor,2026-03-02T09:41:10Z,2026-03-02,Team Training,5,120
2844855238345729513,Karima Lemire,2026-03-02T09:41:52Z,2026-03-02,Team Training,4,90
2844855238345729513,Karima Lemire,2026-03-02T09:41:58Z,2026-03-02,Strength Training,4,60
2476743875210642344,Jordyn Rhodes,2026-03-03T12:00:00Z,2026-03-03,Team Training,5,120
1855868392623416549,Annika Leslie,2026-03-03T12:00:00Z,2026-03-03,Strength Training,6,90
2476743875210642344,Jordyn Rhodes,2026-03-03T12:00:00Z,2026-03-03,Strength Training,3,60
-9186825032477237927,Rylee Foster,2026-03-03T03:37:41Z,2026-03-03,Strength Training,2,45
3361436320140038448,Megumi Nakamura,2026-03-03T03:44:03Z,2026-03-03,Strength Training,3,60
-1369841804813621849,Saorla Miller,2026-03-03T03:45:26Z,2026-03-03,Strength Training,3,60
-7873248334552818988,Julie Pedersen,2026-03-03T03:47:10Z,2026-03-03,Strength Training,4,40
5667974452808858358,Cho So-Hyun,2026-03-03T03:49:19Z,2026-03-03,Strength Training,2,30
5533031922107217408,Synne Fredriksen Moe,2026-03-03T04:10:23Z,2026-03-03,Strength Training,2,45
7195328437649266170,Sheyenne Allen,2026-03-03T04:27:50Z,2026-03-03,Strength Training,2,45
6807161988554525377,Eva Fremaux,2026-03-03T04:39:13Z,2026-03-03,Strength Training,3,45
5533031922107217408,Synne Fredriksen Moe,2026-03-03T06:33:37Z,2026-03-03,Recovery,4,80
-7873248334552818988,Julie Pedersen,2026-03-03T06:38:28Z,2026-03-03,Team Training,9,80
7531602514129690519,Samantha St Croix,2026-03-03T06:38:38Z,2026-03-03,Strength Training,8,60
7531602514129690519,Samantha St Croix,2026-03-03T06:38:44Z,2026-03-03,Team Training,4,80
3361436320140038448,Megumi Nakamura,2026-03-03T06:45:30Z,2026-03-03,Team Training,5,120
5667974452808858358,Cho So-Hyun,2026-03-03T06:50:27Z,2026-03-03,Team Training,0,80
-2963226652869151962,Addison Weichers,2026-03-03T06:50:42Z,2026-03-03,Team Training,9,90
-2963226652869151962,Addison Weichers,2026-03-03T06:51:02Z,2026-03-03,Strength Training,4,60
-9186825032477237927,Rylee Foster,2026-03-03T06:56:35Z,2026-03-03,Team Training,7,80
-4082303902532117088,Sarah Taylor,2026-03-03T07:00:41Z,2026-03-03,Team Training,6,120
-1369841804813621849,Saorla Miller,2026-03-03T07:03:34Z,2026-03-03,Team Training,5,120
5701711296024658395,Julianne Vallerand,2026-03-03T07:13:54Z,2026-03-03,Strength Training,3,60
5701711296024658395,Julianne Vallerand,2026-03-03T07:14:01Z,2026-03-03,Team Training,7,90
19926514444831767,Sydney Kennedy,2026-03-03T07:14:05Z,2026-03-03,Strength Training,6,60
7195328437649266170,Sheyenne Allen,2026-03-03T07:23:26Z,2026-03-03,Team Training,5,80
-6371583905756521099,Stella Downing,2026-03-03T07:26:18Z,2026-03-03,Strength Training,4,60
-8380791422839676855,Julia Benati,2026-03-03T07:26:24Z,2026-03-03,Strength Training,0,5
-6371583905756521099,Stella Downing,2026-03-03T07:26:31Z,2026-03-03,Team Training,3,90
-8380791422839676855,Julia Benati,2026-03-03T07:26:39Z,2026-03-03,Team Training,3,90
2844855238345729513,Karima Lemire,2026-03-03T10:57:04Z,2026-03-03,Team Training,7,90
2844855238345729513,Karima Lemire,2026-03-03T10:57:12Z,2026-03-03,Strength Training,4,60
19926514444831767,Sydney Kennedy,2026-03-04T05:48:54Z,2026-03-04,Strength Training,5,60
7207372854284632697,Tiffany Cameron,2026-03-04T06:45:19Z,2026-03-04,Recovery,1,20
5667974452808858358,Cho So-Hyun,2026-03-04T06:50:35Z,2026-03-04,Team Training,6,90
-9186825032477237927,Rylee Foster,2026-03-04T06:50:56Z,2026-03-04,Team Training,3,90
1855868392623416549,Annika Leslie,2026-03-04T06:51:09Z,2026-03-04,Team Training,4,90
5701711296024658395,Julianne Vallerand,2026-03-04T06:51:13Z,2026-03-04,Team Training,5,63
2844855238345729513,Karima Lemire,2026-03-04T06:51:14Z,2026-03-04,Team Training,3,90
3361436320140038448,Megumi Nakamura,2026-03-04T06:51:18Z,2026-03-04,Team Training,3,90
1855868392623416549,Annika Leslie,2026-03-04T06:51:21Z,2026-03-04,Strength Training,4,60
-7873248334552818988,Julie Pedersen,2026-03-04T06:52:31Z,2026-03-04,Team Training,5,90
5533031922107217408,Synne Fredriksen Moe,2026-03-04T06:52:32Z,2026-03-04,Recovery,3,90
7531602514129690519,Samantha St Croix,2026-03-04T06:54:10Z,2026-03-04,Team Training,5,90
-1369841804813621849,Saorla Miller,2026-03-04T07:00:38Z,2026-03-04,Team Training,3,90
-2963226652869151962,Addison Weichers,2026-03-04T07:21:36Z,2026-03-04,Team Training,4,90
2476743875210642344,Jordyn Rhodes,2026-03-04T07:30:14Z,2026-03-04,Team Training,3,120
7195328437649266170,Sheyenne Allen,2026-03-04T07:37:49Z,2026-03-04,Team Training,2,80
-4082303902532117088,Sarah Taylor,2026-03-04T08:04:11Z,2026-03-04,Team Training,6,120
4458350051712250958,Naya Cardoza,2026-03-04T08:05:49Z,2026-03-04,Team Training,2,30
7782077126852709449,Kat Jordan,2026-03-04T08:08:19Z,2026-03-04,Team Training,5,90
-6371583905756521099,Stella Downing,2026-03-04T08:08:24Z,2026-03-04,Team Training,4,60
6807161988554525377,Eva Fremaux,2026-03-04T08:10:29Z,2026-03-04,Team Training,0,10
-8380791422839676855,Julia Benati,2026-03-04T08:29:53Z,2026-03-04,Team Training,3,90
5667974452808858358,Cho So-Hyun,2026-03-05T03:52:16Z,2026-03-05,Strength Training,6,50
-1369841804813621849,Saorla Miller,2026-03-05T04:04:20Z,2026-03-05,Strength Training,4,60
-9186825032477237927,Rylee Foster,2026-03-05T04:06:00Z,2026-03-05,Strength Training,4,60
3361436320140038448,Megumi Nakamura,2026-03-05T04:08:17Z,2026-03-05,Strength Training,3,60
6807161988554525377,Eva Fremaux,2026-03-05T04:20:23Z,2026-03-05,Strength Training,6,60
6807161988554525377,Eva Fremaux,2026-03-05T04:20:40Z,2026-03-05,Team Training,0,1
5667974452808858358,Cho So-Hyun,2026-03-05T06:28:18Z,2026-03-05,Team Training,6,90
4458350051712250958,Naya Cardoza,2026-03-05T06:28:39Z,2026-03-05,Team Training,3,60
4458350051712250958,Naya Cardoza,2026-03-05T06:28:46Z,2026-03-05,Strength Training,4,60
-4082303902532117088,Sarah Taylor,2026-03-05T06:28:57Z,2026-03-05,Team Training,6,90
7531602514129690519,Samantha St Croix,2026-03-05T06:29:05Z,2026-03-05,Team Training,6,90
-4082303902532117088,Sarah Taylor,2026-03-05T06:29:10Z,2026-03-05,Strength Training,4,60
7531602514129690519,Samantha St Croix,2026-03-05T06:29:11Z,2026-03-05,Strength Training,5,60
1855868392623416549,Annika Leslie,2026-03-05T06:29:29Z,2026-03-05,Strength Training,3,60
-1369841804813621849,Saorla Miller,2026-03-05T06:29:34Z,2026-03-05,Team Training,4,90
5701711296024658395,Julianne Vallerand,2026-03-05T06:29:43Z,2026-03-05,Strength Training,4,60
1855868392623416549,Annika Leslie,2026-03-05T06:29:46Z,2026-03-05,Team Training,6,60
5701711296024658395,Julianne Vallerand,2026-03-05T06:29:52Z,2026-03-05,Team Training,7,90
2476743875210642344,Jordyn Rhodes,2026-03-05T06:29:52Z,2026-03-05,Strength Training,3,60
2476743875210642344,Jordyn Rhodes,2026-03-05T06:30:01Z,2026-03-05,Team Training,4,120
7207372854284632697,Tiffany Cameron,2026-03-05T06:30:09Z,2026-03-05,Team Training,3,90
7207372854284632697,Tiffany Cameron,2026-03-05T06:31:51Z,2026-03-05,Strength Training,3,45
-2963226652869151962,Addison Weichers,2026-03-05T06:36:12Z,2026-03-05,Strength Training,6,60
-2963226652869151962,Addison Weichers,2026-03-05T06:36:22Z,2026-03-05,Team Training,4,80
5533031922107217408,Synne Fredriksen Moe,2026-03-05T06:36:24Z,2026-03-05,Team Training,4,80
5533031922107217408,Synne Fredriksen Moe,2026-03-05T06:36:34Z,2026-03-05,Strength Training,4,60
-9186825032477237927,Rylee Foster,2026-03-05T06:41:30Z,2026-03-05,Team Training,6,90
-6371583905756521099,Stella Downing,2026-03-05T07:01:29Z,2026-03-05,Team Training,4,60
7782077126852709449,Kat Jordan,2026-03-05T07:01:32Z,2026-03-05,Strength Training,5,60
-6371583905756521099,Stella Downing,2026-03-05T07:01:34Z,2026-03-05,Strength Training,0,60
7782077126852709449,Kat Jordan,2026-03-05T07:01:37Z,2026-03-05,Team Training,5,90
-8380791422839676855,Julia Benati,2026-03-05T07:01:51Z,2026-03-05,Team Training,5,90
-8380791422839676855,Julia Benati,2026-03-05T07:01:59Z,2026-03-05,Strength Training,2,45
19926514444831767,Sydney Kennedy,2026-03-05T07:03:11Z,2026-03-05,Strength Training,7,60
3361436320140038448,Megumi Nakamura,2026-03-05T07:13:48Z,2026-03-05,Team Training,5,90
-7873248334552818988,Julie Pedersen,2026-03-05T07:13:57Z,2026-03-05,Strength Training,5,60
-7873248334552818988,Julie Pedersen,2026-03-05T07:14:08Z,2026-03-05,Team Training,7,75
7195328437649266170,Sheyenne Allen,2026-03-05T07:41:32Z,2026-03-05,Strength Training,4,45
7195328437649266170,Sheyenne Allen,2026-03-05T07:41:49Z,2026-03-05,Team Training,4,80
4458350051712250958,Naya Cardoza,2026-03-06T12:00:00Z,2026-03-06,Team Training,2,60
19926514444831767,Sydney Kennedy,2026-03-06T06:04:44Z,2026-03-06,Strength Training,5,60
7195328437649266170,Sheyenne Allen,2026-03-06T06:45:06Z,2026-03-06,Team Training,5,100
5533031922107217408,Synne Fredriksen Moe,2026-03-06T06:45:16Z,2026-03-06,Team Training,7,90
5667974452808858358,Cho So-Hyun,2026-03-06T06:48:54Z,2026-03-06,Team Training,8,100
4750176437844838124,Anika Toth,2026-03-06T06:58:09Z,2026-03-06,Team Training,3,60
-9186825032477237927,Rylee Foster,2026-03-06T07:07:06Z,2026-03-06,Team Training,6,105
3361436320140038448,Megumi Nakamura,2026-03-06T07:07:29Z,2026-03-06,Team Training,7,120
7782077126852709449,Kat Jordan,2026-03-06T07:09:57Z,2026-03-06,Team Training,6,90
5701711296024658395,Julianne Vallerand,2026-03-06T07:10:04Z,2026-03-06,Team Training,6,60
2476743875210642344,Jordyn Rhodes,2026-03-06T07:10:16Z,2026-03-06,Team Training,5,120
-2963226652869151962,Addison Weichers,2026-03-06T07:13:09Z,2026-03-06,Team Training,5,90
-1369841804813621849,Saorla Miller,2026-03-06T07:13:20Z,2026-03-06,Team Training,4,90
1855868392623416549,Annika Leslie,2026-03-06T07:14:14Z,2026-03-06,Strength Training,4,60
7531602514129690519,Samantha St Croix,2026-03-06T07:14:14Z,2026-03-06,Team Training,5,90
1855868392623416549,Annika Leslie,2026-03-06T07:14:26Z,2026-03-06,Team Training,5,60
-7873248334552818988,Julie Pedersen,2026-03-06T07:48:19Z,2026-03-06,Team Training,7,90
7207372854284632697,Tiffany Cameron,2026-03-06T08:51:03Z,2026-03-06,Team Training,5,120
-8380791422839676855,Julia Benati,2026-03-06T10:38:13Z,2026-03-06,Team Training,8,120
-6371583905756521099,Stella Downing,2026-03-06T11:09:00Z,2026-03-06,Team Training,7,90
4458350051712250958,Naya Cardoza,2026-03-07T12:00:00Z,2026-03-07,Recovery,1,60
19926514444831767,Sydney Kennedy,2026-03-07T03:33:11Z,2026-03-07,Strength Training,7,90
7531602514129690519,Samantha St Croix,2026-03-07T03:47:17Z,2026-03-07,Recovery,2,60
3361436320140038448,Megumi Nakamura,2026-03-07T03:47:27Z,2026-03-07,Recovery,1,60
-2963226652869151962,Addison Weichers,2026-03-07T03:47:31Z,2026-03-07,Recovery,1,45
5667974452808858358,Cho So-Hyun,2026-03-07T03:47:31Z,2026-03-07,Recovery,1,50
-4082303902532117088,Sarah Taylor,2026-03-07T03:47:40Z,2026-03-07,Recovery,0,60
-7873248334552818988,Julie Pedersen,2026-03-07T03:47:51Z,2026-03-07,Recovery,2,60
2476743875210642344,Jordyn Rhodes,2026-03-07T03:47:58Z,2026-03-07,Recovery,1,45
1855868392623416549,Annika Leslie,2026-03-07T03:48:02Z,2026-03-07,Recovery,2,45
7195328437649266170,Sheyenne Allen,2026-03-07T03:48:10Z,2026-03-07,Recovery,1,50
-6371583905756521099,Stella Downing,2026-03-07T03:51:33Z,2026-03-07,Recovery,0,60
-9186825032477237927,Rylee Foster,2026-03-07T03:53:26Z,2026-03-07,Recovery,1,45
7782077126852709449,Kat Jordan,2026-03-07T04:00:32Z,2026-03-07,Recovery,1,60
4750176437844838124,Anika Toth,2026-03-07T04:59:50Z,2026-03-07,Strength Training,4,120
7207372854284632697,Tiffany Cameron,2026-03-07T05:02:56Z,2026-03-07,Recovery,1,40
5701711296024658395,Julianne Vallerand,2026-03-07T05:02:57Z,2026-03-07,Recovery,3,60
6807161988554525377,Eva Fremaux,2026-03-07T05:03:15Z,2026-03-07,Team Training,0,1
-1369841804813621849,Saorla Miller,2026-03-07T05:04:48Z,2026-03-07,Recovery,1,45
-8380791422839676855,Julia Benati,2026-03-07T05:09:20Z,2026-03-07,Recovery,0,60
5533031922107217408,Synne Fredriksen Moe,2026-03-07T06:31:17Z,2026-03-07,Recovery,1,45
19926514444831767,Sydney Kennedy,2026-03-07T08:13:20Z,2026-03-07,Recovery,1,30
7195328437649266170,Sheyenne Allen,2026-03-08T12:00:00Z,2026-03-08,Recovery,1,25
-9186825032477237927,Rylee Foster,2026-03-08T12:19:32Z,2026-03-08,Recovery,0,60
2476743875210642344,Jordyn Rhodes,2026-03-08T10:42:05Z,2026-03-08,Recovery,2,30
4458350051712250958,Naya Cardoza,2026-03-08T11:14:18Z,2026-03-08,Recovery,0,30
7207372854284632697,Tiffany Cameron,2026-03-08T11:43:36Z,2026-03-08,Recovery,0,30
-6371583905756521099,Stella Downing,2026-03-09T02:14:58Z,2026-03-09,Strength Training,3,60
-8380791422839676855,Julia Benati,2026-03-09T02:15:03Z,2026-03-09,Strength Training,3,45
-7873248334552818988,Julie Pedersen,2026-03-09T02:16:01Z,2026-03-09,Strength Training,5,45
-9186825032477237927,Rylee Foster,2026-03-09T02:21:03Z,2026-03-09,Strength Training,3,60
6807161988554525377,Eva Fremaux,2026-03-09T02:32:53Z,2026-03-09,Strength Training,5,60
3361436320140038448,Megumi Nakamura,2026-03-09T03:29:01Z,2026-03-09,Strength Training,2,60
7195328437649266170,Sheyenne Allen,2026-03-09T03:42:26Z,2026-03-09,Strength Training,3,40
7207372854284632697,Tiffany Cameron,2026-03-09T03:43:26Z,2026-03-09,Strength Training,3,60
-9186825032477237927,Rylee Foster,2026-03-09T05:52:34Z,2026-03-09,Team Training,6,105
-2963226652869151962,Addison Weichers,2026-03-09T05:52:41Z,2026-03-09,Strength Training,5,45
-2963226652869151962,Addison Weichers,2026-03-09T05:52:43Z,2026-03-09,Team Training,7,105
4458350051712250958,Naya Cardoza,2026-03-09T05:52:48Z,2026-03-09,Team Training,4,60
4458350051712250958,Naya Cardoza,2026-03-09T05:52:56Z,2026-03-09,Strength Training,3,60
7531602514129690519,Samantha St Croix,2026-03-09T05:53:26Z,2026-03-09,Strength Training,5,60
7531602514129690519,Samantha St Croix,2026-03-09T05:53:31Z,2026-03-09,Team Training,5,120
5701711296024658395,Julianne Vallerand,2026-03-09T05:55:40Z,2026-03-09,Team Training,9,120
5701711296024658395,Julianne Vallerand,2026-03-09T05:55:48Z,2026-03-09,Strength Training,7,60
5533031922107217408,Synne Fredriksen Moe,2026-03-09T05:58:58Z,2026-03-09,Team Training,8,90
5533031922107217408,Synne Fredriksen Moe,2026-03-09T05:59:05Z,2026-03-09,Strength Training,5,60
-7873248334552818988,Julie Pedersen,2026-03-09T05:59:21Z,2026-03-09,Team Training,8,105
-4082303902532117088,Sarah Taylor,2026-03-09T05:59:34Z,2026-03-09,Team Training,3,60
-4082303902532117088,Sarah Taylor,2026-03-09T05:59:47Z,2026-03-09,Strength Training,0,60
6807161988554525377,Eva Fremaux,2026-03-09T06:00:40Z,2026-03-09,Team Training,0,20
5667974452808858358,Cho So-Hyun,2026-03-09T06:02:32Z,2026-03-09,Strength Training,6,60
3361436320140038448,Megumi Nakamura,2026-03-09T06:05:50Z,2026-03-09,Team Training,5,120
-1369841804813621849,Saorla Miller,2026-03-09T06:16:49Z,2026-03-09,Team Training,4,90
-1369841804813621849,Saorla Miller,2026-03-09T06:17:01Z,2026-03-09,Strength Training,4,60
7207372854284632697,Tiffany Cameron,2026-03-09T06:17:50Z,2026-03-09,Team Training,4,90
7782077126852709449,Kat Jordan,2026-03-09T06:18:18Z,2026-03-09,Team Training,7,120
7782077126852709449,Kat Jordan,2026-03-09T06:18:30Z,2026-03-09,Strength Training,4,60
2476743875210642344,Jordyn Rhodes,2026-03-09T06:19:07Z,2026-03-09,Strength Training,3,60
2476743875210642344,Jordyn Rhodes,2026-03-09T06:19:12Z,2026-03-09,Team Training,7,120
7195328437649266170,Sheyenne Allen,2026-03-09T06:20:23Z,2026-03-09,Team Training,7,108
-6371583905756521099,Stella Downing,2026-03-09T06:22:34Z,2026-03-09,Team Training,6,105
-8380791422839676855,Julia Benati,2026-03-09T06:43:06Z,2026-03-09,Team Training,5,120
1855868392623416549,Annika Leslie,2026-03-09T08:42:13Z,2026-03-09,Team Training,5,90
1855868392623416549,Annika Leslie,2026-03-09T08:42:19Z,2026-03-09,Strength Training,3,60
5667974452808858358,Cho So-Hyun,2026-03-10T12:00:00Z,2026-03-10,Recovery,0,60
4458350051712250958,Naya Cardoza,2026-03-10T05:51:23Z,2026-03-10,Team Training,4,90
-7873248334552818988,Julie Pedersen,2026-03-10T05:52:03Z,2026-03-10,Team Training,9,100
-9186825032477237927,Rylee Foster,2026-03-10T05:52:23Z,2026-03-10,Team Training,6,105
-2963226652869151962,Addison Weichers,2026-03-10T05:53:02Z,2026-03-10,Team Training,9,100
5533031922107217408,Synne Fredriksen Moe,2026-03-10T05:53:50Z,2026-03-10,Team Training,7,100
2476743875210642344,Jordyn Rhodes,2026-03-10T05:59:31Z,2026-03-10,Team Training,7,120
3361436320140038448,Megumi Nakamura,2026-03-10T06:03:13Z,2026-03-10,Team Training,9,120
7195328437649266170,Sheyenne Allen,2026-03-10T06:04:08Z,2026-03-10,Team Training,6,105
1855868392623416549,Annika Leslie,2026-03-10T06:04:24Z,2026-03-10,Team Training,6,60
6807161988554525377,Eva Fremaux,2026-03-10T06:05:46Z,2026-03-10,Team Training,0,20
-1369841804813621849,Saorla Miller,2026-03-10T06:05:59Z,2026-03-10,Team Training,6,120
7782077126852709449,Kat Jordan,2026-03-10T06:12:56Z,2026-03-10,Team Training,7,120
-8380791422839676855,Julia Benati,2026-03-10T06:12:59Z,2026-03-10,Team Training,6,105
7207372854284632697,Tiffany Cameron,2026-03-10T06:26:33Z,2026-03-10,Team Training,7,105
-6371583905756521099,Stella Downing,2026-03-10T06:36:56Z,2026-03-10,Team Training,8,60
5701711296024658395,Julianne Vallerand,2026-03-10T06:37:18Z,2026-03-10,Team Training,4,60
7531602514129690519,Samantha St Croix,2026-03-10T06:50:04Z,2026-03-10,Team Training,6,105
-4082303902532117088,Sarah Taylor,2026-03-10T08:34:12Z,2026-03-10,Team Training,3,90
5533031922107217408,Synne Fredriksen Moe,2026-03-11T05:47:22Z,2026-03-11,Team Training,1,75
-2963226652869151962,Addison Weichers,2026-03-11T06:00:13Z,2026-03-11,Team Training,2,75
7531602514129690519,Samantha St Croix,2026-03-11T06:00:18Z,2026-03-11,Team Training,3,90
5667974452808858358,Cho So-Hyun,2026-03-11T06:00:29Z,2026-03-11,Team Training,3,90
4458350051712250958,Naya Cardoza,2026-03-11T06:01:41Z,2026-03-11,Team Training,3,90
-1369841804813621849,Saorla Miller,2026-03-11T06:02:18Z,2026-03-11,Team Training,2,90
2476743875210642344,Jordyn Rhodes,2026-03-11T06:15:24Z,2026-03-11,Team Training,1,80
7195328437649266170,Sheyenne Allen,2026-03-11T06:16:11Z,2026-03-11,Team Training,1,60
-6371583905756521099,Stella Downing,2026-03-11T06:16:25Z,2026-03-11,Team Training,4,60
7782077126852709449,Kat Jordan,2026-03-11T06:20:14Z,2026-03-11,Team Training,2,90
3361436320140038448,Megumi Nakamura,2026-03-11T06:21:13Z,2026-03-11,Team Training,1,60
-9186825032477237927,Rylee Foster,2026-03-11T06:21:54Z,2026-03-11,Team Training,3,90
19926514444831767,Sydney Kennedy,2026-03-11T06:21:58Z,2026-03-11,Strength Training,5,90
7207372854284632697,Tiffany Cameron,2026-03-11T06:23:09Z,2026-03-11,Team Training,2,90
1855868392623416549,Annika Leslie,2026-03-11T06:29:47Z,2026-03-11,Team Training,4,90
-7873248334552818988,Julie Pedersen,2026-03-11T06:30:33Z,2026-03-11,Team Training,2,60
2844855238345729513,Karima Lemire,2026-03-11T06:30:39Z,2026-03-11,Team Training,0,90
-4082303902532117088,Sarah Taylor,2026-03-11T06:31:23Z,2026-03-11,Team Training,3,60
-8380791422839676855,Julia Benati,2026-03-11T07:17:57Z,2026-03-11,Team Training,1,60
6807161988554525377,Eva Fremaux,2026-03-11T07:25:07Z,2026-03-11,Team Training,0,1
5701711296024658395,Julianne Vallerand,2026-03-11T08:34:16Z,2026-03-11,Recovery,0,120
-9186825032477237927,Rylee Foster,2026-03-12T12:00:00Z,2026-03-12,Team Training,4,80
6807161988554525377,Eva Fremaux,2026-03-12T12:00:00Z,2026-03-12,Strength Training,4,45
6807161988554525377,Eva Fremaux,2026-03-12T12:00:00Z,2026-03-12,Team Training,0,20
-9186825032477237927,Rylee Foster,2026-03-12T12:00:00Z,2026-03-12,Strength Training,3,60
-6371583905756521099,Stella Downing,2026-03-12T01:38:59Z,2026-03-12,Strength Training,3,60
5667974452808858358,Cho So-Hyun,2026-03-12T01:42:41Z,2026-03-12,Strength Training,3,45
3361436320140038448,Megumi Nakamura,2026-03-12T01:53:09Z,2026-03-12,Strength Training,2,60
7531602514129690519,Samantha St Croix,2026-03-12T01:53:14Z,2026-03-12,Strength Training,5,60
-7873248334552818988,Julie Pedersen,2026-03-12T02:00:13Z,2026-03-12,Strength Training,4,60
-1369841804813621849,Saorla Miller,2026-03-12T03:38:09Z,2026-03-12,Strength Training,2,60
5533031922107217408,Synne Fredriksen Moe,2026-03-12T05:40:27Z,2026-03-12,Team Training,7,90
5533031922107217408,Synne Fredriksen Moe,2026-03-12T05:40:33Z,2026-03-12,Strength Training,2,60
5701711296024658395,Julianne Vallerand,2026-03-12T05:50:12Z,2026-03-12,Strength Training,4,60
-6371583905756521099,Stella Downing,2026-03-12T05:51:04Z,2026-03-12,Team Training,5,75
-8380791422839676855,Julia Benati,2026-03-12T05:55:52Z,2026-03-12,Team Training,2,85
-8380791422839676855,Julia Benati,2026-03-12T05:56:09Z,2026-03-12,Strength Training,3,60
2476743875210642344,Jordyn Rhodes,2026-03-12T06:00:39Z,2026-03-12,Strength Training,3,60
2476743875210642344,Jordyn Rhodes,2026-03-12T06:00:48Z,2026-03-12,Team Training,5,90
5667974452808858358,Cho So-Hyun,2026-03-12T06:01:42Z,2026-03-12,Team Training,4,90
7782077126852709449,Kat Jordan,2026-03-12T06:01:50Z,2026-03-12,Strength Training,3,60
7782077126852709449,Kat Jordan,2026-03-12T06:01:57Z,2026-03-12,Team Training,5,90
2844855238345729513,Karima Lemire,2026-03-12T06:03:12Z,2026-03-12,Team Training,6,90
2844855238345729513,Karima Lemire,2026-03-12T06:03:20Z,2026-03-12,Strength Training,4,60
-4082303902532117088,Sarah Taylor,2026-03-12T06:03:26Z,2026-03-12,Team Training,4,90
19926514444831767,Sydney Kennedy,2026-03-12T06:03:30Z,2026-03-12,Strength Training,5,90
4458350051712250958,Naya Cardoza,2026-03-12T06:03:31Z,2026-03-12,Team Training,4,90
4458350051712250958,Naya Cardoza,2026-03-12T06:04:14Z,2026-03-12,Strength Training,3,60
-1369841804813621849,Saorla Miller,2026-03-12T06:05:36Z,2026-03-12,Team Training,4,90
3361436320140038448,Megumi Nakamura,2026-03-12T06:10:40Z,2026-03-12,Team Training,5,120
-7873248334552818988,Julie Pedersen,2026-03-12T06:21:51Z,2026-03-12,Team Training,6,110
1855868392623416549,Annika Leslie,2026-03-12T06:21:53Z,2026-03-12,Team Training,6,90
-2963226652869151962,Addison Weichers,2026-03-12T06:21:56Z,2026-03-12,Team Training,5,90
1855868392623416549,Annika Leslie,2026-03-12T06:22:05Z,2026-03-12,Strength Training,3,45
7207372854284632697,Tiffany Cameron,2026-03-12T06:23:15Z,2026-03-12,Team Training,5,90
7531602514129690519,Samantha St Croix,2026-03-12T06:30:13Z,2026-03-12,Team Training,4,90
7195328437649266170,Sheyenne Allen,2026-03-12T07:00:07Z,2026-03-12,Strength Training,4,50
7195328437649266170,Sheyenne Allen,2026-03-12T07:00:23Z,2026-03-12,Team Training,4,80
3361436320140038448,Megumi Nakamura,2026-03-13T12:00:00Z,2026-03-13,Team Training,7,120
-1369841804813621849,Saorla Miller,2026-03-13T05:50:52Z,2026-03-13,Team Training,7,120
-7873248334552818988,Julie Pedersen,2026-03-13T05:54:14Z,2026-03-13,Team Training,7,90
-2963226652869151962,Addison Weichers,2026-03-13T05:54:34Z,2026-03-13,Team Training,6,90
-8380791422839676855,Julia Benati,2026-03-13T06:17:24Z,2026-03-13,Team Training,6,90
5667974452808858358,Cho So-Hyun,2026-03-13T06:21:14Z,2026-03-13,Team Training,7,100
7531602514129690519,Samantha St Croix,2026-03-13T06:21:35Z,2026-03-13,Team Training,4,120
7782077126852709449,Kat Jordan,2026-03-13T06:25:14Z,2026-03-13,Team Training,7,90
1855868392623416549,Annika Leslie,2026-03-13T06:25:41Z,2026-03-13,Team Training,7,90
2476743875210642344,Jordyn Rhodes,2026-03-13T06:30:51Z,2026-03-13,Team Training,7,90
-6371583905756521099,Stella Downing,2026-03-13T06:30:55Z,2026-03-13,Team Training,3,60
5701711296024658395,Julianne Vallerand,2026-03-13T06:30:58Z,2026-03-13,Strength Training,5,30
7195328437649266170,Sheyenne Allen,2026-03-13T06:31:27Z,2026-03-13,Team Training,7,92
2844855238345729513,Karima Lemire,2026-03-13T06:38:56Z,2026-03-13,Team Training,7,90
4458350051712250958,Naya Cardoza,2026-03-13T06:39:08Z,2026-03-13,Team Training,5,90
7207372854284632697,Tiffany Cameron,2026-03-13T06:39:26Z,2026-03-13,Team Training,6,90
-4082303902532117088,Sarah Taylor,2026-03-13T06:42:25Z,2026-03-13,Team Training,6,60
19926514444831767,Sydney Kennedy,2026-03-13T06:42:54Z,2026-03-13,Strength Training,7,90
5533031922107217408,Synne Fredriksen Moe,2026-03-13T07:34:26Z,2026-03-13,Team Training,8,90
6807161988554525377,Eva Fremaux,2026-03-13T09:17:37Z,2026-03-13,Team Training,0,20
19926514444831767,Sydney Kennedy,2026-03-14T02:06:48Z,2026-03-14,Strength Training,7,90
-9186825032477237927,Rylee Foster,2026-03-14T02:38:43Z,2026-03-14,Recovery,0,30
-2963226652869151962,Addison Weichers,2026-03-14T02:38:47Z,2026-03-14,Recovery,1,30
2476743875210642344,Jordyn Rhodes,2026-03-14T03:11:10Z,2026-03-14,Recovery,1,45
4458350051712250958,Naya Cardoza,2026-03-14T03:13:21Z,2026-03-14,Recovery,1,60
-6371583905756521099,Stella Downing,2026-03-14T03:13:36Z,2026-03-14,Recovery,0,60
7195328437649266170,Sheyenne Allen,2026-03-14T03:20:40Z,2026-03-14,Recovery,1,45
5533031922107217408,Synne Fredriksen Moe,2026-03-14T04:02:31Z,2026-03-14,Recovery,1,30
5667974452808858358,Cho So-Hyun,2026-03-14T04:02:37Z,2026-03-14,Recovery,1,40
7531602514129690519,Samantha St Croix,2026-03-14T04:02:37Z,2026-03-14,Recovery,1,60
-7873248334552818988,Julie Pedersen,2026-03-14T04:02:42Z,2026-03-14,Recovery,1,30
-4082303902532117088,Sarah Taylor,2026-03-14T04:03:06Z,2026-03-14,Recovery,1,60
-1369841804813621849,Saorla Miller,2026-03-14T04:32:16Z,2026-03-14,Recovery,1,45
5701711296024658395,Julianne Vallerand,2026-03-14T04:34:00Z,2026-03-14,Recovery,1,60
7207372854284632697,Tiffany Cameron,2026-03-14T05:43:00Z,2026-03-14,Recovery,1,40
1855868392623416549,Annika Leslie,2026-03-14T07:39:06Z,2026-03-14,Recovery,2,45
-8380791422839676855,Julia Benati,2026-03-14T08:28:22Z,2026-03-14,Recovery,1,45
7195328437649266170,Sheyenne Allen,2026-03-15T12:00:00Z,2026-03-15,Recovery,2,25
-4082303902532117088,Sarah Taylor,2026-03-15T12:00:00Z,2026-03-15,Recovery,0,60
5667974452808858358,Cho So-Hyun,2026-03-15T01:04:51Z,2026-03-15,Team Training,0,7
5667974452808858358,Cho So-Hyun,2026-03-15T01:05:15Z,2026-03-15,Recovery,0,1
7207372854284632697,Tiffany Cameron,2026-03-15T07:58:30Z,2026-03-15,Recovery,1,30
4458350051712250958,Naya Cardoza,2026-03-16T02:23:51Z,2026-03-16,Team Training,5,60
-4082303902532117088,Sarah Taylor,2026-03-16T02:23:56Z,2026-03-16,Team Training,4,45
5667974452808858358,Cho So-Hyun,2026-03-16T02:24:05Z,2026-03-16,Team Training,3,45
-9186825032477237927,Rylee Foster,2026-03-16T02:24:26Z,2026-03-16,Team Training,8,60
7531602514129690519,Samantha St Croix,2026-03-16T02:24:42Z,2026-03-16,Team Training,5,60
-7873248334552818988,Julie Pedersen,2026-03-16T02:27:17Z,2026-03-16,Team Training,4,60
7207372854284632697,Tiffany Cameron,2026-03-16T02:32:27Z,2026-03-16,Team Training,5,45
7782077126852709449,Kat Jordan,2026-03-16T02:32:28Z,2026-03-16,Team Training,5,45
-8380791422839676855,Julia Benati,2026-03-16T02:35:49Z,2026-03-16,Team Training,3,30
-6371583905756521099,Stella Downing,2026-03-16T03:00:03Z,2026-03-16,Team Training,4,45
-6371583905756521099,Stella Downing,2026-03-16T03:00:15Z,2026-03-16,Strength Training,4,60
-2963226652869151962,Addison Weichers,2026-03-16T03:01:19Z,2026-03-16,Team Training,3,60
-2963226652869151962,Addison Weichers,2026-03-16T03:01:52Z,2026-03-16,Strength Training,3,35
-9186825032477237927,Rylee Foster,2026-03-16T03:02:57Z,2026-03-16,Strength Training,3,60
-7873248334552818988,Julie Pedersen,2026-03-16T03:03:35Z,2026-03-16,Strength Training,4,30
2476743875210642344,Jordyn Rhodes,2026-03-16T03:06:46Z,2026-03-16,Team Training,5,45
-4082303902532117088,Sarah Taylor,2026-03-16T03:07:49Z,2026-03-16,Strength Training,4,60
2476743875210642344,Jordyn Rhodes,2026-03-16T03:07:52Z,2026-03-16,Strength Training,3,30
4458350051712250958,Naya Cardoza,2026-03-16T03:08:19Z,2026-03-16,Recovery,3,30
7195328437649266170,Sheyenne Allen,2026-03-16T03:08:22Z,2026-03-16,Strength Training,3,30
5667974452808858358,Cho So-Hyun,2026-03-16T03:08:24Z,2026-03-16,Strength Training,3,50
7195328437649266170,Sheyenne Allen,2026-03-16T03:10:40Z,2026-03-16,Team Training,3,45
7207372854284632697,Tiffany Cameron,2026-03-16T03:11:32Z,2026-03-16,Strength Training,3,45
7782077126852709449,Kat Jordan,2026-03-16T03:12:15Z,2026-03-16,Strength Training,3,60
7531602514129690519,Samantha St Croix,2026-03-16T03:12:28Z,2026-03-16,Strength Training,4,60
5533031922107217408,Synne Fredriksen Moe,2026-03-16T03:13:24Z,2026-03-16,Team Training,5,60
5533031922107217408,Synne Fredriksen Moe,2026-03-16T03:13:31Z,2026-03-16,Strength Training,4,60
-1369841804813621849,Saorla Miller,2026-03-16T03:24:25Z,2026-03-16,Team Training,5,60
-1369841804813621849,Saorla Miller,2026-03-16T03:24:34Z,2026-03-16,Strength Training,3,60
1855868392623416549,Annika Leslie,2026-03-16T03:37:45Z,2026-03-16,Team Training,5,45
1855868392623416549,Annika Leslie,2026-03-16T03:37:50Z,2026-03-16,Strength Training,3,45
4750176437844838124,Anika Toth,2026-03-16T03:55:19Z,2026-03-16,Strength Training,5,60
5701711296024658395,Julianne Vallerand,2026-03-16T03:55:38Z,2026-03-16,Strength Training,5,120
3361436320140038448,Megumi Nakamura,2026-03-16T04:10:23Z,2026-03-16,Team Training,2,60
3361436320140038448,Megumi Nakamura,2026-03-16T04:10:27Z,2026-03-16,Strength Training,2,60
4750176437844838124,Anika Toth,2026-03-16T04:17:40Z,2026-03-16,Team Training,7,60
-8380791422839676855,Julia Benati,2026-03-16T04:29:13Z,2026-03-16,Strength Training,2,45
19926514444831767,Sydney Kennedy,2026-03-16T05:47:23Z,2026-03-16,Strength Training,6,120
6807161988554525377,Eva Fremaux,2026-03-16T06:05:16Z,2026-03-16,Strength Training,4,45
2844855238345729513,Karima Lemire,2026-03-16T06:05:35Z,2026-03-16,Team Training,6,60
2844855238345729513,Karima Lemire,2026-03-16T06:06:29Z,2026-03-16,Strength Training,5,60
-8380791422839676855,Julia Benati,2026-03-17T01:17:23Z,2026-03-17,Team Training,4,20
5667974452808858358,Cho So-Hyun,2026-03-17T01:35:33Z,2026-03-17,Team Training,4,30
-6371583905756521099,Stella Downing,2026-03-17T01:36:57Z,2026-03-17,Team Training,4,20
-7873248334552818988,Julie Pedersen,2026-03-17T02:28:56Z,2026-03-17,Team Training,4,35
-7873248334552818988,Julie Pedersen,2026-03-17T02:29:15Z,2026-03-17,Strength Training,5,35
-2963226652869151962,Addison Weichers,2026-03-17T02:30:16Z,2026-03-17,Team Training,2,25
-2963226652869151962,Addison Weichers,2026-03-17T02:30:27Z,2026-03-17,Strength Training,6,40
3361436320140038448,Megumi Nakamura,2026-03-17T02:31:12Z,2026-03-17,Strength Training,2,60
-9186825032477237927,Rylee Foster,2026-03-17T02:41:51Z,2026-03-17,Strength Training,4,60
-6371583905756521099,Stella Downing,2026-03-17T02:42:27Z,2026-03-17,Strength Training,3,60
5533031922107217408,Synne Fredriksen Moe,2026-03-17T02:45:41Z,2026-03-17,Team Training,4,30
5533031922107217408,Synne Fredriksen Moe,2026-03-17T02:45:50Z,2026-03-17,Strength Training,4,60
5667974452808858358,Cho So-Hyun,2026-03-17T02:57:15Z,2026-03-17,Strength Training,3,40
-1369841804813621849,Saorla Miller,2026-03-17T03:03:46Z,2026-03-17,Strength Training,5,60
-1369841804813621849,Saorla Miller,2026-03-17T03:04:01Z,2026-03-17,Team Training,1,30
7782077126852709449,Kat Jordan,2026-03-17T03:04:02Z,2026-03-17,Team Training,1,30
7782077126852709449,Kat Jordan,2026-03-17T03:04:09Z,2026-03-17,Strength Training,3,60
7195328437649266170,Sheyenne Allen,2026-03-17T03:07:25Z,2026-03-17,Strength Training,4,50
7195328437649266170,Sheyenne Allen,2026-03-17T03:07:50Z,2026-03-17,Recovery,4,20
1855868392623416549,Annika Leslie,2026-03-17T03:09:55Z,2026-03-17,Team Training,3,30
1855868392623416549,Annika Leslie,2026-03-17T03:09:59Z,2026-03-17,Strength Training,4,45
-8380791422839676855,Julia Benati,2026-03-17T03:11:31Z,2026-03-17,Strength Training,1,45
7207372854284632697,Tiffany Cameron,2026-03-17T03:25:56Z,2026-03-17,Strength Training,3,45
7207372854284632697,Tiffany Cameron,2026-03-17T03:26:39Z,2026-03-17,Team Training,3,25
6807161988554525377,Eva Fremaux,2026-03-17T03:26:53Z,2026-03-17,Strength Training,4,45
-4082303902532117088,Sarah Taylor,2026-03-17T03:28:02Z,2026-03-17,Team Training,2,60
4750176437844838124,Anika Toth,2026-03-17T03:28:20Z,2026-03-17,Team Training,2,20
-4082303902532117088,Sarah Taylor,2026-03-17T03:28:21Z,2026-03-17,Strength Training,4,30
2476743875210642344,Jordyn Rhodes,2026-03-17T03:28:23Z,2026-03-17,Strength Training,4,45
4750176437844838124,Anika Toth,2026-03-17T03:28:24Z,2026-03-17,Strength Training,6,90
19926514444831767,Sydney Kennedy,2026-03-17T03:28:28Z,2026-03-17,Strength Training,7,90
5701711296024658395,Julianne Vallerand,2026-03-17T04:01:47Z,2026-03-17,Strength Training,5,120
6807161988554525377,Eva Fremaux,2026-03-18T12:00:00Z,2026-03-18,Team Training,0,20
5667974452808858358,Cho So-Hyun,2026-03-18T01:29:57Z,2026-03-18,Team Training,8,75
-7873248334552818988,Julie Pedersen,2026-03-18T01:35:52Z,2026-03-18,Team Training,7,73
4458350051712250958,Naya Cardoza,2026-03-18T01:36:25Z,2026-03-18,Team Training,7,70
7207372854284632697,Tiffany Cameron,2026-03-18T01:43:57Z,2026-03-18,Team Training,8,60
5701711296024658395,Julianne Vallerand,2026-03-18T01:44:48Z,2026-03-18,Team Training,0,60
-9186825032477237927,Rylee Foster,2026-03-18T01:59:30Z,2026-03-18,Team Training,7,75
19926514444831767,Sydney Kennedy,2026-03-18T01:59:49Z,2026-03-18,Team Training,3,30
-2963226652869151962,Addison Weichers,2026-03-18T01:59:50Z,2026-03-18,Team Training,7,75
-1369841804813621849,Saorla Miller,2026-03-18T02:00:19Z,2026-03-18,Team Training,7,60
7531602514129690519,Samantha St Croix,2026-03-18T02:00:42Z,2026-03-18,Team Training,6,60
3361436320140038448,Megumi Nakamura,2026-03-18T02:00:50Z,2026-03-18,Team Training,5,60
7195328437649266170,Sheyenne Allen,2026-03-18T02:01:11Z,2026-03-18,Team Training,6,90
1855868392623416549,Annika Leslie,2026-03-18T02:02:29Z,2026-03-18,Team Training,7,60
-8380791422839676855,Julia Benati,2026-03-18T02:05:26Z,2026-03-18,Team Training,6,60
-6371583905756521099,Stella Downing,2026-03-18T02:05:52Z,2026-03-18,Team Training,6,60
2844855238345729513,Karima Lemire,2026-03-18T02:09:36Z,2026-03-18,Team Training,7,60
2476743875210642344,Jordyn Rhodes,2026-03-18T07:13:36Z,2026-03-18,Team Training,6,90
7782077126852709449,Kat Jordan,2026-03-18T07:20:45Z,2026-03-18,Team Training,7,60
4750176437844838124,Anika Toth,2026-03-18T07:31:07Z,2026-03-18,Team Training,3,30
5533031922107217408,Synne Fredriksen Moe,2026-03-18T07:48:52Z,2026-03-18,Team Training,7,90
-4082303902532117088,Sarah Taylor,2026-03-18T07:58:52Z,2026-03-18,Team Training,7,60
-8380791422839676855,Julia Benati,2026-03-19T11:45:26Z,2026-03-19,Team Training,6,30
7195328437649266170,Sheyenne Allen,2026-03-19T12:03:16Z,2026-03-19,Team Training,7,50
3361436320140038448,Megumi Nakamura,2026-03-19T01:47:59Z,2026-03-19,Team Training,7,45
-1369841804813621849,Saorla Miller,2026-03-19T01:59:24Z,2026-03-19,Team Training,7,30
1855868392623416549,Annika Leslie,2026-03-19T01:59:35Z,2026-03-19,Team Training,7,30
5667974452808858358,Cho So-Hyun,2026-03-19T02:03:21Z,2026-03-19,Team Training,8,35
7531602514129690519,Samantha St Croix,2026-03-19T02:03:34Z,2026-03-19,Team Training,6,40
-7873248334552818988,Julie Pedersen,2026-03-19T02:38:16Z,2026-03-19,Team Training,7,35
-7873248334552818988,Julie Pedersen,2026-03-19T02:38:32Z,2026-03-19,Strength Training,5,40
7195328437649266170,Sheyenne Allen,2026-03-19T02:41:22Z,2026-03-19,Strength Training,3,40
2476743875210642344,Jordyn Rhodes,2026-03-19T02:41:35Z,2026-03-19,Team Training,6,40
2476743875210642344,Jordyn Rhodes,2026-03-19T02:41:44Z,2026-03-19,Strength Training,3,45
-9186825032477237927,Rylee Foster,2026-03-19T02:42:50Z,2026-03-19,Team Training,7,40
-9186825032477237927,Rylee Foster,2026-03-19T02:43:01Z,2026-03-19,Strength Training,4,45
-4082303902532117088,Sarah Taylor,2026-03-19T02:43:20Z,2026-03-19,Strength Training,5,30
-4082303902532117088,Sarah Taylor,2026-03-19T02:43:23Z,2026-03-19,Team Training,8,30
-2963226652869151962,Addison Weichers,2026-03-19T02:43:24Z,2026-03-19,Team Training,10,30
-2963226652869151962,Addison Weichers,2026-03-19T02:43:32Z,2026-03-19,Strength Training,3,35
-1369841804813621849,Saorla Miller,2026-03-19T02:43:41Z,2026-03-19,Strength Training,2,45
7782077126852709449,Kat Jordan,2026-03-19T02:43:52Z,2026-03-19,Team Training,7,40
-8380791422839676855,Julia Benati,2026-03-19T02:44:08Z,2026-03-19,Strength Training,1,45
7207372854284632697,Tiffany Cameron,2026-03-19T02:44:20Z,2026-03-19,Team Training,8,50
-6371583905756521099,Stella Downing,2026-03-19T02:45:58Z,2026-03-19,Team Training,7,60
-6371583905756521099,Stella Downing,2026-03-19T02:46:10Z,2026-03-19,Strength Training,3,60
5667974452808858358,Cho So-Hyun,2026-03-19T02:46:49Z,2026-03-19,Strength Training,4,45
5533031922107217408,Synne Fredriksen Moe,2026-03-19T02:47:40Z,2026-03-19,Team Training,8,45
5533031922107217408,Synne Fredriksen Moe,2026-03-19T02:47:43Z,2026-03-19,Strength Training,6,50
6807161988554525377,Eva Fremaux,2026-03-19T03:15:30Z,2026-03-19,Strength Training,5,60
1855868392623416549,Annika Leslie,2026-03-19T03:30:15Z,2026-03-19,Strength Training,3,45
4750176437844838124,Anika Toth,2026-03-19T03:31:04Z,2026-03-19,Strength Training,6,75
4750176437844838124,Anika Toth,2026-03-19T03:31:11Z,2026-03-19,Team Training,3,25
7531602514129690519,Samantha St Croix,2026-03-19T03:32:02Z,2026-03-19,Strength Training,4,60
7782077126852709449,Kat Jordan,2026-03-19T03:48:17Z,2026-03-19,Strength Training,3,60
19926514444831767,Sydney Kennedy,2026-03-19T03:49:47Z,2026-03-19,Strength Training,5,90
4458350051712250958,Naya Cardoza,2026-03-19T05:01:52Z,2026-03-19,Team Training,7,45
4458350051712250958,Naya Cardoza,2026-03-19T05:01:57Z,2026-03-19,Strength Training,4,50
5701711296024658395,Julianne Vallerand,2026-03-19T06:31:59Z,2026-03-19,Strength Training,6,120
2844855238345729513,Karima Lemire,2026-03-19T06:57:47Z,2026-03-19,Team Training,7,45
7531602514129690519,Samantha St Croix,2026-03-20T01:48:43Z,2026-03-20,Team Training,6,75
4458350051712250958,Naya Cardoza,2026-03-20T01:49:13Z,2026-03-20,Team Training,6,62
7207372854284632697,Tiffany Cameron,2026-03-20T01:49:22Z,2026-03-20,Team Training,7,60
5667974452808858358,Cho So-Hyun,2026-03-20T01:49:50Z,2026-03-20,Team Training,6,90
-1369841804813621849,Saorla Miller,2026-03-20T01:51:19Z,2026-03-20,Team Training,6,90
3361436320140038448,Megumi Nakamura,2026-03-20T02:03:49Z,2026-03-20,Team Training,7,60
-9186825032477237927,Rylee Foster,2026-03-20T02:04:23Z,2026-03-20,Team Training,7,80
1855868392623416549,Annika Leslie,2026-03-20T02:26:46Z,2026-03-20,Team Training,6,90
2476743875210642344,Jordyn Rhodes,2026-03-20T02:53:54Z,2026-03-20,Team Training,6,90
2476743875210642344,Jordyn Rhodes,2026-03-20T02:54:03Z,2026-03-20,Strength Training,3,45
-2963226652869151962,Addison Weichers,2026-03-20T02:54:25Z,2026-03-20,Team Training,7,85
-2963226652869151962,Addison Weichers,2026-03-20T02:54:42Z,2026-03-20,Strength Training,3,30
6807161988554525377,Eva Fremaux,2026-03-20T02:58:09Z,2026-03-20,Strength Training,6,60
7782077126852709449,Kat Jordan,2026-03-20T03:02:52Z,2026-03-20,Team Training,7,90
7782077126852709449,Kat Jordan,2026-03-20T03:02:59Z,2026-03-20,Strength Training,3,60
19926514444831767,Sydney Kennedy,2026-03-20T03:09:13Z,2026-03-20,Strength Training,7,90
7195328437649266170,Sheyenne Allen,2026-03-20T03:11:20Z,2026-03-20,Team Training,5,90
3361436320140038448,Megumi Nakamura,2026-03-20T03:15:40Z,2026-03-20,Strength Training,3,60
7207372854284632697,Tiffany Cameron,2026-03-20T03:16:44Z,2026-03-20,Strength Training,3,40
5533031922107217408,Synne Fredriksen Moe,2026-03-20T03:16:51Z,2026-03-20,Team Training,9,90
5533031922107217408,Synne Fredriksen Moe,2026-03-20T03:17:00Z,2026-03-20,Strength Training,5,60
-6371583905756521099,Stella Downing,2026-03-20T03:22:16Z,2026-03-20,Team Training,4,60
-6371583905756521099,Stella Downing,2026-03-20T03:22:26Z,2026-03-20,Strength Training,2,60
-9186825032477237927,Rylee Foster,2026-03-20T03:44:09Z,2026-03-20,Strength Training,3,60
-8380791422839676855,Julia Benati,2026-03-20T03:45:55Z,2026-03-20,Team Training,8,90
-8380791422839676855,Julia Benati,2026-03-20T03:46:02Z,2026-03-20,Strength Training,3,45
4750176437844838124,Anika Toth,2026-03-20T04:03:28Z,2026-03-20,Team Training,5,35
4750176437844838124,Anika Toth,2026-03-20T04:03:33Z,2026-03-20,Strength Training,5,60
1855868392623416549,Annika Leslie,2026-03-20T04:04:14Z,2026-03-20,Strength Training,4,45
-1369841804813621849,Saorla Miller,2026-03-20T04:04:17Z,2026-03-20,Strength Training,3,60
5701711296024658395,Julianne Vallerand,2026-03-20T04:04:21Z,2026-03-20,Strength Training,5,150
-4082303902532117088,Sarah Taylor,2026-03-20T05:07:40Z,2026-03-20,Team Training,9,75
-4082303902532117088,Sarah Taylor,2026-03-20T05:07:47Z,2026-03-20,Strength Training,5,45
5667974452808858358,Cho So-Hyun,2026-03-20T05:14:22Z,2026-03-20,Strength Training,4,40
7531602514129690519,Samantha St Croix,2026-03-20T06:30:17Z,2026-03-20,Strength Training,5,45
-7873248334552818988,Julie Pedersen,2026-03-20T06:30:18Z,2026-03-20,Strength Training,5,45
-7873248334552818988,Julie Pedersen,2026-03-20T06:30:50Z,2026-03-20,Team Training,7,75
7207372854284632697,Tiffany Cameron,2026-03-21T12:00:00Z,2026-03-21,Recovery,0,10
5667974452808858358,Cho So-Hyun,2026-03-21T11:44:35Z,2026-03-21,Recovery,0,1
5667974452808858358,Cho So-Hyun,2026-03-22T01:15:21Z,2026-03-22,Recovery,0,1
-4082303902532117088,Sarah Taylor,2026-03-22T06:52:50Z,2026-03-22,Recovery,1,60
7207372854284632697,Tiffany Cameron,2026-03-22T08:16:06Z,2026-03-22,Recovery,1,45
7195328437649266170,Sheyenne Allen,2026-03-22T09:36:18Z,2026-03-22,Recovery,1,40
5667974452808858358,Cho So-Hyun,2026-03-23T02:16:08Z,2026-03-23,Strength Training,3,50
3361436320140038448,Megumi Nakamura,2026-03-23T02:28:46Z,2026-03-23,Strength Training,3,60
-1369841804813621849,Saorla Miller,2026-03-23T02:30:13Z,2026-03-23,Strength Training,4,60
7207372854284632697,Tiffany Cameron,2026-03-23T02:38:13Z,2026-03-23,Strength Training,3,70
19926514444831767,Sydney Kennedy,2026-03-23T02:38:14Z,2026-03-23,Strength Training,4,60
4458350051712250958,Naya Cardoza,2026-03-23T02:38:30Z,2026-03-23,Strength Training,3,60
-9186825032477237927,Rylee Foster,2026-03-23T03:22:40Z,2026-03-23,Strength Training,5,60
6807161988554525377,Eva Fremaux,2026-03-23T03:25:14Z,2026-03-23,Strength Training,3,45
2844855238345729513,Karima Lemire,2026-03-23T03:27:46Z,2026-03-23,Strength Training,4,60
7195328437649266170,Sheyenne Allen,2026-03-23T03:31:14Z,2026-03-23,Strength Training,3,47
5533031922107217408,Synne Fredriksen Moe,2026-03-23T06:19:17Z,2026-03-23,Team Training,6,120
5533031922107217408,Synne Fredriksen Moe,2026-03-23T06:19:35Z,2026-03-23,Strength Training,6,60
5667974452808858358,Cho So-Hyun,2026-03-23T06:23:40Z,2026-03-23,Team Training,6,130
7531602514129690519,Samantha St Croix,2026-03-23T06:23:49Z,2026-03-23,Team Training,6,135
7531602514129690519,Samantha St Croix,2026-03-23T06:25:42Z,2026-03-23,Strength Training,5,60
-9186825032477237927,Rylee Foster,2026-03-23T06:26:50Z,2026-03-23,Team Training,7,120
6807161988554525377,Eva Fremaux,2026-03-23T06:29:00Z,2026-03-23,Team Training,1,60
4750176437844838124,Anika Toth,2026-03-23T06:30:58Z,2026-03-23,Team Training,6,90
4750176437844838124,Anika Toth,2026-03-23T06:31:06Z,2026-03-23,Strength Training,4,60
7782077126852709449,Kat Jordan,2026-03-23T06:32:42Z,2026-03-23,Team Training,5,120
7782077126852709449,Kat Jordan,2026-03-23T06:32:49Z,2026-03-23,Strength Training,6,60
-7873248334552818988,Julie Pedersen,2026-03-23T06:34:26Z,2026-03-23,Strength Training,4,60
-7873248334552818988,Julie Pedersen,2026-03-23T06:34:35Z,2026-03-23,Team Training,5,90
-8380791422839676855,Julia Benati,2026-03-23T06:37:05Z,2026-03-23,Team Training,4,120
-8380791422839676855,Julia Benati,2026-03-23T06:37:12Z,2026-03-23,Strength Training,2,60
3361436320140038448,Megumi Nakamura,2026-03-23T06:39:00Z,2026-03-23,Team Training,4,120
-2963226652869151962,Addison Weichers,2026-03-23T06:41:32Z,2026-03-23,Team Training,6,120
2476743875210642344,Jordyn Rhodes,2026-03-23T06:41:35Z,2026-03-23,Team Training,4,120
-2963226652869151962,Addison Weichers,2026-03-23T06:41:49Z,2026-03-23,Strength Training,4,75
7207372854284632697,Tiffany Cameron,2026-03-23T06:41:56Z,2026-03-23,Team Training,4,120
1855868392623416549,Annika Leslie,2026-03-23T06:41:57Z,2026-03-23,Team Training,6,120
7195328437649266170,Sheyenne Allen,2026-03-23T06:42:04Z,2026-03-23,Team Training,3,120
2476743875210642344,Jordyn Rhodes,2026-03-23T06:42:19Z,2026-03-23,Strength Training,4,45
1855868392623416549,Annika Leslie,2026-03-23T06:42:37Z,2026-03-23,Strength Training,4,60
5701711296024658395,Julianne Vallerand,2026-03-23T06:44:37Z,2026-03-23,Team Training,3,120
5701711296024658395,Julianne Vallerand,2026-03-23T06:44:43Z,2026-03-23,Strength Training,3,60
-6371583905756521099,Stella Downing,2026-03-23T06:45:21Z,2026-03-23,Team Training,6,120
-6371583905756521099,Stella Downing,2026-03-23T06:45:32Z,2026-03-23,Strength Training,3,60
-4082303902532117088,Sarah Taylor,2026-03-23T06:47:23Z,2026-03-23,Team Training,6,120
-4082303902532117088,Sarah Taylor,2026-03-23T06:47:28Z,2026-03-23,Strength Training,4,45
4458350051712250958,Naya Cardoza,2026-03-23T06:53:38Z,2026-03-23,Team Training,4,120
19926514444831767,Sydney Kennedy,2026-03-23T06:54:17Z,2026-03-23,Team Training,6,120
2844855238345729513,Karima Lemire,2026-03-23T06:57:25Z,2026-03-23,Team Training,7,120
-1369841804813621849,Saorla Miller,2026-03-23T06:57:48Z,2026-03-23,Team Training,3,120
5667974452808858358,Cho So-Hyun,2026-03-24T03:20:07Z,2026-03-24,Strength Training,2,40
4458350051712250958,Naya Cardoza,2026-03-24T03:31:47Z,2026-03-24,Strength Training,3,60
7207372854284632697,Tiffany Cameron,2026-03-24T03:34:48Z,2026-03-24,Strength Training,3,50
5533031922107217408,Synne Fredriksen Moe,2026-03-24T05:47:44Z,2026-03-24,Team Training,6,105
5533031922107217408,Synne Fredriksen Moe,2026-03-24T05:48:05Z,2026-03-24,Strength Training,6,60
6807161988554525377,Eva Fremaux,2026-03-24T05:50:32Z,2026-03-24,Team Training,6,60
6807161988554525377,Eva Fremaux,2026-03-24T05:50:38Z,2026-03-24,Strength Training,4,40
7531602514129690519,Samantha St Croix,2026-03-24T05:50:40Z,2026-03-24,Strength Training,3,60
7531602514129690519,Samantha St Croix,2026-03-24T05:50:45Z,2026-03-24,Team Training,5,120
-4082303902532117088,Sarah Taylor,2026-03-24T05:50:48Z,2026-03-24,Team Training,7,90
-4082303902532117088,Sarah Taylor,2026-03-24T05:51:00Z,2026-03-24,Strength Training,4,30
19926514444831767,Sydney Kennedy,2026-03-24T05:52:03Z,2026-03-24,Strength Training,2,60
19926514444831767,Sydney Kennedy,2026-03-24T05:52:11Z,2026-03-24,Team Training,5,90
4458350051712250958,Naya Cardoza,2026-03-24T05:59:04Z,2026-03-24,Team Training,5,100
-8380791422839676855,Julia Benati,2026-03-24T06:00:23Z,2026-03-24,Team Training,4,90
-8380791422839676855,Julia Benati,2026-03-24T06:00:35Z,2026-03-24,Strength Training,2,60
-1369841804813621849,Saorla Miller,2026-03-24T06:00:35Z,2026-03-24,Strength Training,3,60
-1369841804813621849,Saorla Miller,2026-03-24T06:00:45Z,2026-03-24,Team Training,3,120
5667974452808858358,Cho So-Hyun,2026-03-24T06:06:41Z,2026-03-24,Team Training,0,40
-9186825032477237927,Rylee Foster,2026-03-24T06:13:00Z,2026-03-24,Strength Training,4,60
-9186825032477237927,Rylee Foster,2026-03-24T06:13:06Z,2026-03-24,Team Training,6,105
-2963226652869151962,Addison Weichers,2026-03-24T06:14:56Z,2026-03-24,Team Training,4,100
-2963226652869151962,Addison Weichers,2026-03-24T06:15:05Z,2026-03-24,Strength Training,2,45
-7873248334552818988,Julie Pedersen,2026-03-24T06:15:54Z,2026-03-24,Strength Training,4,45
-7873248334552818988,Julie Pedersen,2026-03-24T06:16:02Z,2026-03-24,Team Training,7,100
3361436320140038448,Megumi Nakamura,2026-03-24T06:17:07Z,2026-03-24,Team Training,5,105
3361436320140038448,Megumi Nakamura,2026-03-24T06:17:18Z,2026-03-24,Strength Training,4,60
7782077126852709449,Kat Jordan,2026-03-24T06:23:19Z,2026-03-24,Team Training,6,120
7782077126852709449,Kat Jordan,2026-03-24T06:23:23Z,2026-03-24,Strength Training,5,60
1855868392623416549,Annika Leslie,2026-03-24T06:27:07Z,2026-03-24,Team Training,5,105
4750176437844838124,Anika Toth,2026-03-24T06:27:35Z,2026-03-24,Team Training,5,90
4750176437844838124,Anika Toth,2026-03-24T06:27:42Z,2026-03-24,Strength Training,3,45
1855868392623416549,Annika Leslie,2026-03-24T06:27:47Z,2026-03-24,Strength Training,3,45
-6371583905756521099,Stella Downing,2026-03-24T06:33:11Z,2026-03-24,Team Training,6,120
5701711296024658395,Julianne Vallerand,2026-03-24T06:33:14Z,2026-03-24,Team Training,7,120
-6371583905756521099,Stella Downing,2026-03-24T06:33:16Z,2026-03-24,Strength Training,4,60
5701711296024658395,Julianne Vallerand,2026-03-24T06:33:22Z,2026-03-24,Strength Training,3,60
7195328437649266170,Sheyenne Allen,2026-03-24T06:55:13Z,2026-03-24,Team Training,4,110
7195328437649266170,Sheyenne Allen,2026-03-24T06:55:55Z,2026-03-24,Recovery,4,45
7207372854284632697,Tiffany Cameron,2026-03-24T07:37:25Z,2026-03-24,Team Training,4,105
2844855238345729513,Karima Lemire,2026-03-24T07:40:50Z,2026-03-24,Team Training,6,90
2844855238345729513,Karima Lemire,2026-03-24T07:41:14Z,2026-03-24,Strength Training,4,60
2476743875210642344,Jordyn Rhodes,2026-03-24T09:23:59Z,2026-03-24,Strength Training,4,45
2476743875210642344,Jordyn Rhodes,2026-03-24T09:24:09Z,2026-03-24,Team Training,5,90
5533031922107217408,Synne Fredriksen Moe,2026-03-25T05:57:10Z,2026-03-25,Team Training,6,90
7782077126852709449,Kat Jordan,2026-03-25T06:00:14Z,2026-03-25,Team Training,4,120
-1369841804813621849,Saorla Miller,2026-03-25T06:01:59Z,2026-03-25,Team Training,4,120
5667974452808858358,Cho So-Hyun,2026-03-25T06:10:01Z,2026-03-25,Team Training,4,110
-4082303902532117088,Sarah Taylor,2026-03-25T06:12:25Z,2026-03-25,Team Training,6,90
-9186825032477237927,Rylee Foster,2026-03-25T06:12:40Z,2026-03-25,Team Training,6,120
6807161988554525377,Eva Fremaux,2026-03-25T06:12:44Z,2026-03-25,Team Training,7,40
3361436320140038448,Megumi Nakamura,2026-03-25T06:15:22Z,2026-03-25,Team Training,4,120
4458350051712250958,Naya Cardoza,2026-03-25T06:18:26Z,2026-03-25,Team Training,4,90
5701711296024658395,Julianne Vallerand,2026-03-25T06:24:07Z,2026-03-25,Team Training,6,120
-7873248334552818988,Julie Pedersen,2026-03-25T06:28:52Z,2026-03-25,Team Training,4,110
19926514444831767,Sydney Kennedy,2026-03-25T06:29:06Z,2026-03-25,Team Training,4,120
2476743875210642344,Jordyn Rhodes,2026-03-25T06:29:07Z,2026-03-25,Team Training,6,105
-2963226652869151962,Addison Weichers,2026-03-25T06:29:17Z,2026-03-25,Team Training,4,105
7531602514129690519,Samantha St Croix,2026-03-25T06:30:23Z,2026-03-25,Team Training,5,120
7207372854284632697,Tiffany Cameron,2026-03-25T06:32:44Z,2026-03-25,Team Training,3,105
-6371583905756521099,Stella Downing,2026-03-25T06:34:22Z,2026-03-25,Team Training,5,105
-8380791422839676855,Julia Benati,2026-03-25T06:34:23Z,2026-03-25,Team Training,5,105
1855868392623416549,Annika Leslie,2026-03-25T06:47:33Z,2026-03-25,Team Training,4,105
7195328437649266170,Sheyenne Allen,2026-03-25T06:48:29Z,2026-03-25,Team Training,3,110
2844855238345729513,Karima Lemire,2026-03-25T10:32:07Z,2026-03-25,Team Training,4,90
4750176437844838124,Anika Toth,2026-03-25T11:51:34Z,2026-03-25,Team Training,5,90
5667974452808858358,Cho So-Hyun,2026-03-26T01:35:18Z,2026-03-26,Strength Training,2,35
-1369841804813621849,Saorla Miller,2026-03-26T01:39:25Z,2026-03-26,Strength Training,2,60
1855868392623416549,Annika Leslie,2026-03-26T01:40:33Z,2026-03-26,Strength Training,4,45
4458350051712250958,Naya Cardoza,2026-03-26T01:47:14Z,2026-03-26,Strength Training,2,45
7207372854284632697,Tiffany Cameron,2026-03-26T01:52:52Z,2026-03-26,Strength Training,2,45
-8380791422839676855,Julia Benati,2026-03-26T02:07:11Z,2026-03-26,Strength Training,1,45
3361436320140038448,Megumi Nakamura,2026-03-26T02:07:30Z,2026-03-26,Team Training,2,120
3361436320140038448,Megumi Nakamura,2026-03-26T02:07:33Z,2026-03-26,Strength Training,2,60
-7873248334552818988,Julie Pedersen,2026-03-26T02:13:27Z,2026-03-26,Strength Training,3,40
-4082303902532117088,Sarah Taylor,2026-03-26T05:32:30Z,2026-03-26,Team Training,2,60
-4082303902532117088,Sarah Taylor,2026-03-26T05:32:45Z,2026-03-26,Strength Training,2,30
5701711296024658395,Julianne Vallerand,2026-03-26T05:34:39Z,2026-03-26,Team Training,3,90
5701711296024658395,Julianne Vallerand,2026-03-26T05:34:45Z,2026-03-26,Strength Training,2,60
4458350051712250958,Naya Cardoza,2026-03-26T05:35:36Z,2026-03-26,Team Training,4,90
4750176437844838124,Anika Toth,2026-03-26T05:36:00Z,2026-03-26,Team Training,5,90
4750176437844838124,Anika Toth,2026-03-26T05:36:08Z,2026-03-26,Strength Training,3,45
5667974452808858358,Cho So-Hyun,2026-03-26T05:42:07Z,2026-03-26,Team Training,3,90
-1369841804813621849,Saorla Miller,2026-03-26T05:43:57Z,2026-03-26,Team Training,3,90
19926514444831767,Sydney Kennedy,2026-03-26T05:44:44Z,2026-03-26,Team Training,4,90
19926514444831767,Sydney Kennedy,2026-03-26T05:44:59Z,2026-03-26,Strength Training,2,45
-6371583905756521099,Stella Downing,2026-03-26T05:53:38Z,2026-03-26,Team Training,5,105
-8380791422839676855,Julia Benati,2026-03-26T05:54:20Z,2026-03-26,Team Training,2,105
-6371583905756521099,Stella Downing,2026-03-26T05:54:20Z,2026-03-26,Strength Training,0,60
-2963226652869151962,Addison Weichers,2026-03-26T05:57:13Z,2026-03-26,Team Training,3,105
-2963226652869151962,Addison Weichers,2026-03-26T05:57:20Z,2026-03-26,Strength Training,2,30
7195328437649266170,Sheyenne Allen,2026-03-26T06:00:23Z,2026-03-26,Team Training,2,90
7195328437649266170,Sheyenne Allen,2026-03-26T06:00:47Z,2026-03-26,Strength Training,1,45
5533031922107217408,Synne Fredriksen Moe,2026-03-26T06:06:11Z,2026-03-26,Team Training,3,75
-9186825032477237927,Rylee Foster,2026-03-26T06:06:31Z,2026-03-26,Strength Training,2,45
-9186825032477237927,Rylee Foster,2026-03-26T06:06:37Z,2026-03-26,Team Training,4,90
6807161988554525377,Eva Fremaux,2026-03-26T06:07:51Z,2026-03-26,Strength Training,5,60
6807161988554525377,Eva Fremaux,2026-03-26T06:08:01Z,2026-03-26,Team Training,3,40
7782077126852709449,Kat Jordan,2026-03-26T06:10:22Z,2026-03-26,Team Training,3,90
7782077126852709449,Kat Jordan,2026-03-26T06:10:28Z,2026-03-26,Strength Training,4,60
-7873248334552818988,Julie Pedersen,2026-03-26T06:10:39Z,2026-03-26,Team Training,3,90
7207372854284632697,Tiffany Cameron,2026-03-26T06:24:38Z,2026-03-26,Team Training,3,90
2476743875210642344,Jordyn Rhodes,2026-03-26T06:56:20Z,2026-03-26,Strength Training,2,45
2476743875210642344,Jordyn Rhodes,2026-03-26T06:56:27Z,2026-03-26,Team Training,3,90
2844855238345729513,Karima Lemire,2026-03-26T08:07:19Z,2026-03-26,Team Training,3,90
2844855238345729513,Karima Lemire,2026-03-26T08:07:32Z,2026-03-26,Strength Training,3,60
7531602514129690519,Samantha St Croix,2026-03-26T09:07:57Z,2026-03-26,Strength Training,3,45
7531602514129690519,Samantha St Croix,2026-03-26T09:08:17Z,2026-03-26,Team Training,4,90
1855868392623416549,Annika Leslie,2026-03-26T09:08:28Z,2026-03-26,Team Training,3,90
5533031922107217408,Synne Fredriksen Moe,2026-03-26T09:10:21Z,2026-03-26,Strength Training,3,60
7195328437649266170,Sheyenne Allen,2026-03-27T12:00:00Z,2026-03-27,Game / Competition,8,59
7207372854284632697,Tiffany Cameron,2026-03-27T12:00:00Z,2026-03-27,Team Training,2,45
3361436320140038448,Megumi Nakamura,2026-03-27T12:00:00Z,2026-03-27,Team Training,2,60
-4082303902532117088,Sarah Taylor,2026-03-27T12:00:00Z,2026-03-27,Team Training,3,60
2844855238345729513,Karima Lemire,2026-03-27T12:00:00Z,2026-03-27,Team Training,2,60
5533031922107217408,Synne Fredriksen Moe,2026-03-27T12:00:00Z,2026-03-27,Game / Competition,7,55
7531602514129690519,Samantha St Croix,2026-03-27T08:01:32Z,2026-03-27,Game / Competition,4,120
-2963226652869151962,Addison Weichers,2026-03-27T08:01:34Z,2026-03-27,Team Training,2,60
4458350051712250958,Naya Cardoza,2026-03-27T08:01:50Z,2026-03-27,Game / Competition,4,45
5533031922107217408,Synne Fredriksen Moe,2026-03-27T08:02:03Z,2026-03-27,Team Training,2,45
3361436320140038448,Megumi Nakamura,2026-03-27T08:02:08Z,2026-03-27,Game / Competition,7,45
-4082303902532117088,Sarah Taylor,2026-03-27T08:02:13Z,2026-03-27,Game / Competition,7,45
2844855238345729513,Karima Lemire,2026-03-27T08:02:28Z,2026-03-27,Game / Competition,7,45
-7873248334552818988,Julie Pedersen,2026-03-27T08:02:47Z,2026-03-27,Game / Competition,7,45
-2963226652869151962,Addison Weichers,2026-03-27T08:03:00Z,2026-03-27,Game / Competition,7,70
4458350051712250958,Naya Cardoza,2026-03-27T08:03:19Z,2026-03-27,Team Training,3,60
-8380791422839676855,Julia Benati,2026-03-27T08:06:20Z,2026-03-27,Team Training,8,180
2476743875210642344,Jordyn Rhodes,2026-03-27T08:06:26Z,2026-03-27,Team Training,2,60
7782077126852709449,Kat Jordan,2026-03-27T08:08:27Z,2026-03-27,Game / Competition,9,120
-1369841804813621849,Saorla Miller,2026-03-27T08:09:11Z,2026-03-27,Team Training,2,60
-9186825032477237927,Rylee Foster,2026-03-27T08:12:21Z,2026-03-27,Team Training,4,60
5701711296024658395,Julianne Vallerand,2026-03-27T08:15:47Z,2026-03-27,Game / Competition,5,45
7207372854284632697,Tiffany Cameron,2026-03-27T08:23:02Z,2026-03-27,Game / Competition,6,60
5667974452808858358,Cho So-Hyun,2026-03-27T08:57:25Z,2026-03-27,Team Training,6,80
1855868392623416549,Annika Leslie,2026-03-27T09:47:30Z,2026-03-27,Team Training,3,60
7195328437649266170,Sheyenne Allen,2026-03-27T09:59:54Z,2026-03-27,Team Training,4,120
4750176437844838124,Anika Toth,2026-03-27T10:31:05Z,2026-03-27,Team Training,3,60
-6371583905756521099,Stella Downing,2026-03-27T11:28:48Z,2026-03-27,Game / Competition,6,45
6807161988554525377,Eva Fremaux,2026-03-27T11:28:51Z,2026-03-27,Team Training,3,40
-9186825032477237927,Rylee Foster,2026-03-27T11:29:04Z,2026-03-27,Game / Competition,5,45
7782077126852709449,Kat Jordan,2026-03-27T11:29:06Z,2026-03-27,Team Training,2,60
-6371583905756521099,Stella Downing,2026-03-27T11:29:13Z,2026-03-27,Team Training,3,60
2476743875210642344,Jordyn Rhodes,2026-03-27T11:29:26Z,2026-03-27,Game / Competition,8,120
19926514444831767,Sydney Kennedy,2026-03-27T11:29:42Z,2026-03-27,Team Training,2,60
19926514444831767,Sydney Kennedy,2026-03-27T11:29:54Z,2026-03-27,Game / Competition,2,10
-7873248334552818988,Julie Pedersen,2026-03-27T11:29:55Z,2026-03-27,Team Training,3,40
-1369841804813621849,Saorla Miller,2026-03-27T11:49:15Z,2026-03-27,Game / Competition,8,45
1855868392623416549,Annika Leslie,2026-03-27T11:49:25Z,2026-03-27,Game / Competition,8,45
5701711296024658395,Julianne Vallerand,2026-03-27T11:49:40Z,2026-03-27,Team Training,2,60
7531602514129690519,Samantha St Croix,2026-03-27T11:59:01Z,2026-03-27,Team Training,1,60
-2963226652869151962,Addison Weichers,2026-03-28T12:00:00Z,2026-03-28,Recovery,1,45
6807161988554525377,Eva Fremaux,2026-03-28T12:00:00Z,2026-03-28,Recovery,2,30
5667974452808858358,Cho So-Hyun,2026-03-28T01:16:44Z,2026-03-28,Recovery,0,1
5701711296024658395,Julianne Vallerand,2026-03-28T03:28:38Z,2026-03-28,Recovery,2,45
2476743875210642344,Jordyn Rhodes,2026-03-28T04:02:27Z,2026-03-28,Recovery,1,45
19926514444831767,Sydney Kennedy,2026-03-28T04:02:50Z,2026-03-28,Recovery,1,45
4750176437844838124,Anika Toth,2026-03-28T04:08:29Z,2026-03-28,Recovery,2,45
7207372854284632697,Tiffany Cameron,2026-03-28T04:10:28Z,2026-03-28,Recovery,1,45
-1369841804813621849,Saorla Miller,2026-03-28T04:13:54Z,2026-03-28,Recovery,1,45
-6371583905756521099,Stella Downing,2026-03-28T04:14:26Z,2026-03-28,Recovery,3,30
-8380791422839676855,Julia Benati,2026-03-28T04:14:27Z,2026-03-28,Recovery,3,30
-7873248334552818988,Julie Pedersen,2026-03-28T04:22:56Z,2026-03-28,Recovery,1,30
7531602514129690519,Samantha St Croix,2026-03-28T04:22:58Z,2026-03-28,Recovery,1,45
5533031922107217408,Synne Fredriksen Moe,2026-03-28T04:30:10Z,2026-03-28,Recovery,2,30
-4082303902532117088,Sarah Taylor,2026-03-28T07:12:38Z,2026-03-28,Recovery,2,60
3361436320140038448,Megumi Nakamura,2026-03-28T07:25:29Z,2026-03-28,Recovery,0,60
1855868392623416549,Annika Leslie,2026-03-28T11:05:30Z,2026-03-28,Recovery,2,60
7195328437649266170,Sheyenne Allen,2026-03-28T11:32:40Z,2026-03-28,Recovery,1,30
5667974452808858358,Cho So-Hyun,2026-03-29T06:21:47Z,2026-03-29,Recovery,0,1
-4082303902532117088,Sarah Taylor,2026-03-29T09:38:06Z,2026-03-29,Recovery,0,30
7195328437649266170,Sheyenne Allen,2026-03-29T11:41:05Z,2026-03-29,Recovery,1,20
5667974452808858358,Cho So-Hyun,2026-03-30T07:23:21Z,2026-03-30,Recovery,1,1
-4082303902532117088,Sarah Taylor,2026-03-30T09:56:24Z,2026-03-30,Recovery,1,30
7207372854284632697,Tiffany Cameron,2026-03-30T11:04:53Z,2026-03-30,Recovery,0,30
2476743875210642344,Jordyn Rhodes,2026-03-31T01:47:09Z,2026-03-31,Team Training,2,90
2844855238345729513,Karima Lemire,2026-03-31T01:47:37Z,2026-03-31,Team Training,3,90
5701711296024658395,Julianne Vallerand,2026-03-31T01:47:49Z,2026-03-31,Team Training,2,90
-4082303902532117088,Sarah Taylor,2026-03-31T01:48:23Z,2026-03-31,Team Training,2,60
-8380791422839676855,Julia Benati,2026-03-31T01:51:54Z,2026-03-31,Team Training,1,60
-6371583905756521099,Stella Downing,2026-03-31T01:52:35Z,2026-03-31,Team Training,2,60
6807161988554525377,Eva Fremaux,2026-03-31T01:53:20Z,2026-03-31,Team Training,3,60
-7873248334552818988,Julie Pedersen,2026-03-31T01:53:21Z,2026-03-31,Team Training,2,90
7531602514129690519,Samantha St Croix,2026-03-31T01:53:34Z,2026-03-31,Team Training,4,90
5533031922107217408,Synne Fredriksen Moe,2026-03-31T01:53:52Z,2026-03-31,Team Training,3,90
-9186825032477237927,Rylee Foster,2026-03-31T01:54:57Z,2026-03-31,Team Training,3,75
-1369841804813621849,Saorla Miller,2026-03-31T01:56:39Z,2026-03-31,Team Training,2,90
4750176437844838124,Anika Toth,2026-03-31T01:59:58Z,2026-03-31,Team Training,4,90
3361436320140038448,Megumi Nakamura,2026-03-31T01:59:58Z,2026-03-31,Team Training,2,60
1855868392623416549,Annika Leslie,2026-03-31T02:03:21Z,2026-03-31,Team Training,3,60
5667974452808858358,Cho So-Hyun,2026-03-31T02:03:33Z,2026-03-31,Team Training,2,70
19926514444831767,Sydney Kennedy,2026-03-31T02:08:37Z,2026-03-31,Team Training,3,75
7782077126852709449,Kat Jordan,2026-03-31T02:10:09Z,2026-03-31,Team Training,2,90
-2963226652869151962,Addison Weichers,2026-03-31T02:23:12Z,2026-03-31,Team Training,3,60
4458350051712250958,Naya Cardoza,2026-03-31T02:26:56Z,2026-03-31,Team Training,2,60
7207372854284632697,Tiffany Cameron,2026-03-31T02:27:49Z,2026-03-31,Team Training,2,60
7195328437649266170,Sheyenne Allen,2026-03-31T02:52:18Z,2026-03-31,Team Training,1,60
2844855238345729513,Karima Lemire,2026-04-01T02:01:55Z,2026-04-01,Team Training,6,120
6807161988554525377,Eva Fremaux,2026-04-01T02:09:07Z,2026-04-01,Team Training,5,60
-1369841804813621849,Saorla Miller,2026-04-01T02:11:39Z,2026-04-01,Team Training,3,120
7531602514129690519,Samantha St Croix,2026-04-01T02:17:53Z,2026-04-01,Team Training,5,120
-8380791422839676855,Julia Benati,2026-04-01T02:20:23Z,2026-04-01,Team Training,4,120
5667974452808858358,Cho So-Hyun,2026-04-01T02:20:36Z,2026-04-01,Team Training,7,120
7207372854284632697,Tiffany Cameron,2026-04-01T02:24:08Z,2026-04-01,Team Training,5,120
-7873248334552818988,Julie Pedersen,2026-04-01T02:50:20Z,2026-04-01,Team Training,7,110
-7873248334552818988,Julie Pedersen,2026-04-01T02:50:51Z,2026-04-01,Strength Training,6,30
19926514444831767,Sydney Kennedy,2026-04-01T02:51:23Z,2026-04-01,Strength Training,4,45
19926514444831767,Sydney Kennedy,2026-04-01T02:51:37Z,2026-04-01,Team Training,6,120
2476743875210642344,Jordyn Rhodes,2026-04-01T02:54:46Z,2026-04-01,Team Training,4,120
5701711296024658395,Julianne Vallerand,2026-04-01T02:55:03Z,2026-04-01,Team Training,4,120
1855868392623416549,Annika Leslie,2026-04-01T02:55:07Z,2026-04-01,Team Training,4,120
3361436320140038448,Megumi Nakamura,2026-04-01T02:55:10Z,2026-04-01,Team Training,4,120
5701711296024658395,Julianne Vallerand,2026-04-01T02:55:10Z,2026-04-01,Strength Training,3,60
3361436320140038448,Megumi Nakamura,2026-04-01T02:55:19Z,2026-04-01,Strength Training,2,60
1855868392623416549,Annika Leslie,2026-04-01T02:55:20Z,2026-04-01,Strength Training,3,45
4750176437844838124,Anika Toth,2026-04-01T02:55:25Z,2026-04-01,Team Training,4,120
-8380791422839676855,Julia Benati,2026-04-01T02:55:30Z,2026-04-01,Strength Training,3,45
4750176437844838124,Anika Toth,2026-04-01T02:55:31Z,2026-04-01,Strength Training,3,30
2476743875210642344,Jordyn Rhodes,2026-04-01T02:55:32Z,2026-04-01,Strength Training,4,45
7531602514129690519,Samantha St Croix,2026-04-01T02:57:13Z,2026-04-01,Strength Training,2,30
7207372854284632697,Tiffany Cameron,2026-04-01T02:57:56Z,2026-04-01,Strength Training,3,40
5533031922107217408,Synne Fredriksen Moe,2026-04-01T02:58:14Z,2026-04-01,Team Training,6,120
5533031922107217408,Synne Fredriksen Moe,2026-04-01T02:58:19Z,2026-04-01,Strength Training,4,45
5667974452808858358,Cho So-Hyun,2026-04-01T02:58:36Z,2026-04-01,Strength Training,3,40
7782077126852709449,Kat Jordan,2026-04-01T03:00:18Z,2026-04-01,Team Training,5,120
7782077126852709449,Kat Jordan,2026-04-01T03:00:26Z,2026-04-01,Strength Training,5,60
-4082303902532117088,Sarah Taylor,2026-04-01T03:04:15Z,2026-04-01,Team Training,4,120
-4082303902532117088,Sarah Taylor,2026-04-01T03:04:24Z,2026-04-01,Strength Training,4,30
-1369841804813621849,Saorla Miller,2026-04-01T03:05:04Z,2026-04-01,Strength Training,3,60
2844855238345729513,Karima Lemire,2026-04-01T03:17:36Z,2026-04-01,Strength Training,4,60
-9186825032477237927,Rylee Foster,2026-04-01T03:17:39Z,2026-04-01,Team Training,4,120
6807161988554525377,Eva Fremaux,2026-04-01T03:17:41Z,2026-04-01,Strength Training,6,40
-9186825032477237927,Rylee Foster,2026-04-01T03:17:45Z,2026-04-01,Strength Training,3,45
-6371583905756521099,Stella Downing,2026-04-01T03:18:43Z,2026-04-01,Team Training,4,120
-6371583905756521099,Stella Downing,2026-04-01T03:19:00Z,2026-04-01,Strength Training,4,60
4458350051712250958,Naya Cardoza,2026-04-01T03:44:27Z,2026-04-01,Team Training,4,90
4458350051712250958,Naya Cardoza,2026-04-01T03:44:41Z,2026-04-01,Strength Training,3,45
7195328437649266170,Sheyenne Allen,2026-04-01T04:06:55Z,2026-04-01,Team Training,4,120
7195328437649266170,Sheyenne Allen,2026-04-01T04:07:14Z,2026-04-01,Strength Training,3,30
-2963226652869151962,Addison Weichers,2026-04-01T04:08:23Z,2026-04-01,Team Training,4,90
-2963226652869151962,Addison Weichers,2026-04-01T04:08:32Z,2026-04-01,Strength Training,4,45
-9186825032477237927,Rylee Foster,2026-04-02T10:56:10Z,2026-04-02,Team Training,3,105
-1369841804813621849,Saorla Miller,2026-04-02T10:58:48Z,2026-04-02,Team Training,3,120
1855868392623416549,Annika Leslie,2026-04-02T10:59:09Z,2026-04-02,Team Training,3,120
7207372854284632697,Tiffany Cameron,2026-04-02T11:01:17Z,2026-04-02,Team Training,3,120
-8380791422839676855,Julia Benati,2026-04-02T11:01:36Z,2026-04-02,Team Training,4,120
5667974452808858358,Cho So-Hyun,2026-04-02T11:02:08Z,2026-04-02,Team Training,6,120
5533031922107217408,Synne Fredriksen Moe,2026-04-02T11:31:43Z,2026-04-02,Team Training,4,90
5533031922107217408,Synne Fredriksen Moe,2026-04-02T11:31:55Z,2026-04-02,Strength Training,4,45
19926514444831767,Sydney Kennedy,2026-04-02T11:33:02Z,2026-04-02,Team Training,4,120
19926514444831767,Sydney Kennedy,2026-04-02T11:33:13Z,2026-04-02,Strength Training,3,45
5667974452808858358,Cho So-Hyun,2026-04-02T11:33:25Z,2026-04-02,Strength Training,3,30
7782077126852709449,Kat Jordan,2026-04-02T11:34:42Z,2026-04-02,Team Training,4,120
7782077126852709449,Kat Jordan,2026-04-02T11:34:46Z,2026-04-02,Strength Training,3,60
1855868392623416549,Annika Leslie,2026-04-02T11:36:34Z,2026-04-02,Strength Training,3,45
-7873248334552818988,Julie Pedersen,2026-04-02T11:36:54Z,2026-04-02,Team Training,4,105
3361436320140038448,Megumi Nakamura,2026-04-02T11:36:59Z,2026-04-02,Team Training,3,105
-8380791422839676855,Julia Benati,2026-04-02T11:37:11Z,2026-04-02,Strength Training,3,45
-7873248334552818988,Julie Pedersen,2026-04-02T11:37:16Z,2026-04-02,Strength Training,3,40
3361436320140038448,Megumi Nakamura,2026-04-02T11:37:31Z,2026-04-02,Strength Training,2,40
4750176437844838124,Anika Toth,2026-04-02T11:37:55Z,2026-04-02,Team Training,4,60
4750176437844838124,Anika Toth,2026-04-02T11:38:09Z,2026-04-02,Strength Training,3,30
-4082303902532117088,Sarah Taylor,2026-04-02T11:38:13Z,2026-04-02,Team Training,3,120
-4082303902532117088,Sarah Taylor,2026-04-02T11:38:23Z,2026-04-02,Strength Training,3,30
2476743875210642344,Jordyn Rhodes,2026-04-02T11:39:28Z,2026-04-02,Team Training,3,120
2476743875210642344,Jordyn Rhodes,2026-04-02T11:39:34Z,2026-04-02,Strength Training,3,45
7207372854284632697,Tiffany Cameron,2026-04-02T11:39:43Z,2026-04-02,Strength Training,3,40
7531602514129690519,Samantha St Croix,2026-04-02T11:40:11Z,2026-04-02,Team Training,3,90
7531602514129690519,Samantha St Croix,2026-04-02T11:40:21Z,2026-04-02,Strength Training,3,60
6807161988554525377,Eva Fremaux,2026-04-02T11:40:44Z,2026-04-02,Team Training,7,60
-9186825032477237927,Rylee Foster,2026-04-02T11:40:53Z,2026-04-02,Strength Training,2,45
6807161988554525377,Eva Fremaux,2026-04-02T11:40:56Z,2026-04-02,Strength Training,5,60
5701711296024658395,Julianne Vallerand,2026-04-02T11:41:53Z,2026-04-02,Team Training,5,120
5701711296024658395,Julianne Vallerand,2026-04-02T11:42:01Z,2026-04-02,Strength Training,2,60
2844855238345729513,Karima Lemire,2026-04-02T11:48:09Z,2026-04-02,Team Training,3,90
2844855238345729513,Karima Lemire,2026-04-02T11:48:18Z,2026-04-02,Strength Training,4,60
-6371583905756521099,Stella Downing,2026-04-02T11:54:11Z,2026-04-02,Team Training,3,90
-6371583905756521099,Stella Downing,2026-04-02T11:54:18Z,2026-04-02,Strength Training,2,60
4458350051712250958,Naya Cardoza,2026-04-02T12:25:41Z,2026-04-02,Team Training,4,90
4458350051712250958,Naya Cardoza,2026-04-02T12:25:58Z,2026-04-02,Strength Training,3,45
-2963226652869151962,Addison Weichers,2026-04-02T01:15:56Z,2026-04-02,Team Training,3,120
-2963226652869151962,Addison Weichers,2026-04-02T01:16:05Z,2026-04-02,Strength Training,3,30
-1369841804813621849,Saorla Miller,2026-04-02T01:16:35Z,2026-04-02,Strength Training,2,30
7195328437649266170,Sheyenne Allen,2026-04-02T01:58:58Z,2026-04-02,Team Training,4,120
7195328437649266170,Sheyenne Allen,2026-04-02T01:59:08Z,2026-04-02,Strength Training,3,45
7207372854284632697,Tiffany Cameron,2026-04-03T10:02:16Z,2026-04-03,Team Training,0,1
-7873248334552818988,Julie Pedersen,2026-04-03T10:28:14Z,2026-04-03,Team Training,3,100
-8380791422839676855,Julia Benati,2026-04-03T10:32:32Z,2026-04-03,Team Training,1,90
2844855238345729513,Karima Lemire,2026-04-03T10:37:07Z,2026-04-03,Team Training,3,90
5667974452808858358,Cho So-Hyun,2026-04-03T10:38:52Z,2026-04-03,Team Training,4,105
5701711296024658395,Julianne Vallerand,2026-04-03T10:44:47Z,2026-04-03,Team Training,3,120
5533031922107217408,Synne Fredriksen Moe,2026-04-03T10:44:47Z,2026-04-03,Team Training,3,105
-6371583905756521099,Stella Downing,2026-04-03T10:45:13Z,2026-04-03,Team Training,2,120
-1369841804813621849,Saorla Miller,2026-04-03T10:45:21Z,2026-04-03,Team Training,3,120
-6371583905756521099,Stella Downing,2026-04-03T10:45:28Z,2026-04-03,Strength Training,1,15
4750176437844838124,Anika Toth,2026-04-03T10:45:55Z,2026-04-03,Team Training,4,105
7782077126852709449,Kat Jordan,2026-04-03T10:52:41Z,2026-04-03,Team Training,4,120
2476743875210642344,Jordyn Rhodes,2026-04-03T10:52:51Z,2026-04-03,Team Training,4,120
3361436320140038448,Megumi Nakamura,2026-04-03T10:55:14Z,2026-04-03,Team Training,2,120
7531602514129690519,Samantha St Croix,2026-04-03T10:55:22Z,2026-04-03,Team Training,3,90
1855868392623416549,Annika Leslie,2026-04-03T10:55:31Z,2026-04-03,Team Training,3,105
6807161988554525377,Eva Fremaux,2026-04-03T10:55:48Z,2026-04-03,Team Training,8,90
-4082303902532117088,Sarah Taylor,2026-04-03T10:58:00Z,2026-04-03,Team Training,3,120
-2963226652869151962,Addison Weichers,2026-04-03T11:20:34Z,2026-04-03,Team Training,2,120
19926514444831767,Sydney Kennedy,2026-04-03T12:08:58Z,2026-04-03,Team Training,2,60
19926514444831767,Sydney Kennedy,2026-04-03T12:09:05Z,2026-04-03,Strength Training,2,20
7195328437649266170,Sheyenne Allen,2026-04-03T12:30:18Z,2026-04-03,Team Training,2,120
4458350051712250958,Naya Cardoza,2026-04-03T12:30:21Z,2026-04-03,Team Training,3,120
-4082303902532117088,Sarah Taylor,2026-04-04T12:00:00Z,2026-04-04,Game / Competition,5,160
-1369841804813621849,Saorla Miller,2026-04-04T12:00:00Z,2026-04-04,Game / Competition,7,75
4750176437844838124,Anika Toth,2026-04-04T12:00:00Z,2026-04-04,Game / Competition,6,120
7782077126852709449,Kat Jordan,2026-04-04T12:00:00Z,2026-04-04,Game / Competition,7,160
4458350051712250958,Naya Cardoza,2026-04-04T12:00:00Z,2026-04-04,Game / Competition,5,160
5701711296024658395,Julianne Vallerand,2026-04-04T01:39:55Z,2026-04-04,Game / Competition,7,90
2476743875210642344,Jordyn Rhodes,2026-04-04T01:39:59Z,2026-04-04,Game / Competition,5,30
5667974452808858358,Cho So-Hyun,2026-04-04T01:40:22Z,2026-04-04,Team Training,9,125
3361436320140038448,Megumi Nakamura,2026-04-04T01:40:56Z,2026-04-04,Team Training,2,35
3361436320140038448,Megumi Nakamura,2026-04-04T01:41:08Z,2026-04-04,Game / Competition,8,60
7782077126852709449,Kat Jordan,2026-04-04T01:44:23Z,2026-04-04,Game / Competition,7,180
7207372854284632697,Tiffany Cameron,2026-04-04T01:57:21Z,2026-04-04,Game / Competition,5,15
-9186825032477237927,Rylee Foster,2026-04-04T01:58:11Z,2026-04-04,Game / Competition,4,35
5533031922107217408,Synne Fredriksen Moe,2026-04-04T01:58:12Z,2026-04-04,Game / Competition,7,45
-7873248334552818988,Julie Pedersen,2026-04-04T01:59:28Z,2026-04-04,Game / Competition,5,35
-4082303902532117088,Sarah Taylor,2026-04-04T02:00:21Z,2026-04-04,Game / Competition,5,30
6807161988554525377,Eva Fremaux,2026-04-04T02:14:10Z,2026-04-04,Team Training,0,60
2844855238345729513,Karima Lemire,2026-04-04T02:14:11Z,2026-04-04,Game / Competition,9,45
-6371583905756521099,Stella Downing,2026-04-04T02:22:37Z,2026-04-04,Game / Competition,4,30
-8380791422839676855,Julia Benati,2026-04-04T02:23:02Z,2026-04-04,Team Training,6,60
1855868392623416549,Annika Leslie,2026-04-04T02:33:19Z,2026-04-04,Game / Competition,1,30
19926514444831767,Sydney Kennedy,2026-04-04T02:59:45Z,2026-04-04,Game / Competition,4,15
-2963226652869151962,Addison Weichers,2026-04-04T04:29:50Z,2026-04-04,Game / Competition,7,105
7195328437649266170,Sheyenne Allen,2026-04-04T05:16:45Z,2026-04-04,Game / Competition,7,105
5667974452808858358,Cho So-Hyun,2026-04-05T09:12:52Z,2026-04-05,Recovery,0,1
6807161988554525377,Eva Fremaux,2026-04-05T12:02:02Z,2026-04-05,Team Training,6,45
7207372854284632697,Tiffany Cameron,2026-04-05T12:13:30Z,2026-04-05,Recovery,1,30
-1369841804813621849,Saorla Miller,2026-04-06T02:37:10Z,2026-04-06,Team Training,3,120
5667974452808858358,Cho So-Hyun,2026-04-06T02:41:49Z,2026-04-06,Team Training,3,90
-9186825032477237927,Rylee Foster,2026-04-06T03:01:19Z,2026-04-06,Team Training,3,90
-9186825032477237927,Rylee Foster,2026-04-06T03:01:27Z,2026-04-06,Strength Training,2,30
-1369841804813621849,Saorla Miller,2026-04-06T03:03:33Z,2026-04-06,Strength Training,2,30
7782077126852709449,Kat Jordan,2026-04-06T03:14:37Z,2026-04-06,Team Training,4,120
7782077126852709449,Kat Jordan,2026-04-06T03:14:45Z,2026-04-06,Strength Training,2,30
5667974452808858358,Cho So-Hyun,2026-04-06T03:17:25Z,2026-04-06,Strength Training,1,20
7531602514129690519,Samantha St Croix,2026-04-06T03:18:06Z,2026-04-06,Team Training,4,90
7531602514129690519,Samantha St Croix,2026-04-06T03:18:22Z,2026-04-06,Strength Training,2,30
3361436320140038448,Megumi Nakamura,2026-04-06T03:21:07Z,2026-04-06,Team Training,3,120
-7873248334552818988,Julie Pedersen,2026-04-06T03:21:22Z,2026-04-06,Strength Training,3,25
-7873248334552818988,Julie Pedersen,2026-04-06T03:21:36Z,2026-04-06,Team Training,4,90
5701711296024658395,Julianne Vallerand,2026-04-06T03:32:22Z,2026-04-06,Team Training,3,120
1855868392623416549,Annika Leslie,2026-04-06T03:32:23Z,2026-04-06,Team Training,3,120
5701711296024658395,Julianne Vallerand,2026-04-06T03:32:38Z,2026-04-06,Strength Training,2,40
1855868392623416549,Annika Leslie,2026-04-06T03:32:55Z,2026-04-06,Strength Training,2,30
-8380791422839676855,Julia Benati,2026-04-06T03:37:41Z,2026-04-06,Team Training,1,90
-8380791422839676855,Julia Benati,2026-04-06T03:37:49Z,2026-04-06,Strength Training,1,30
6807161988554525377,Eva Fremaux,2026-04-06T03:41:53Z,2026-04-06,Team Training,9,60
6807161988554525377,Eva Fremaux,2026-04-06T03:42:03Z,2026-04-06,Strength Training,4,60
5533031922107217408,Synne Fredriksen Moe,2026-04-06T03:51:22Z,2026-04-06,Team Training,4,105
-2963226652869151962,Addison Weichers,2026-04-06T03:51:26Z,2026-04-06,Team Training,4,105
5533031922107217408,Synne Fredriksen Moe,2026-04-06T03:51:30Z,2026-04-06,Strength Training,6,30
19926514444831767,Sydney Kennedy,2026-04-06T03:51:58Z,2026-04-06,Team Training,4,90
7207372854284632697,Tiffany Cameron,2026-04-06T03:52:30Z,2026-04-06,Team Training,3,120
7207372854284632697,Tiffany Cameron,2026-04-06T03:52:40Z,2026-04-06,Strength Training,2,30
4458350051712250958,Naya Cardoza,2026-04-06T03:53:10Z,2026-04-06,Team Training,3,90
4458350051712250958,Naya Cardoza,2026-04-06T03:53:20Z,2026-04-06,Strength Training,2,30
2844855238345729513,Karima Lemire,2026-04-06T04:00:53Z,2026-04-06,Team Training,3,90
2844855238345729513,Karima Lemire,2026-04-06T04:01:04Z,2026-04-06,Strength Training,2,60
7195328437649266170,Sheyenne Allen,2026-04-06T04:02:42Z,2026-04-06,Team Training,3,120
7195328437649266170,Sheyenne Allen,2026-04-06T04:02:50Z,2026-04-06,Strength Training,2,30
2476743875210642344,Jordyn Rhodes,2026-04-06T04:06:04Z,2026-04-06,Team Training,3,90
2476743875210642344,Jordyn Rhodes,2026-04-06T04:06:13Z,2026-04-06,Strength Training,3,30
-6371583905756521099,Stella Downing,2026-04-06T05:52:09Z,2026-04-06,Team Training,4,60
-6371583905756521099,Stella Downing,2026-04-06T05:52:13Z,2026-04-06,Strength Training,2,30
-4082303902532117088,Sarah Taylor,2026-04-06T08:19:11Z,2026-04-06,Recovery,1,720
-7873248334552818988,Julie Pedersen,2026-04-07T02:56:11Z,2026-04-07,Strength Training,2,15
-7873248334552818988,Julie Pedersen,2026-04-07T02:56:27Z,2026-04-07,Team Training,3,100
-9186825032477237927,Rylee Foster,2026-04-07T03:02:27Z,2026-04-07,Team Training,3,105
-9186825032477237927,Rylee Foster,2026-04-07T03:02:41Z,2026-04-07,Strength Training,1,30
5701711296024658395,Julianne Vallerand,2026-04-07T03:06:25Z,2026-04-07,Team Training,3,120
-1369841804813621849,Saorla Miller,2026-04-07T03:06:27Z,2026-04-07,Strength Training,1,30
19926514444831767,Sydney Kennedy,2026-04-07T03:06:32Z,2026-04-07,Team Training,2,120
5701711296024658395,Julianne Vallerand,2026-04-07T03:06:33Z,2026-04-07,Strength Training,1,30
19926514444831767,Sydney Kennedy,2026-04-07T03:06:38Z,2026-04-07,Strength Training,1,30
-1369841804813621849,Saorla Miller,2026-04-07T03:06:48Z,2026-04-07,Team Training,2,120
2476743875210642344,Jordyn Rhodes,2026-04-07T03:07:01Z,2026-04-07,Team Training,2,120
2476743875210642344,Jordyn Rhodes,2026-04-07T03:07:43Z,2026-04-07,Strength Training,1,30
-6371583905756521099,Stella Downing,2026-04-07T03:08:11Z,2026-04-07,Team Training,4,120
-6371583905756521099,Stella Downing,2026-04-07T03:08:16Z,2026-04-07,Strength Training,2,30
-4082303902532117088,Sarah Taylor,2026-04-07T03:08:40Z,2026-04-07,Team Training,3,120
-4082303902532117088,Sarah Taylor,2026-04-07T03:08:47Z,2026-04-07,Strength Training,2,30
5667974452808858358,Cho So-Hyun,2026-04-07T03:08:53Z,2026-04-07,Team Training,2,120
7207372854284632697,Tiffany Cameron,2026-04-07T03:08:59Z,2026-04-07,Team Training,3,120
5667974452808858358,Cho So-Hyun,2026-04-07T03:09:16Z,2026-04-07,Strength Training,1,35
7207372854284632697,Tiffany Cameron,2026-04-07T03:09:25Z,2026-04-07,Strength Training,2,30
3361436320140038448,Megumi Nakamura,2026-04-07T03:10:14Z,2026-04-07,Team Training,3,120
6807161988554525377,Eva Fremaux,2026-04-07T03:10:34Z,2026-04-07,Team Training,9,60
6807161988554525377,Eva Fremaux,2026-04-07T03:10:56Z,2026-04-07,Strength Training,3,30
7782077126852709449,Kat Jordan,2026-04-07T03:51:26Z,2026-04-07,Team Training,3,120
7782077126852709449,Kat Jordan,2026-04-07T03:51:33Z,2026-04-07,Strength Training,2,60
7195328437649266170,Sheyenne Allen,2026-04-07T03:55:43Z,2026-04-07,Team Training,2,90
7195328437649266170,Sheyenne Allen,2026-04-07T03:56:14Z,2026-04-07,Strength Training,1,30
-2963226652869151962,Addison Weichers,2026-04-07T04:06:54Z,2026-04-07,Team Training,3,105
1855868392623416549,Annika Leslie,2026-04-07T04:07:20Z,2026-04-07,Team Training,3,120
2844855238345729513,Karima Lemire,2026-04-07T04:07:25Z,2026-04-07,Team Training,3,120
1855868392623416549,Annika Leslie,2026-04-07T04:07:26Z,2026-04-07,Strength Training,1,30
2844855238345729513,Karima Lemire,2026-04-07T04:09:49Z,2026-04-07,Strength Training,2,30
5533031922107217408,Synne Fredriksen Moe,2026-04-07T04:10:56Z,2026-04-07,Team Training,3,120
7531602514129690519,Samantha St Croix,2026-04-07T04:11:01Z,2026-04-07,Strength Training,2,45
5533031922107217408,Synne Fredriksen Moe,2026-04-07T04:11:01Z,2026-04-07,Strength Training,2,20
7531602514129690519,Samantha St Croix,2026-04-07T04:11:07Z,2026-04-07,Team Training,4,90
4458350051712250958,Naya Cardoza,2026-04-07T04:12:06Z,2026-04-07,Team Training,3,90
4458350051712250958,Naya Cardoza,2026-04-07T04:12:12Z,2026-04-07,Strength Training,2,30
-8380791422839676855,Julia Benati,2026-04-07T04:12:14Z,2026-04-07,Team Training,3,120
-8380791422839676855,Julia Benati,2026-04-07T04:12:27Z,2026-04-07,Strength Training,1,25
3361436320140038448,Megumi Nakamura,2026-04-07T07:52:02Z,2026-04-07,Strength Training,2,60
3361436320140038448,Megumi Nakamura,2026-04-08T01:00:00Z,2026-04-08,Team Training,2,160
1855868392623416549,Annika Leslie,2026-04-08T01:00:00Z,2026-04-08,Game / Competition,9,160
2476743875210642344,Jordyn Rhodes,2026-04-08T01:00:00Z,2026-04-08,Game / Competition,7,160
7782077126852709449,Kat Jordan,2026-04-08T01:00:00Z,2026-04-08,Game / Competition,3,160
7195328437649266170,Sheyenne Allen,2026-04-08T01:00:00Z,2026-04-08,Team Training,6,160
-1369841804813621849,Saorla Miller,2026-04-08T01:00:00Z,2026-04-08,Game / Competition,7,50
-2963226652869151962,Addison Weichers,2026-04-08T01:00:00Z,2026-04-08,Game / Competition,6,160
19926514444831767,Sydney Kennedy,2026-04-08T01:00:00Z,2026-04-08,Game / Competition,5,30
4458350051712250958,Naya Cardoza,2026-04-08T01:00:00Z,2026-04-08,Game / Competition,4,160
-8380791422839676855,Julia Benati,2026-04-08T01:00:00Z,2026-04-08,Game / Competition,6,160
5533031922107217408,Synne Fredriksen Moe,2026-04-08T02:02:59Z,2026-04-08,Game / Competition,7,45
3361436320140038448,Megumi Nakamura,2026-04-08T02:23:10Z,2026-04-08,Team Training,2,30
3361436320140038448,Megumi Nakamura,2026-04-08T02:23:28Z,2026-04-08,Game / Competition,4,30
5701711296024658395,Julianne Vallerand,2026-04-08T02:27:20Z,2026-04-08,Game / Competition,5,45
-7873248334552818988,Julie Pedersen,2026-04-08T02:30:23Z,2026-04-08,Game / Competition,10,90
2844855238345729513,Karima Lemire,2026-04-08T02:30:54Z,2026-04-08,Game / Competition,8,65
-1369841804813621849,Saorla Miller,2026-04-08T02:31:01Z,2026-04-08,Game / Competition,7,50
-8380791422839676855,Julia Benati,2026-04-08T02:31:28Z,2026-04-08,Game / Competition,6,60
5667974452808858358,Cho So-Hyun,2026-04-08T02:40:03Z,2026-04-08,Team Training,5,90
-9186825032477237927,Rylee Foster,2026-04-08T02:40:12Z,2026-04-08,Game / Competition,6,90
7207372854284632697,Tiffany Cameron,2026-04-08T02:40:12Z,2026-04-08,Game / Competition,6,65
19926514444831767,Sydney Kennedy,2026-04-08T02:43:34Z,2026-04-08,Game / Competition,5,30
7782077126852709449,Kat Jordan,2026-04-08T02:44:32Z,2026-04-08,Game / Competition,3,30
2476743875210642344,Jordyn Rhodes,2026-04-08T02:45:16Z,2026-04-08,Game / Competition,7,60
-2963226652869151962,Addison Weichers,2026-04-08T02:46:05Z,2026-04-08,Game / Competition,6,45
-4082303902532117088,Sarah Taylor,2026-04-08T03:12:35Z,2026-04-08,Game / Competition,7,30
-6371583905756521099,Stella Downing,2026-04-08T03:18:10Z,2026-04-08,Game / Competition,5,45
7531602514129690519,Samantha St Croix,2026-04-08T03:54:35Z,2026-04-08,Game / Competition,4,120
5667974452808858358,Cho So-Hyun,2026-04-09T03:45:51Z,2026-04-09,Recovery,0,1
7195328437649266170,Sheyenne Allen,2026-04-09T04:49:30Z,2026-04-09,Recovery,1,30
7207372854284632697,Tiffany Cameron,2026-04-09T05:54:14Z,2026-04-09,Recovery,1,20
6807161988554525377,Eva Fremaux,2026-04-10T12:00:00Z,2026-04-10,Team Training,6,90
6807161988554525377,Eva Fremaux,2026-04-10T12:00:00Z,2026-04-10,Strength Training,3,40
-9186825032477237927,Rylee Foster,2026-04-10T02:25:08Z,2026-04-10,Team Training,3,105
-1369841804813621849,Saorla Miller,2026-04-10T02:33:11Z,2026-04-10,Team Training,3,120
-8380791422839676855,Julia Benati,2026-04-10T02:34:32Z,2026-04-10,Team Training,3,105
7531602514129690519,Samantha St Croix,2026-04-10T02:34:47Z,2026-04-10,Team Training,6,105
5701711296024658395,Julianne Vallerand,2026-04-10T02:35:03Z,2026-04-10,Team Training,3,105
3361436320140038448,Megumi Nakamura,2026-04-10T02:35:05Z,2026-04-10,Team Training,2,120
3361436320140038448,Megumi Nakamura,2026-04-10T02:35:09Z,2026-04-10,Strength Training,2,60
5701711296024658395,Julianne Vallerand,2026-04-10T02:35:13Z,2026-04-10,Strength Training,2,45
19926514444831767,Sydney Kennedy,2026-04-10T02:54:27Z,2026-04-10,Team Training,4,120
19926514444831767,Sydney Kennedy,2026-04-10T02:54:35Z,2026-04-10,Strength Training,3,30
-7873248334552818988,Julie Pedersen,2026-04-10T03:00:56Z,2026-04-10,Strength Training,5,22
2844855238345729513,Karima Lemire,2026-04-10T03:01:04Z,2026-04-10,Team Training,4,90
2844855238345729513,Karima Lemire,2026-04-10T03:01:12Z,2026-04-10,Strength Training,3,30
-7873248334552818988,Julie Pedersen,2026-04-10T03:01:28Z,2026-04-10,Team Training,4,105
-2963226652869151962,Addison Weichers,2026-04-10T03:04:40Z,2026-04-10,Team Training,3,105
-2963226652869151962,Addison Weichers,2026-04-10T03:04:50Z,2026-04-10,Strength Training,2,15
-1369841804813621849,Saorla Miller,2026-04-10T03:04:53Z,2026-04-10,Strength Training,2,30
5533031922107217408,Synne Fredriksen Moe,2026-04-10T03:05:04Z,2026-04-10,Team Training,3,120
5533031922107217408,Synne Fredriksen Moe,2026-04-10T03:05:09Z,2026-04-10,Strength Training,3,30
5667974452808858358,Cho So-Hyun,2026-04-10T03:05:24Z,2026-04-10,Team Training,3,105
5667974452808858358,Cho So-Hyun,2026-04-10T03:05:41Z,2026-04-10,Strength Training,3,30
-8380791422839676855,Julia Benati,2026-04-10T03:06:37Z,2026-04-10,Strength Training,2,30
7531602514129690519,Samantha St Croix,2026-04-10T03:11:20Z,2026-04-10,Strength Training,2,30
7782077126852709449,Kat Jordan,2026-04-10T03:12:16Z,2026-04-10,Team Training,3,90
7782077126852709449,Kat Jordan,2026-04-10T03:12:25Z,2026-04-10,Strength Training,3,60
-9186825032477237927,Rylee Foster,2026-04-10T03:47:05Z,2026-04-10,Strength Training,1,30
2476743875210642344,Jordyn Rhodes,2026-04-10T03:47:32Z,2026-04-10,Team Training,3,120
2476743875210642344,Jordyn Rhodes,2026-04-10T03:47:41Z,2026-04-10,Strength Training,3,30
-4082303902532117088,Sarah Taylor,2026-04-10T03:48:08Z,2026-04-10,Team Training,4,90
-4082303902532117088,Sarah Taylor,2026-04-10T03:48:22Z,2026-04-10,Strength Training,0,30
4458350051712250958,Naya Cardoza,2026-04-10T04:02:11Z,2026-04-10,Team Training,3,90
4458350051712250958,Naya Cardoza,2026-04-10T04:02:16Z,2026-04-10,Strength Training,3,30
7207372854284632697,Tiffany Cameron,2026-04-10T04:02:33Z,2026-04-10,Team Training,3,105
7207372854284632697,Tiffany Cameron,2026-04-10T04:02:46Z,2026-04-10,Strength Training,3,35
7195328437649266170,Sheyenne Allen,2026-04-10T05:24:53Z,2026-04-10,Team Training,2,105
7195328437649266170,Sheyenne Allen,2026-04-10T05:25:27Z,2026-04-10,Strength Training,4,30
1855868392623416549,Annika Leslie,2026-04-10T05:42:51Z,2026-04-10,Team Training,3,90
1855868392623416549,Annika Leslie,2026-04-10T05:42:56Z,2026-04-10,Strength Training,2,30
5667974452808858358,Cho So-Hyun,2026-04-11T09:56:36Z,2026-04-11,Team Training,2,90
3361436320140038448,Megumi Nakamura,2026-04-11T09:57:31Z,2026-04-11,Team Training,2,60
-7873248334552818988,Julie Pedersen,2026-04-11T09:57:34Z,2026-04-11,Team Training,3,90
2476743875210642344,Jordyn Rhodes,2026-04-11T09:57:48Z,2026-04-11,Team Training,2,90
7531602514129690519,Samantha St Croix,2026-04-11T09:58:11Z,2026-04-11,Team Training,5,90
6807161988554525377,Eva Fremaux,2026-04-11T09:58:14Z,2026-04-11,Team Training,6,90
5533031922107217408,Synne Fredriksen Moe,2026-04-11T09:58:27Z,2026-04-11,Team Training,3,90
-8380791422839676855,Julia Benati,2026-04-11T09:58:58Z,2026-04-11,Team Training,1,80
19926514444831767,Sydney Kennedy,2026-04-11T10:04:41Z,2026-04-11,Team Training,2,90
1855868392623416549,Annika Leslie,2026-04-11T10:11:32Z,2026-04-11,Team Training,2,90
-4082303902532117088,Sarah Taylor,2026-04-11T10:13:38Z,2026-04-11,Team Training,3,90
-1369841804813621849,Saorla Miller,2026-04-11T10:13:45Z,2026-04-11,Team Training,3,90
-9186825032477237927,Rylee Foster,2026-04-11T10:13:46Z,2026-04-11,Team Training,3,85
5701711296024658395,Julianne Vallerand,2026-04-11T10:13:49Z,2026-04-11,Team Training,3,120
-2963226652869151962,Addison Weichers,2026-04-11T10:13:52Z,2026-04-11,Team Training,3,105
2844855238345729513,Karima Lemire,2026-04-11T10:23:38Z,2026-04-11,Team Training,4,90
7782077126852709449,Kat Jordan,2026-04-11T10:30:16Z,2026-04-11,Team Training,3,90
4458350051712250958,Naya Cardoza,2026-04-11T10:36:07Z,2026-04-11,Team Training,3,90
7207372854284632697,Tiffany Cameron,2026-04-11T10:52:39Z,2026-04-11,Team Training,3,90
7207372854284632697,Tiffany Cameron,2026-04-11T10:52:54Z,2026-04-11,Strength Training,2,15
7195328437649266170,Sheyenne Allen,2026-04-11T02:42:21Z,2026-04-11,Team Training,2,90
7782077126852709449,Kat Jordan,2026-04-12T11:00:00Z,2026-04-12,Game / Competition,6,160
-8380791422839676855,Julia Benati,2026-04-12T11:00:00Z,2026-04-12,Game / Competition,5,160
-1369841804813621849,Saorla Miller,2026-04-12T11:00:00Z,2026-04-12,Game / Competition,6,160
1855868392623416549,Annika Leslie,2026-04-12T11:00:00Z,2026-04-12,Game / Competition,7,30
7531602514129690519,Samantha St Croix,2026-04-12T11:00:00Z,2026-04-12,Game / Competition,1,160
3361436320140038448,Megumi Nakamura,2026-04-12T11:00:00Z,2026-04-12,Game / Competition,5,30
3361436320140038448,Megumi Nakamura,2026-04-12T11:00:00Z,2026-04-12,Team Training,2,30
-2963226652869151962,Addison Weichers,2026-04-12T12:08:29Z,2026-04-12,Game / Competition,5,75
2844855238345729513,Karima Lemire,2026-04-12T12:09:56Z,2026-04-12,Game / Competition,7,45
-1369841804813621849,Saorla Miller,2026-04-12T12:23:26Z,2026-04-12,Game / Competition,6,60
19926514444831767,Sydney Kennedy,2026-04-12T12:27:08Z,2026-04-12,Game / Competition,7,45
2476743875210642344,Jordyn Rhodes,2026-04-12T12:32:42Z,2026-04-12,Game / Competition,7,60
7531602514129690519,Samantha St Croix,2026-04-12T12:39:30Z,2026-04-12,Game / Competition,1,120
7207372854284632697,Tiffany Cameron,2026-04-12T12:39:46Z,2026-04-12,Game / Competition,4,30
7782077126852709449,Kat Jordan,2026-04-12T12:40:38Z,2026-04-12,Game / Competition,6,45
5667974452808858358,Cho So-Hyun,2026-04-12T12:41:00Z,2026-04-12,Team Training,7,90
-4082303902532117088,Sarah Taylor,2026-04-12T12:41:11Z,2026-04-12,Game / Competition,5,30
5701711296024658395,Julianne Vallerand,2026-04-12T12:41:16Z,2026-04-12,Game / Competition,6,90
-7873248334552818988,Julie Pedersen,2026-04-12T12:42:53Z,2026-04-12,Game / Competition,8,45
4458350051712250958,Naya Cardoza,2026-04-12T12:45:50Z,2026-04-12,Game / Competition,5,90
-8380791422839676855,Julia Benati,2026-04-12T12:45:57Z,2026-04-12,Game / Competition,5,60
7195328437649266170,Sheyenne Allen,2026-04-12T12:48:22Z,2026-04-12,Game / Competition,6,90
-9186825032477237927,Rylee Foster,2026-04-12T01:34:35Z,2026-04-12,Game / Competition,5,90
5533031922107217408,Synne Fredriksen Moe,2026-04-12T03:46:59Z,2026-04-12,Game / Competition,6,30
6807161988554525377,Eva Fremaux,2026-04-12T04:01:25Z,2026-04-12,Team Training,5,30
5667974452808858358,Cho So-Hyun,2026-04-13T10:48:03Z,2026-04-13,Recovery,0,1
7207372854284632697,Tiffany Cameron,2026-04-13T10:04:52Z,2026-04-13,Recovery,0,30
5667974452808858358,Cho So-Hyun,2026-04-14T05:31:56Z,2026-04-14,Recovery,0,1
-7873248334552818988,Julie Pedersen,2026-04-14T09:29:22Z,2026-04-14,Recovery,2,26
7207372854284632697,Tiffany Cameron,2026-04-14T09:29:53Z,2026-04-14,Recovery,1,30
7195328437649266170,Sheyenne Allen,2026-04-14T11:17:35Z,2026-04-14,Recovery,0,1440
2844855238345729513,Karima Lemire,2026-04-15T12:00:00Z,2026-04-15,Strength Training,4,30
2844855238345729513,Karima Lemire,2026-04-15T12:00:00Z,2026-04-15,Team Training,5,75
3361436320140038448,Megumi Nakamura,2026-04-15T02:20:57Z,2026-04-15,Strength Training,2,60
7207372854284632697,Tiffany Cameron,2026-04-15T02:26:28Z,2026-04-15,Strength Training,3,50
-1369841804813621849,Saorla Miller,2026-04-15T02:26:34Z,2026-04-15,Strength Training,3,60
7531602514129690519,Samantha St Croix,2026-04-15T02:26:36Z,2026-04-15,Strength Training,3,60
5667974452808858358,Cho So-Hyun,2026-04-15T02:40:29Z,2026-04-15,Strength Training,3,30
-7873248334552818988,Julie Pedersen,2026-04-15T03:00:05Z,2026-04-15,Strength Training,3,30
-4082303902532117088,Sarah Taylor,2026-04-15T04:52:15Z,2026-04-15,Team Training,4,90
-4082303902532117088,Sarah Taylor,2026-04-15T04:52:31Z,2026-04-15,Strength Training,4,45
5701711296024658395,Julianne Vallerand,2026-04-15T04:52:59Z,2026-04-15,Team Training,3,60
6807161988554525377,Eva Fremaux,2026-04-15T04:53:00Z,2026-04-15,Team Training,5,75
5701711296024658395,Julianne Vallerand,2026-04-15T04:53:04Z,2026-04-15,Strength Training,3,60
19926514444831767,Sydney Kennedy,2026-04-15T04:53:08Z,2026-04-15,Team Training,5,75
7531602514129690519,Samantha St Croix,2026-04-15T04:53:23Z,2026-04-15,Team Training,5,75
5533031922107217408,Synne Fredriksen Moe,2026-04-15T04:53:34Z,2026-04-15,Team Training,4,70
4458350051712250958,Naya Cardoza,2026-04-15T04:53:55Z,2026-04-15,Team Training,3,70
5533031922107217408,Synne Fredriksen Moe,2026-04-15T04:53:58Z,2026-04-15,Strength Training,4,45
5667974452808858358,Cho So-Hyun,2026-04-15T04:54:03Z,2026-04-15,Team Training,2,75
4458350051712250958,Naya Cardoza,2026-04-15T04:54:07Z,2026-04-15,Strength Training,3,45
1855868392623416549,Annika Leslie,2026-04-15T04:59:53Z,2026-04-15,Strength Training,3,45
3361436320140038448,Megumi Nakamura,2026-04-15T05:04:20Z,2026-04-15,Team Training,4,120
2476743875210642344,Jordyn Rhodes,2026-04-15T05:08:57Z,2026-04-15,Team Training,4,90
-1369841804813621849,Saorla Miller,2026-04-15T05:09:00Z,2026-04-15,Team Training,4,90
2476743875210642344,Jordyn Rhodes,2026-04-15T05:09:03Z,2026-04-15,Strength Training,3,45
7782077126852709449,Kat Jordan,2026-04-15T05:16:04Z,2026-04-15,Team Training,5,120
7782077126852709449,Kat Jordan,2026-04-15T05:16:10Z,2026-04-15,Strength Training,3,60
-9186825032477237927,Rylee Foster,2026-04-15T05:16:54Z,2026-04-15,Team Training,5,75
-9186825032477237927,Rylee Foster,2026-04-15T05:17:05Z,2026-04-15,Strength Training,2,45
-2963226652869151962,Addison Weichers,2026-04-15T05:26:15Z,2026-04-15,Team Training,3,75
3361436320140038448,Megumi Nakamura,2026-04-15T06:15:30Z,2026-04-15,Team Training,3,120
-8380791422839676855,Julia Benati,2026-04-15T06:19:21Z,2026-04-15,Team Training,3,90
-6371583905756521099,Stella Downing,2026-04-15T06:19:23Z,2026-04-15,Team Training,0,60
-6371583905756521099,Stella Downing,2026-04-15T06:19:28Z,2026-04-15,Strength Training,0,45
-8380791422839676855,Julia Benati,2026-04-15T06:19:28Z,2026-04-15,Strength Training,1,35
-7873248334552818988,Julie Pedersen,2026-04-15T06:30:26Z,2026-04-15,Team Training,4,75
6807161988554525377,Eva Fremaux,2026-04-15T06:33:05Z,2026-04-15,Strength Training,6,60
7195328437649266170,Sheyenne Allen,2026-04-15T06:33:21Z,2026-04-15,Strength Training,2,40
7195328437649266170,Sheyenne Allen,2026-04-15T06:33:39Z,2026-04-15,Team Training,3,84
7207372854284632697,Tiffany Cameron,2026-04-15T07:03:06Z,2026-04-15,Team Training,4,90
-9186825032477237927,Rylee Foster,2026-04-16T01:58:27Z,2026-04-16,Strength Training,3,30
5667974452808858358,Cho So-Hyun,2026-04-16T02:11:20Z,2026-04-16,Strength Training,3,40
-7873248334552818988,Julie Pedersen,2026-04-16T05:14:05Z,2026-04-16,Team Training,7,105
5533031922107217408,Synne Fredriksen Moe,2026-04-16T05:15:01Z,2026-04-16,Team Training,6,105
-7873248334552818988,Julie Pedersen,2026-04-16T05:15:04Z,2026-04-16,Strength Training,8,45
5533031922107217408,Synne Fredriksen Moe,2026-04-16T05:15:09Z,2026-04-16,Strength Training,6,45
6807161988554525377,Eva Fremaux,2026-04-16T05:15:27Z,2026-04-16,Team Training,6,90
-2963226652869151962,Addison Weichers,2026-04-16T05:15:28Z,2026-04-16,Team Training,4,105
7531602514129690519,Samantha St Croix,2026-04-16T05:15:28Z,2026-04-16,Team Training,4,105
6807161988554525377,Eva Fremaux,2026-04-16T05:15:31Z,2026-04-16,Strength Training,6,45
7531602514129690519,Samantha St Croix,2026-04-16T05:15:35Z,2026-04-16,Strength Training,5,60
-2963226652869151962,Addison Weichers,2026-04-16T05:15:48Z,2026-04-16,Strength Training,4,45
3361436320140038448,Megumi Nakamura,2026-04-16T05:17:59Z,2026-04-16,Team Training,3,120
3361436320140038448,Megumi Nakamura,2026-04-16T05:18:02Z,2026-04-16,Strength Training,2,60
-8380791422839676855,Julia Benati,2026-04-16T05:23:47Z,2026-04-16,Team Training,4,120
4458350051712250958,Naya Cardoza,2026-04-16T05:25:08Z,2026-04-16,Team Training,5,90
2844855238345729513,Karima Lemire,2026-04-16T05:25:14Z,2026-04-16,Team Training,7,90
5667974452808858358,Cho So-Hyun,2026-04-16T05:25:14Z,2026-04-16,Team Training,6,105
4458350051712250958,Naya Cardoza,2026-04-16T05:25:17Z,2026-04-16,Strength Training,4,60
2844855238345729513,Karima Lemire,2026-04-16T05:25:20Z,2026-04-16,Strength Training,4,60
-8380791422839676855,Julia Benati,2026-04-16T05:25:59Z,2026-04-16,Strength Training,3,60
7782077126852709449,Kat Jordan,2026-04-16T05:28:33Z,2026-04-16,Strength Training,5,60
7782077126852709449,Kat Jordan,2026-04-16T05:28:39Z,2026-04-16,Team Training,4,120
1855868392623416549,Annika Leslie,2026-04-16T05:29:24Z,2026-04-16,Team Training,5,105
1855868392623416549,Annika Leslie,2026-04-16T05:29:35Z,2026-04-16,Strength Training,4,60
-9186825032477237927,Rylee Foster,2026-04-16T05:31:24Z,2026-04-16,Team Training,5,105
-1369841804813621849,Saorla Miller,2026-04-16T05:33:22Z,2026-04-16,Team Training,4,120
-1369841804813621849,Saorla Miller,2026-04-16T05:33:35Z,2026-04-16,Strength Training,4,60
7195328437649266170,Sheyenne Allen,2026-04-16T05:47:47Z,2026-04-16,Strength Training,4,45
7195328437649266170,Sheyenne Allen,2026-04-16T05:49:48Z,2026-04-16,Team Training,4,112
7207372854284632697,Tiffany Cameron,2026-04-16T05:54:47Z,2026-04-16,Team Training,7,105
7207372854284632697,Tiffany Cameron,2026-04-16T05:55:06Z,2026-04-16,Strength Training,3,60
2476743875210642344,Jordyn Rhodes,2026-04-16T05:57:42Z,2026-04-16,Team Training,3,90
2476743875210642344,Jordyn Rhodes,2026-04-16T05:57:50Z,2026-04-16,Strength Training,4,45
-4082303902532117088,Sarah Taylor,2026-04-16T05:58:04Z,2026-04-16,Team Training,4,90
-4082303902532117088,Sarah Taylor,2026-04-16T05:58:16Z,2026-04-16,Strength Training,3,30
19926514444831767,Sydney Kennedy,2026-04-16T05:58:20Z,2026-04-16,Team Training,6,90
5701711296024658395,Julianne Vallerand,2026-04-16T05:58:34Z,2026-04-16,Team Training,3,120
5701711296024658395,Julianne Vallerand,2026-04-17T02:33:44Z,2026-04-17,Strength Training,4,60
-9186825032477237927,Rylee Foster,2026-04-17T02:33:54Z,2026-04-17,Strength Training,3,45
-8380791422839676855,Julia Benati,2026-04-17T02:33:55Z,2026-04-17,Strength Training,3,35
19926514444831767,Sydney Kennedy,2026-04-17T02:38:55Z,2026-04-17,Strength Training,4,45
-2963226652869151962,Addison Weichers,2026-04-17T02:38:55Z,2026-04-17,Strength Training,6,45
7531602514129690519,Samantha St Croix,2026-04-17T02:39:04Z,2026-04-17,Strength Training,4,60
-1369841804813621849,Saorla Miller,2026-04-17T02:39:49Z,2026-04-17,Strength Training,5,45
1855868392623416549,Annika Leslie,2026-04-17T02:42:05Z,2026-04-17,Strength Training,4,60
5667974452808858358,Cho So-Hyun,2026-04-17T03:09:38Z,2026-04-17,Strength Training,3,40
4458350051712250958,Naya Cardoza,2026-04-17T05:37:45Z,2026-04-17,Team Training,4,120
6807161988554525377,Eva Fremaux,2026-04-17T05:37:53Z,2026-04-17,Strength Training,6,45
7531602514129690519,Samantha St Croix,2026-04-17T05:37:54Z,2026-04-17,Team Training,5,120
4458350051712250958,Naya Cardoza,2026-04-17T05:38:02Z,2026-04-17,Strength Training,3,60
6807161988554525377,Eva Fremaux,2026-04-17T05:38:03Z,2026-04-17,Team Training,5,90
5533031922107217408,Synne Fredriksen Moe,2026-04-17T05:38:05Z,2026-04-17,Team Training,5,120
5533031922107217408,Synne Fredriksen Moe,2026-04-17T05:38:11Z,2026-04-17,Strength Training,6,60
2476743875210642344,Jordyn Rhodes,2026-04-17T05:38:50Z,2026-04-17,Team Training,4,120
-4082303902532117088,Sarah Taylor,2026-04-17T05:39:04Z,2026-04-17,Team Training,4,130
-7873248334552818988,Julie Pedersen,2026-04-17T05:39:09Z,2026-04-17,Team Training,5,120
2476743875210642344,Jordyn Rhodes,2026-04-17T05:39:10Z,2026-04-17,Strength Training,4,45
-7873248334552818988,Julie Pedersen,2026-04-17T05:39:14Z,2026-04-17,Strength Training,5,60
5701711296024658395,Julianne Vallerand,2026-04-17T05:39:17Z,2026-04-17,Team Training,4,120
7207372854284632697,Tiffany Cameron,2026-04-17T05:39:35Z,2026-04-17,Strength Training,3,50
-4082303902532117088,Sarah Taylor,2026-04-17T05:39:48Z,2026-04-17,Strength Training,5,90
7207372854284632697,Tiffany Cameron,2026-04-17T05:39:57Z,2026-04-17,Team Training,4,120
1855868392623416549,Annika Leslie,2026-04-17T05:39:57Z,2026-04-17,Team Training,4,120
-9186825032477237927,Rylee Foster,2026-04-17T05:43:17Z,2026-04-17,Team Training,6,120
2844855238345729513,Karima Lemire,2026-04-17T05:43:43Z,2026-04-17,Team Training,6,100
2844855238345729513,Karima Lemire,2026-04-17T05:43:47Z,2026-04-17,Strength Training,4,60
-1369841804813621849,Saorla Miller,2026-04-17T06:06:11Z,2026-04-17,Team Training,4,120
19926514444831767,Sydney Kennedy,2026-04-17T06:06:48Z,2026-04-17,Team Training,5,120
7782077126852709449,Kat Jordan,2026-04-17T06:16:42Z,2026-04-17,Team Training,4,120
7782077126852709449,Kat Jordan,2026-04-17T06:16:49Z,2026-04-17,Strength Training,5,60
3361436320140038448,Megumi Nakamura,2026-04-17T06:25:08Z,2026-04-17,Team Training,4,120
3361436320140038448,Megumi Nakamura,2026-04-17T06:25:11Z,2026-04-17,Strength Training,2,60
-2963226652869151962,Addison Weichers,2026-04-17T06:30:15Z,2026-04-17,Team Training,5,105
7195328437649266170,Sheyenne Allen,2026-04-17T06:45:25Z,2026-04-17,Strength Training,3,40
7195328437649266170,Sheyenne Allen,2026-04-17T06:45:35Z,2026-04-17,Team Training,2,120
5667974452808858358,Cho So-Hyun,2026-04-17T06:45:51Z,2026-04-17,Team Training,5,120
-8380791422839676855,Julia Benati,2026-04-17T08:25:59Z,2026-04-17,Team Training,2,120
-9186825032477237927,Rylee Foster,2026-04-18T12:00:00Z,2026-04-18,Team Training,3,105
-8380791422839676855,Julia Benati,2026-04-18T01:56:45Z,2026-04-18,Team Training,1,120
-7873248334552818988,Julie Pedersen,2026-04-18T01:57:08Z,2026-04-18,Team Training,3,90
-2963226652869151962,Addison Weichers,2026-04-18T01:57:25Z,2026-04-18,Team Training,3,105
5667974452808858358,Cho So-Hyun,2026-04-18T01:57:57Z,2026-04-18,Team Training,3,95
-1369841804813621849,Saorla Miller,2026-04-18T01:57:57Z,2026-04-18,Team Training,2,120
7531602514129690519,Samantha St Croix,2026-04-18T02:17:07Z,2026-04-18,Team Training,3,90
7207372854284632697,Tiffany Cameron,2026-04-18T02:24:55Z,2026-04-18,Team Training,3,80
7782077126852709449,Kat Jordan,2026-04-18T02:32:30Z,2026-04-18,Team Training,2,90
5701711296024658395,Julianne Vallerand,2026-04-18T02:32:32Z,2026-04-18,Team Training,0,120
1855868392623416549,Annika Leslie,2026-04-18T02:32:36Z,2026-04-18,Team Training,3,90
-4082303902532117088,Sarah Taylor,2026-04-18T02:34:34Z,2026-04-18,Team Training,3,60
2476743875210642344,Jordyn Rhodes,2026-04-18T03:02:46Z,2026-04-18,Team Training,2,90
2844855238345729513,Karima Lemire,2026-04-18T03:07:22Z,2026-04-18,Team Training,4,90
7195328437649266170,Sheyenne Allen,2026-04-18T03:12:07Z,2026-04-18,Team Training,1,105
19926514444831767,Sydney Kennedy,2026-04-18T04:03:22Z,2026-04-18,Team Training,2,90
3361436320140038448,Megumi Nakamura,2026-04-18T04:03:38Z,2026-04-18,Team Training,2,120
4458350051712250958,Naya Cardoza,2026-04-18T04:38:04Z,2026-04-18,Team Training,2,90
5533031922107217408,Synne Fredriksen Moe,2026-04-18T09:32:52Z,2026-04-18,Team Training,3,60
5533031922107217408,Synne Fredriksen Moe,2026-04-19T12:00:00Z,2026-04-19,Game / Competition,8,90
6807161988554525377,Eva Fremaux,2026-04-19T12:00:00Z,2026-04-19,Game / Competition,0,8
7782077126852709449,Kat Jordan,2026-04-19T01:00:00Z,2026-04-19,Game / Competition,8,160
2476743875210642344,Jordyn Rhodes,2026-04-19T01:00:00Z,2026-04-19,Game / Competition,3,160
-1369841804813621849,Saorla Miller,2026-04-19T01:00:00Z,2026-04-19,Game / Competition,5,160
-8380791422839676855,Julia Benati,2026-04-19T01:00:00Z,2026-04-19,Game / Competition,3,160
7531602514129690519,Samantha St Croix,2026-04-19T06:15:32Z,2026-04-19,Game / Competition,2,135
5701711296024658395,Julianne Vallerand,2026-04-19T06:25:13Z,2026-04-19,Game / Competition,0,120
-2963226652869151962,Addison Weichers,2026-04-19T06:25:39Z,2026-04-19,Game / Competition,8,105
-8380791422839676855,Julia Benati,2026-04-19T06:26:06Z,2026-04-19,Game / Competition,3,30
-9186825032477237927,Rylee Foster,2026-04-19T06:27:06Z,2026-04-19,Game / Competition,3,65
-4082303902532117088,Sarah Taylor,2026-04-19T06:27:09Z,2026-04-19,Game / Competition,7,59
4458350051712250958,Naya Cardoza,2026-04-19T06:27:09Z,2026-04-19,Game / Competition,3,30
7195328437649266170,Sheyenne Allen,2026-04-19T06:27:16Z,2026-04-19,Game / Competition,4,33
4458350051712250958,Naya Cardoza,2026-04-19T06:27:53Z,2026-04-19,Recovery,7,15
7207372854284632697,Tiffany Cameron,2026-04-19T06:28:11Z,2026-04-19,Game / Competition,6,60
5667974452808858358,Cho So-Hyun,2026-04-19T06:35:51Z,2026-04-19,Team Training,4,90
-1369841804813621849,Saorla Miller,2026-04-19T06:39:37Z,2026-04-19,Game / Competition,5,30
-7873248334552818988,Julie Pedersen,2026-04-19T06:41:45Z,2026-04-19,Game / Competition,7,60
3361436320140038448,Megumi Nakamura,2026-04-19T06:58:37Z,2026-04-19,Team Training,2,30
3361436320140038448,Megumi Nakamura,2026-04-19T06:58:57Z,2026-04-19,Game / Competition,5,60
1855868392623416549,Annika Leslie,2026-04-19T08:01:11Z,2026-04-19,Game / Competition,8,90
19926514444831767,Sydney Kennedy,2026-04-19T08:01:17Z,2026-04-19,Game / Competition,6,60
2844855238345729513,Karima Lemire,2026-04-19T11:17:51Z,2026-04-19,Game / Competition,6,60
7207372854284632697,Tiffany Cameron,2026-04-20T12:00:00Z,2026-04-20,Recovery,0,30
4458350051712250958,Naya Cardoza,2026-04-20T12:00:00Z,2026-04-20,Recovery,0,60
5667974452808858358,Cho So-Hyun,2026-04-20T02:20:25Z,2026-04-20,Recovery,0,1
19926514444831767,Sydney Kennedy,2026-04-21T12:00:00Z,2026-04-21,Team Training,4,90
5533031922107217408,Synne Fredriksen Moe,2026-04-21T05:01:05Z,2026-04-21,Team Training,3,90
-9186825032477237927,Rylee Foster,2026-04-21T05:01:32Z,2026-04-21,Team Training,4,90
6807161988554525377,Eva Fremaux,2026-04-21T05:01:38Z,2026-04-21,Team Training,4,60
7531602514129690519,Samantha St Croix,2026-04-21T05:02:58Z,2026-04-21,Team Training,5,90
4750176437844838124,Anika Toth,2026-04-21T05:04:17Z,2026-04-21,Team Training,4,90
-1369841804813621849,Saorla Miller,2026-04-21T05:04:26Z,2026-04-21,Team Training,4,90
2844855238345729513,Karima Lemire,2026-04-21T05:06:01Z,2026-04-21,Team Training,4,80
3361436320140038448,Megumi Nakamura,2026-04-21T05:06:48Z,2026-04-21,Team Training,2,90
7782077126852709449,Kat Jordan,2026-04-21T05:07:57Z,2026-04-21,Team Training,2,90
5701711296024658395,Julianne Vallerand,2026-04-21T05:15:08Z,2026-04-21,Team Training,5,90
-2963226652869151962,Addison Weichers,2026-04-21T05:15:40Z,2026-04-21,Team Training,4,90
4458350051712250958,Naya Cardoza,2026-04-21T05:15:44Z,2026-04-21,Team Training,3,90
-4082303902532117088,Sarah Taylor,2026-04-21T05:16:03Z,2026-04-21,Team Training,4,90
2476743875210642344,Jordyn Rhodes,2026-04-21T05:19:57Z,2026-04-21,Team Training,4,90
7207372854284632697,Tiffany Cameron,2026-04-21T05:24:35Z,2026-04-21,Team Training,4,90
5667974452808858358,Cho So-Hyun,2026-04-21T05:31:41Z,2026-04-21,Team Training,3,95
1855868392623416549,Annika Leslie,2026-04-21T05:35:12Z,2026-04-21,Team Training,3,90
-6371583905756521099,Stella Downing,2026-04-21T06:00:41Z,2026-04-21,Team Training,2,30
7195328437649266170,Sheyenne Allen,2026-04-21T06:02:09Z,2026-04-21,Team Training,1,90
-7873248334552818988,Julie Pedersen,2026-04-21T06:34:18Z,2026-04-21,Team Training,4,90
-8380791422839676855,Julia Benati,2026-04-21T06:44:54Z,2026-04-21,Team Training,2,90
7531602514129690519,Samantha St Croix,2026-04-22T02:12:50Z,2026-04-22,Strength Training,4,45
-2963226652869151962,Addison Weichers,2026-04-22T02:12:59Z,2026-04-22,Strength Training,4,48
19926514444831767,Sydney Kennedy,2026-04-22T02:13:11Z,2026-04-22,Strength Training,4,60
-1369841804813621849,Saorla Miller,2026-04-22T02:15:58Z,2026-04-22,Strength Training,4,45
-9186825032477237927,Rylee Foster,2026-04-22T02:16:56Z,2026-04-22,Strength Training,3,45
7207372854284632697,Tiffany Cameron,2026-04-22T02:17:02Z,2026-04-22,Strength Training,4,45
5701711296024658395,Julianne Vallerand,2026-04-22T02:19:01Z,2026-04-22,Strength Training,3,60
6807161988554525377,Eva Fremaux,2026-04-22T02:20:09Z,2026-04-22,Strength Training,3,40
2844855238345729513,Karima Lemire,2026-04-22T02:20:20Z,2026-04-22,Strength Training,4,50
5667974452808858358,Cho So-Hyun,2026-04-22T03:08:50Z,2026-04-22,Strength Training,3,40
5533031922107217408,Synne Fredriksen Moe,2026-04-22T05:30:26Z,2026-04-22,Team Training,7,120
5533031922107217408,Synne Fredriksen Moe,2026-04-22T05:30:35Z,2026-04-22,Strength Training,4,45
-4082303902532117088,Sarah Taylor,2026-04-22T05:30:49Z,2026-04-22,Team Training,6,120
7531602514129690519,Samantha St Croix,2026-04-22T05:30:49Z,2026-04-22,Team Training,3,120
-4082303902532117088,Sarah Taylor,2026-04-22T05:30:53Z,2026-04-22,Strength Training,4,45
19926514444831767,Sydney Kennedy,2026-04-22T05:30:56Z,2026-04-22,Team Training,6,120
-2963226652869151962,Addison Weichers,2026-04-22T05:32:39Z,2026-04-22,Team Training,4,120
5667974452808858358,Cho So-Hyun,2026-04-22T05:33:27Z,2026-04-22,Team Training,5,120
6807161988554525377,Eva Fremaux,2026-04-22T05:35:33Z,2026-04-22,Team Training,8,75
2844855238345729513,Karima Lemire,2026-04-22T05:35:51Z,2026-04-22,Team Training,7,120
-8380791422839676855,Julia Benati,2026-04-22T05:45:40Z,2026-04-22,Team Training,4,120
7782077126852709449,Kat Jordan,2026-04-22T05:47:44Z,2026-04-22,Team Training,4,120
7782077126852709449,Kat Jordan,2026-04-22T05:47:49Z,2026-04-22,Strength Training,4,60
2476743875210642344,Jordyn Rhodes,2026-04-22T05:47:57Z,2026-04-22,Team Training,4,120
2476743875210642344,Jordyn Rhodes,2026-04-22T05:48:03Z,2026-04-22,Strength Training,4,45
3361436320140038448,Megumi Nakamura,2026-04-22T05:49:19Z,2026-04-22,Team Training,4,120
3361436320140038448,Megumi Nakamura,2026-04-22T05:49:26Z,2026-04-22,Strength Training,2,60
1855868392623416549,Annika Leslie,2026-04-22T05:56:04Z,2026-04-22,Team Training,4,120
1855868392623416549,Annika Leslie,2026-04-22T05:56:10Z,2026-04-22,Strength Training,3,45
-9186825032477237927,Rylee Foster,2026-04-22T05:59:51Z,2026-04-22,Team Training,5,120
-1369841804813621849,Saorla Miller,2026-04-22T06:01:18Z,2026-04-22,Team Training,5,120
4750176437844838124,Anika Toth,2026-04-22T06:01:19Z,2026-04-22,Team Training,4,90
4750176437844838124,Anika Toth,2026-04-22T06:01:38Z,2026-04-22,Strength Training,3,45
5701711296024658395,Julianne Vallerand,2026-04-22T06:01:44Z,2026-04-22,Team Training,3,120
-7873248334552818988,Julie Pedersen,2026-04-22T06:30:15Z,2026-04-22,Strength Training,5,45
-7873248334552818988,Julie Pedersen,2026-04-22T06:30:21Z,2026-04-22,Team Training,4,120
7195328437649266170,Sheyenne Allen,2026-04-22T06:31:54Z,2026-04-22,Team Training,3,120
7195328437649266170,Sheyenne Allen,2026-04-22T06:32:17Z,2026-04-22,Strength Training,3,45
4458350051712250958,Naya Cardoza,2026-04-22T07:07:10Z,2026-04-22,Team Training,4,90
7207372854284632697,Tiffany Cameron,2026-04-22T07:57:36Z,2026-04-22,Team Training,5,90
19926514444831767,Sydney Kennedy,2026-04-23T02:11:54Z,2026-04-23,Strength Training,4,60
-2963226652869151962,Addison Weichers,2026-04-23T02:45:20Z,2026-04-23,Strength Training,3,45
-9186825032477237927,Rylee Foster,2026-04-23T02:45:26Z,2026-04-23,Strength Training,2,45
5533031922107217408,Synne Fredriksen Moe,2026-04-23T05:21:42Z,2026-04-23,Team Training,3,105
5533031922107217408,Synne Fredriksen Moe,2026-04-23T05:21:52Z,2026-04-23,Strength Training,3,45
4458350051712250958,Naya Cardoza,2026-04-23T05:22:22Z,2026-04-23,Team Training,4,105
3361436320140038448,Megumi Nakamura,2026-04-23T05:25:01Z,2026-04-23,Team Training,3,120
3361436320140038448,Megumi Nakamura,2026-04-23T05:25:06Z,2026-04-23,Strength Training,2,60
-2963226652869151962,Addison Weichers,2026-04-23T05:27:12Z,2026-04-23,Team Training,4,100
2844855238345729513,Karima Lemire,2026-04-23T05:27:15Z,2026-04-23,Team Training,4,120
2844855238345729513,Karima Lemire,2026-04-23T05:27:21Z,2026-04-23,Strength Training,2,30
-4082303902532117088,Sarah Taylor,2026-04-23T05:27:50Z,2026-04-23,Team Training,4,105
7531602514129690519,Samantha St Croix,2026-04-23T05:28:20Z,2026-04-23,Team Training,7,105
7531602514129690519,Samantha St Croix,2026-04-23T05:28:36Z,2026-04-23,Strength Training,5,45
-1369841804813621849,Saorla Miller,2026-04-23T05:34:20Z,2026-04-23,Team Training,4,105
-1369841804813621849,Saorla Miller,2026-04-23T05:34:32Z,2026-04-23,Strength Training,3,45
2476743875210642344,Jordyn Rhodes,2026-04-23T05:34:37Z,2026-04-23,Team Training,3,105
2476743875210642344,Jordyn Rhodes,2026-04-23T05:34:51Z,2026-04-23,Strength Training,2,45
7782077126852709449,Kat Jordan,2026-04-23T05:43:34Z,2026-04-23,Team Training,3,120
7782077126852709449,Kat Jordan,2026-04-23T05:43:39Z,2026-04-23,Strength Training,4,60
-6371583905756521099,Stella Downing,2026-04-23T05:51:10Z,2026-04-23,Team Training,3,45
-8380791422839676855,Julia Benati,2026-04-23T05:51:14Z,2026-04-23,Team Training,3,105
-9186825032477237927,Rylee Foster,2026-04-23T05:51:51Z,2026-04-23,Team Training,3,120
1855868392623416549,Annika Leslie,2026-04-23T05:52:11Z,2026-04-23,Team Training,3,120
-7873248334552818988,Julie Pedersen,2026-04-23T05:52:16Z,2026-04-23,Team Training,3,120
1855868392623416549,Annika Leslie,2026-04-23T05:52:18Z,2026-04-23,Strength Training,3,60
-7873248334552818988,Julie Pedersen,2026-04-23T05:52:32Z,2026-04-23,Strength Training,7,45
5667974452808858358,Cho So-Hyun,2026-04-23T06:20:30Z,2026-04-23,Strength Training,3,40
5667974452808858358,Cho So-Hyun,2026-04-23T06:20:35Z,2026-04-23,Team Training,3,110
7195328437649266170,Sheyenne Allen,2026-04-23T06:31:56Z,2026-04-23,Strength Training,3,40
7195328437649266170,Sheyenne Allen,2026-04-23T06:34:42Z,2026-04-23,Team Training,4,90
4750176437844838124,Anika Toth,2026-04-23T07:18:03Z,2026-04-23,Team Training,4,90
4750176437844838124,Anika Toth,2026-04-23T07:18:10Z,2026-04-23,Strength Training,3,45
19926514444831767,Sydney Kennedy,2026-04-23T07:55:53Z,2026-04-23,Team Training,5,90
7207372854284632697,Tiffany Cameron,2026-04-23T08:15:55Z,2026-04-23,Team Training,3,90
7207372854284632697,Tiffany Cameron,2026-04-23T08:16:10Z,2026-04-23,Strength Training,3,45
6807161988554525377,Eva Fremaux,2026-04-23T11:44:19Z,2026-04-23,Team Training,6,75
6807161988554525377,Eva Fremaux,2026-04-23T11:44:27Z,2026-04-23,Strength Training,4,45
5701711296024658395,Julianne Vallerand,2026-04-23T11:56:01Z,2026-04-23,Team Training,4,120
-1369841804813621849,Saorla Miller,2026-04-24T10:30:00Z,2026-04-24,Team Training,2,120
4458350051712250958,Naya Cardoza,2026-04-24T10:30:00Z,2026-04-24,Team Training,3,120
-4082303902532117088,Sarah Taylor,2026-04-24T10:30:00Z,2026-04-24,Team Training,3,120
-2963226652869151962,Addison Weichers,2026-04-24T10:30:00Z,2026-04-24,Team Training,2,90
3361436320140038448,Megumi Nakamura,2026-04-24T10:30:00Z,2026-04-24,Team Training,2,120
1855868392623416549,Annika Leslie,2026-04-24T03:33:22Z,2026-04-24,Team Training,2,90
-2963226652869151962,Addison Weichers,2026-04-24T03:33:43Z,2026-04-24,Team Training,2,90
5533031922107217408,Synne Fredriksen Moe,2026-04-24T03:34:04Z,2026-04-24,Team Training,3,60
-9186825032477237927,Rylee Foster,2026-04-24T04:03:08Z,2026-04-24,Team Training,3,60
5667974452808858358,Cho So-Hyun,2026-04-24T04:04:43Z,2026-04-24,Team Training,3,70
4458350051712250958,Naya Cardoza,2026-04-24T04:04:45Z,2026-04-24,Team Training,3,90
-7873248334552818988,Julie Pedersen,2026-04-24T04:04:48Z,2026-04-24,Team Training,3,75
5701711296024658395,Julianne Vallerand,2026-04-24T04:05:05Z,2026-04-24,Team Training,2,120
7207372854284632697,Tiffany Cameron,2026-04-24T04:05:17Z,2026-04-24,Team Training,3,70
-1369841804813621849,Saorla Miller,2026-04-24T04:19:50Z,2026-04-24,Team Training,2,90
4750176437844838124,Anika Toth,2026-04-24T04:45:07Z,2026-04-24,Team Training,4,90
19926514444831767,Sydney Kennedy,2026-04-24T05:14:00Z,2026-04-24,Team Training,2,90
-6371583905756521099,Stella Downing,2026-04-24T05:49:01Z,2026-04-24,Team Training,4,45
7782077126852709449,Kat Jordan,2026-04-24T06:00:30Z,2026-04-24,Team Training,2,90
7195328437649266170,Sheyenne Allen,2026-04-24T06:46:40Z,2026-04-24,Team Training,2,90
7531602514129690519,Samantha St Croix,2026-04-24T06:50:16Z,2026-04-24,Team Training,3,120
-8380791422839676855,Julia Benati,2026-04-24T08:24:27Z,2026-04-24,Team Training,2,90
2476743875210642344,Jordyn Rhodes,2026-04-24T08:25:15Z,2026-04-24,Team Training,2,90
6807161988554525377,Eva Fremaux,2026-04-24T10:48:54Z,2026-04-24,Team Training,7,60
-2963226652869151962,Addison Weichers,2026-04-25T01:00:00Z,2026-04-25,Game / Competition,6,100
1855868392623416549,Annika Leslie,2026-04-25T01:00:00Z,2026-04-25,Game / Competition,1,30
2844855238345729513,Karima Lemire,2026-04-25T01:00:00Z,2026-04-25,Game / Competition,8,160
-1369841804813621849,Saorla Miller,2026-04-25T01:00:00Z,2026-04-25,Game / Competition,8,160
7782077126852709449,Kat Jordan,2026-04-25T01:00:00Z,2026-04-25,Game / Competition,6,160
6807161988554525377,Eva Fremaux,2026-04-25T01:00:00Z,2026-04-25,Game / Competition,1,160
4458350051712250958,Naya Cardoza,2026-04-25T01:00:00Z,2026-04-25,Game / Competition,5,160
19926514444831767,Sydney Kennedy,2026-04-25T06:27:15Z,2026-04-25,Game / Competition,7,65
-8380791422839676855,Julia Benati,2026-04-25T06:30:01Z,2026-04-25,Game / Competition,6,75
2476743875210642344,Jordyn Rhodes,2026-04-25T06:30:06Z,2026-04-25,Game / Competition,4,15
4458350051712250958,Naya Cardoza,2026-04-25T06:30:12Z,2026-04-25,Game / Competition,5,90
7531602514129690519,Samantha St Croix,2026-04-25T06:30:13Z,2026-04-25,Game / Competition,1,120
-2963226652869151962,Addison Weichers,2026-04-25T06:30:15Z,2026-04-25,Game / Competition,6,105
5533031922107217408,Synne Fredriksen Moe,2026-04-25T06:30:34Z,2026-04-25,Game / Competition,1,1
5701711296024658395,Julianne Vallerand,2026-04-25T06:33:57Z,2026-04-25,Game / Competition,8,120
-7873248334552818988,Julie Pedersen,2026-04-25T06:39:17Z,2026-04-25,Game / Competition,1,1
-4082303902532117088,Sarah Taylor,2026-04-25T06:40:22Z,2026-04-25,Game / Competition,5,15
7207372854284632697,Tiffany Cameron,2026-04-25T06:43:15Z,2026-04-25,Team Training,3,90
2844855238345729513,Karima Lemire,2026-04-25T06:49:58Z,2026-04-25,Game / Competition,8,90
5667974452808858358,Cho So-Hyun,2026-04-25T06:50:02Z,2026-04-25,Team Training,9,120
4750176437844838124,Anika Toth,2026-04-25T07:14:05Z,2026-04-25,Game / Competition,1,30
7195328437649266170,Sheyenne Allen,2026-04-25T07:24:26Z,2026-04-25,Game / Competition,7,90
-9186825032477237927,Rylee Foster,2026-04-25T08:00:11Z,2026-04-25,Game / Competition,7,90
6807161988554525377,Eva Fremaux,2026-04-25T09:17:51Z,2026-04-25,Game / Competition,0,10
7782077126852709449,Kat Jordan,2026-04-25T11:09:03Z,2026-04-25,Game / Competition,6,120
3361436320140038448,Megumi Nakamura,2026-04-25T11:25:48Z,2026-04-25,Team Training,2,30
3361436320140038448,Megumi Nakamura,2026-04-25T11:25:59Z,2026-04-25,Game / Competition,10,60
-6371583905756521099,Stella Downing,2026-04-26T05:05:17Z,2026-04-26,Strength Training,3,45
19926514444831767,Sydney Kennedy,2026-04-26T05:16:28Z,2026-04-26,Strength Training,4,45
19926514444831767,Sydney Kennedy,2026-04-26T05:49:51Z,2026-04-26,Recovery,1,45
1855868392623416549,Annika Leslie,2026-04-26T05:50:19Z,2026-04-26,Strength Training,3,60
7531602514129690519,Samantha St Croix,2026-04-26T05:50:19Z,2026-04-26,Strength Training,5,60
7531602514129690519,Samantha St Croix,2026-04-26T05:50:27Z,2026-04-26,Recovery,3,60
1855868392623416549,Annika Leslie,2026-04-26T05:50:27Z,2026-04-26,Recovery,2,30
5667974452808858358,Cho So-Hyun,2026-04-26T05:51:05Z,2026-04-26,Strength Training,4,40
5667974452808858358,Cho So-Hyun,2026-04-26T05:51:31Z,2026-04-26,Recovery,1,30
4750176437844838124,Anika Toth,2026-04-26T05:53:00Z,2026-04-26,Strength Training,4,60
3361436320140038448,Megumi Nakamura,2026-04-26T05:56:17Z,2026-04-26,Strength Training,3,60
7782077126852709449,Kat Jordan,2026-04-26T05:56:22Z,2026-04-26,Recovery,3,30
7207372854284632697,Tiffany Cameron,2026-04-26T05:58:51Z,2026-04-26,Strength Training,4,60
7207372854284632697,Tiffany Cameron,2026-04-26T05:59:38Z,2026-04-26,Recovery,1,25
2476743875210642344,Jordyn Rhodes,2026-04-26T06:10:37Z,2026-04-26,Strength Training,3,60
2476743875210642344,Jordyn Rhodes,2026-04-26T06:10:44Z,2026-04-26,Recovery,1,30
7782077126852709449,Kat Jordan,2026-04-26T06:10:59Z,2026-04-26,Strength Training,5,60
6807161988554525377,Eva Fremaux,2026-04-26T06:11:07Z,2026-04-26,Strength Training,4,60
5533031922107217408,Synne Fredriksen Moe,2026-04-26T06:12:34Z,2026-04-26,Recovery,1,20
5533031922107217408,Synne Fredriksen Moe,2026-04-26T06:12:42Z,2026-04-26,Strength Training,5,90
-7873248334552818988,Julie Pedersen,2026-04-26T06:12:47Z,2026-04-26,Recovery,2,30
-7873248334552818988,Julie Pedersen,2026-04-26T06:13:10Z,2026-04-26,Strength Training,7,50
-1369841804813621849,Saorla Miller,2026-04-26T06:14:57Z,2026-04-26,Recovery,1,30
-1369841804813621849,Saorla Miller,2026-04-26T06:15:13Z,2026-04-26,Strength Training,4,60
2844855238345729513,Karima Lemire,2026-04-26T06:16:18Z,2026-04-26,Strength Training,5,45
-8380791422839676855,Julia Benati,2026-04-26T06:18:08Z,2026-04-26,Strength Training,2,75
7195328437649266170,Sheyenne Allen,2026-04-26T06:18:20Z,2026-04-26,Strength Training,4,45
7195328437649266170,Sheyenne Allen,2026-04-26T06:18:33Z,2026-04-26,Recovery,1,10
-4082303902532117088,Sarah Taylor,2026-04-26T06:21:17Z,2026-04-26,Recovery,4,45
4458350051712250958,Naya Cardoza,2026-04-26T06:21:24Z,2026-04-26,Recovery,4,60
-2963226652869151962,Addison Weichers,2026-04-26T06:37:42Z,2026-04-26,Recovery,4,60
-9186825032477237927,Rylee Foster,2026-04-26T06:47:24Z,2026-04-26,Recovery,2,90
5701711296024658395,Julianne Vallerand,2026-04-26T07:40:10Z,2026-04-26,Strength Training,3,60
5701711296024658395,Julianne Vallerand,2026-04-26T07:40:24Z,2026-04-26,Recovery,1,60
5667974452808858358,Cho So-Hyun,2026-04-27T06:29:43Z,2026-04-27,Recovery,0,1
7207372854284632697,Tiffany Cameron,2026-04-27T09:57:08Z,2026-04-27,Recovery,2,30
7531602514129690519,Samantha St Croix,2026-04-28T05:01:59Z,2026-04-28,Team Training,4,90
5701711296024658395,Julianne Vallerand,2026-04-28T05:02:01Z,2026-04-28,Team Training,2,60
-2963226652869151962,Addison Weichers,2026-04-28T05:02:02Z,2026-04-28,Team Training,4,65
5667974452808858358,Cho So-Hyun,2026-04-28T05:02:03Z,2026-04-28,Team Training,2,50
5701711296024658395,Julianne Vallerand,2026-04-28T05:02:07Z,2026-04-28,Strength Training,1,30
6807161988554525377,Eva Fremaux,2026-04-28T05:02:18Z,2026-04-28,Team Training,7,60
5533031922107217408,Synne Fredriksen Moe,2026-04-28T05:02:25Z,2026-04-28,Team Training,4,90
19926514444831767,Sydney Kennedy,2026-04-28T05:02:35Z,2026-04-28,Team Training,4,75
-9186825032477237927,Rylee Foster,2026-04-28T05:02:44Z,2026-04-28,Team Training,0,90
3361436320140038448,Megumi Nakamura,2026-04-28T05:05:54Z,2026-04-28,Team Training,4,120
2844855238345729513,Karima Lemire,2026-04-28T05:09:25Z,2026-04-28,Team Training,2,60
-4082303902532117088,Sarah Taylor,2026-04-28T05:11:59Z,2026-04-28,Team Training,5,90
4458350051712250958,Naya Cardoza,2026-04-28T05:12:36Z,2026-04-28,Team Training,4,60
-1369841804813621849,Saorla Miller,2026-04-28T05:17:56Z,2026-04-28,Team Training,3,90
-8380791422839676855,Julia Benati,2026-04-28T05:25:41Z,2026-04-28,Team Training,2,90
7782077126852709449,Kat Jordan,2026-04-28T05:37:56Z,2026-04-28,Team Training,4,120
1855868392623416549,Annika Leslie,2026-04-28T05:40:32Z,2026-04-28,Team Training,4,90
-7873248334552818988,Julie Pedersen,2026-04-28T05:41:02Z,2026-04-28,Team Training,7,90
4750176437844838124,Anika Toth,2026-04-28T05:49:04Z,2026-04-28,Team Training,4,90
2476743875210642344,Jordyn Rhodes,2026-04-28T06:00:30Z,2026-04-28,Team Training,4,120
7195328437649266170,Sheyenne Allen,2026-04-28T06:26:59Z,2026-04-28,Team Training,3,60
7207372854284632697,Tiffany Cameron,2026-04-28T07:18:02Z,2026-04-28,Team Training,3,80
-6371583905756521099,Stella Downing,2026-04-28T10:12:54Z,2026-04-28,Team Training,4,45
19926514444831767,Sydney Kennedy,2026-04-29T02:23:44Z,2026-04-29,Strength Training,5,45
7531602514129690519,Samantha St Croix,2026-04-29T02:24:32Z,2026-04-29,Strength Training,5,60
-2963226652869151962,Addison Weichers,2026-04-29T02:26:21Z,2026-04-29,Strength Training,5,50
7207372854284632697,Tiffany Cameron,2026-04-29T02:30:34Z,2026-04-29,Strength Training,4,60
1855868392623416549,Annika Leslie,2026-04-29T02:32:14Z,2026-04-29,Strength Training,4,60
-9186825032477237927,Rylee Foster,2026-04-29T02:32:40Z,2026-04-29,Strength Training,6,60
-4082303902532117088,Sarah Taylor,2026-04-29T02:54:58Z,2026-04-29,Strength Training,5,45
7531602514129690519,Samantha St Croix,2026-04-29T05:03:58Z,2026-04-29,Team Training,5,90
-4082303902532117088,Sarah Taylor,2026-04-29T05:03:58Z,2026-04-29,Team Training,4,60
4458350051712250958,Naya Cardoza,2026-04-29T05:04:24Z,2026-04-29,Team Training,5,90
4458350051712250958,Naya Cardoza,2026-04-29T05:04:31Z,2026-04-29,Strength Training,5,60
5533031922107217408,Synne Fredriksen Moe,2026-04-29T05:05:37Z,2026-04-29,Team Training,5,90
-7873248334552818988,Julie Pedersen,2026-04-29T05:05:38Z,2026-04-29,Strength Training,7,60
-2963226652869151962,Addison Weichers,2026-04-29T05:05:39Z,2026-04-29,Team Training,3,90
-7873248334552818988,Julie Pedersen,2026-04-29T05:05:49Z,2026-04-29,Team Training,5,90
5533031922107217408,Synne Fredriksen Moe,2026-04-29T05:05:52Z,2026-04-29,Strength Training,5,45
-9186825032477237927,Rylee Foster,2026-04-29T05:06:18Z,2026-04-29,Team Training,5,90
-8380791422839676855,Julia Benati,2026-04-29T05:08:29Z,2026-04-29,Team Training,2,90
-8380791422839676855,Julia Benati,2026-04-29T05:08:58Z,2026-04-29,Strength Training,3,45
2844855238345729513,Karima Lemire,2026-04-29T05:15:30Z,2026-04-29,Team Training,5,90
6807161988554525377,Eva Fremaux,2026-04-29T05:15:36Z,2026-04-29,Team Training,10,90
2844855238345729513,Karima Lemire,2026-04-29T05:15:44Z,2026-04-29,Strength Training,5,45
6807161988554525377,Eva Fremaux,2026-04-29T05:15:48Z,2026-04-29,Strength Training,5,60
5667974452808858358,Cho So-Hyun,2026-04-29T05:36:20Z,2026-04-29,Strength Training,3,40
5667974452808858358,Cho So-Hyun,2026-04-29T05:36:41Z,2026-04-29,Team Training,4,90
2476743875210642344,Jordyn Rhodes,2026-04-29T05:40:33Z,2026-04-29,Team Training,3,90
7782077126852709449,Kat Jordan,2026-04-29T05:40:40Z,2026-04-29,Strength Training,6,60
2476743875210642344,Jordyn Rhodes,2026-04-29T05:40:41Z,2026-04-29,Strength Training,4,45
5701711296024658395,Julianne Vallerand,2026-04-29T05:40:45Z,2026-04-29,Team Training,3,120
7195328437649266170,Sheyenne Allen,2026-04-29T05:40:48Z,2026-04-29,Strength Training,4,45
7782077126852709449,Kat Jordan,2026-04-29T05:40:50Z,2026-04-29,Team Training,6,120
5701711296024658395,Julianne Vallerand,2026-04-29T05:41:07Z,2026-04-29,Strength Training,4,60
7195328437649266170,Sheyenne Allen,2026-04-29T05:42:05Z,2026-04-29,Team Training,3,96
7207372854284632697,Tiffany Cameron,2026-04-29T05:50:54Z,2026-04-29,Team Training,4,90
3361436320140038448,Megumi Nakamura,2026-04-29T05:51:01Z,2026-04-29,Team Training,3,120
3361436320140038448,Megumi Nakamura,2026-04-29T05:51:04Z,2026-04-29,Strength Training,2,60
19926514444831767,Sydney Kennedy,2026-04-29T05:51:08Z,2026-04-29,Team Training,6,105
-1369841804813621849,Saorla Miller,2026-04-29T05:51:11Z,2026-04-29,Strength Training,5,60
-1369841804813621849,Saorla Miller,2026-04-29T05:51:22Z,2026-04-29,Team Training,5,90
4750176437844838124,Anika Toth,2026-04-29T05:59:35Z,2026-04-29,Team Training,5,90
4750176437844838124,Anika Toth,2026-04-29T05:59:40Z,2026-04-29,Strength Training,3,45
1855868392623416549,Annika Leslie,2026-04-29T10:33:16Z,2026-04-29,Team Training,4,90
-6371583905756521099,Stella Downing,2026-04-29T11:47:34Z,2026-04-29,Team Training,7,60
-6371583905756521099,Stella Downing,2026-04-29T11:47:43Z,2026-04-29,Strength Training,4,45
19926514444831767,Sydney Kennedy,2026-04-30T02:07:14Z,2026-04-30,Strength Training,3,45
-8380791422839676855,Julia Benati,2026-04-30T02:18:13Z,2026-04-30,Strength Training,3,30
-9186825032477237927,Rylee Foster,2026-04-30T02:19:26Z,2026-04-30,Strength Training,3,45
5701711296024658395,Julianne Vallerand,2026-04-30T02:24:22Z,2026-04-30,Strength Training,3,60
7207372854284632697,Tiffany Cameron,2026-04-30T02:25:42Z,2026-04-30,Strength Training,4,60
-1369841804813621849,Saorla Miller,2026-04-30T02:26:00Z,2026-04-30,Strength Training,4,60
-2963226652869151962,Addison Weichers,2026-04-30T02:34:00Z,2026-04-30,Strength Training,3,45
-6371583905756521099,Stella Downing,2026-04-30T04:07:12Z,2026-04-30,Strength Training,2,45
-6371583905756521099,Stella Downing,2026-04-30T04:07:15Z,2026-04-30,Team Training,0,5
5533031922107217408,Synne Fredriksen Moe,2026-04-30T05:45:13Z,2026-04-30,Team Training,8,135
5533031922107217408,Synne Fredriksen Moe,2026-04-30T05:45:28Z,2026-04-30,Strength Training,4,50
-2963226652869151962,Addison Weichers,2026-04-30T05:46:16Z,2026-04-30,Team Training,6,130
4458350051712250958,Naya Cardoza,2026-04-30T05:46:27Z,2026-04-30,Team Training,6,135
7531602514129690519,Samantha St Croix,2026-04-30T05:46:29Z,2026-04-30,Strength Training,4,60
7531602514129690519,Samantha St Croix,2026-04-30T05:46:35Z,2026-04-30,Team Training,8,120
4458350051712250958,Naya Cardoza,2026-04-30T05:46:41Z,2026-04-30,Strength Training,5,60
19926514444831767,Sydney Kennedy,2026-04-30T05:46:47Z,2026-04-30,Team Training,7,135
5701711296024658395,Julianne Vallerand,2026-04-30T05:46:54Z,2026-04-30,Team Training,5,120
-4082303902532117088,Sarah Taylor,2026-04-30T05:50:40Z,2026-04-30,Team Training,6,120
-8380791422839676855,Julia Benati,2026-04-30T05:50:44Z,2026-04-30,Team Training,6,150
2476743875210642344,Jordyn Rhodes,2026-04-30T05:51:06Z,2026-04-30,Team Training,6,150
7207372854284632697,Tiffany Cameron,2026-04-30T05:51:09Z,2026-04-30,Team Training,6,140
2476743875210642344,Jordyn Rhodes,2026-04-30T05:51:15Z,2026-04-30,Strength Training,3,45
1855868392623416549,Annika Leslie,2026-04-30T05:57:13Z,2026-04-30,Strength Training,3,60
1855868392623416549,Annika Leslie,2026-04-30T05:57:17Z,2026-04-30,Team Training,6,135
6807161988554525377,Eva Fremaux,2026-04-30T05:59:54Z,2026-04-30,Strength Training,5,60
6807161988554525377,Eva Fremaux,2026-04-30T06:00:06Z,2026-04-30,Team Training,7,150
2844855238345729513,Karima Lemire,2026-04-30T06:01:25Z,2026-04-30,Team Training,7,120
2844855238345729513,Karima Lemire,2026-04-30T06:01:29Z,2026-04-30,Strength Training,4,45
3361436320140038448,Megumi Nakamura,2026-04-30T06:02:07Z,2026-04-30,Team Training,6,120
3361436320140038448,Megumi Nakamura,2026-04-30T06:02:10Z,2026-04-30,Strength Training,3,60
5667974452808858358,Cho So-Hyun,2026-04-30T06:03:12Z,2026-04-30,Strength Training,3,40
5667974452808858358,Cho So-Hyun,2026-04-30T06:03:34Z,2026-04-30,Team Training,5,100
-1369841804813621849,Saorla Miller,2026-04-30T06:07:17Z,2026-04-30,Team Training,6,135
-9186825032477237927,Rylee Foster,2026-04-30T06:08:25Z,2026-04-30,Team Training,6,135
7782077126852709449,Kat Jordan,2026-04-30T06:13:08Z,2026-04-30,Team Training,1,10
7782077126852709449,Kat Jordan,2026-04-30T06:13:29Z,2026-04-30,Strength Training,6,60
7195328437649266170,Sheyenne Allen,2026-04-30T06:14:03Z,2026-04-30,Strength Training,4,45
7195328437649266170,Sheyenne Allen,2026-04-30T06:14:20Z,2026-04-30,Team Training,5,160
-7873248334552818988,Julie Pedersen,2026-04-30T06:45:23Z,2026-04-30,Strength Training,6,50
-7873248334552818988,Julie Pedersen,2026-04-30T06:45:46Z,2026-04-30,Team Training,7,135
4750176437844838124,Anika Toth,2026-04-30T07:49:02Z,2026-04-30,Team Training,6,120
4750176437844838124,Anika Toth,2026-04-30T07:49:05Z,2026-04-30,Strength Training,3,60
5667974452808858358,Cho So-Hyun,2026-05-01T02:01:03Z,2026-05-01,Strength Training,2,40
-9186825032477237927,Rylee Foster,2026-05-01T02:12:54Z,2026-05-01,Strength Training,3,45
7207372854284632697,Tiffany Cameron,2026-05-01T02:16:25Z,2026-05-01,Strength Training,3,45
7531602514129690519,Samantha St Croix,2026-05-01T02:16:30Z,2026-05-01,Strength Training,3,45
-8380791422839676855,Julia Benati,2026-05-01T02:18:26Z,2026-05-01,Strength Training,1,30
-6371583905756521099,Stella Downing,2026-05-01T02:18:36Z,2026-05-01,Strength Training,4,45
-4082303902532117088,Sarah Taylor,2026-05-01T02:28:47Z,2026-05-01,Strength Training,4,45
-2963226652869151962,Addison Weichers,2026-05-01T02:32:28Z,2026-05-01,Strength Training,2,40
5701711296024658395,Julianne Vallerand,2026-05-01T02:33:04Z,2026-05-01,Strength Training,2,60
5701711296024658395,Julianne Vallerand,2026-05-01T05:13:50Z,2026-05-01,Team Training,4,120
-1369841804813621849,Saorla Miller,2026-05-01T05:15:35Z,2026-05-01,Strength Training,2,45
-1369841804813621849,Saorla Miller,2026-05-01T05:16:04Z,2026-05-01,Team Training,5,105
-8380791422839676855,Julia Benati,2026-05-01T05:16:10Z,2026-05-01,Team Training,3,90
-2963226652869151962,Addison Weichers,2026-05-01T05:16:24Z,2026-05-01,Team Training,4,100
7531602514129690519,Samantha St Croix,2026-05-01T05:16:27Z,2026-05-01,Team Training,6,150
5667974452808858358,Cho So-Hyun,2026-05-01T05:19:27Z,2026-05-01,Team Training,4,105
-4082303902532117088,Sarah Taylor,2026-05-01T05:19:57Z,2026-05-01,Team Training,4,105
4458350051712250958,Naya Cardoza,2026-05-01T05:20:06Z,2026-05-01,Strength Training,3,60
4458350051712250958,Naya Cardoza,2026-05-01T05:20:10Z,2026-05-01,Team Training,5,90
6807161988554525377,Eva Fremaux,2026-05-01T05:28:03Z,2026-05-01,Team Training,5,105
6807161988554525377,Eva Fremaux,2026-05-01T05:28:18Z,2026-05-01,Strength Training,4,60
-9186825032477237927,Rylee Foster,2026-05-01T05:39:06Z,2026-05-01,Team Training,5,90
2476743875210642344,Jordyn Rhodes,2026-05-01T05:39:42Z,2026-05-01,Team Training,3,90
2476743875210642344,Jordyn Rhodes,2026-05-01T05:39:52Z,2026-05-01,Strength Training,3,45
7782077126852709449,Kat Jordan,2026-05-01T05:47:26Z,2026-05-01,Recovery,1,120
1855868392623416549,Annika Leslie,2026-05-01T05:47:49Z,2026-05-01,Strength Training,2,45
-6371583905756521099,Stella Downing,2026-05-01T05:47:58Z,2026-05-01,Team Training,2,15
19926514444831767,Sydney Kennedy,2026-05-01T05:47:59Z,2026-05-01,Strength Training,2,35
-7873248334552818988,Julie Pedersen,2026-05-01T05:48:00Z,2026-05-01,Strength Training,4,45
2844855238345729513,Karima Lemire,2026-05-01T05:48:06Z,2026-05-01,Team Training,4,90
1855868392623416549,Annika Leslie,2026-05-01T05:48:10Z,2026-05-01,Team Training,3,100
19926514444831767,Sydney Kennedy,2026-05-01T05:48:10Z,2026-05-01,Team Training,5,90
3361436320140038448,Megumi Nakamura,2026-05-01T05:48:13Z,2026-05-01,Team Training,7,120
-7873248334552818988,Julie Pedersen,2026-05-01T05:48:14Z,2026-05-01,Team Training,3,100
3361436320140038448,Megumi Nakamura,2026-05-01T05:48:21Z,2026-05-01,Strength Training,2,60
2844855238345729513,Karima Lemire,2026-05-01T05:49:30Z,2026-05-01,Strength Training,3,45
5533031922107217408,Synne Fredriksen Moe,2026-05-01T06:00:39Z,2026-05-01,Team Training,4,120
7195328437649266170,Sheyenne Allen,2026-05-01T06:00:47Z,2026-05-01,Team Training,3,120
5533031922107217408,Synne Fredriksen Moe,2026-05-01T06:00:49Z,2026-05-01,Strength Training,4,30
7195328437649266170,Sheyenne Allen,2026-05-01T06:05:44Z,2026-05-01,Strength Training,3,40
4750176437844838124,Anika Toth,2026-05-01T06:17:06Z,2026-05-01,Team Training,4,90
4750176437844838124,Anika Toth,2026-05-01T06:17:14Z,2026-05-01,Strength Training,2,30
7207372854284632697,Tiffany Cameron,2026-05-01T06:24:32Z,2026-05-01,Team Training,4,105
19926514444831767,Sydney Kennedy,2026-05-02T12:00:00Z,2026-05-02,Team Training,2,60
-4082303902532117088,Sarah Taylor,2026-05-02T08:58:53Z,2026-05-02,Team Training,3,60
6807161988554525377,Eva Fremaux,2026-05-02T08:58:57Z,2026-05-02,Team Training,4,60
5667974452808858358,Cho So-Hyun,2026-05-02T08:58:58Z,2026-05-02,Team Training,2,60
7531602514129690519,Samantha St Croix,2026-05-02T08:59:02Z,2026-05-02,Team Training,3,90
5701711296024658395,Julianne Vallerand,2026-05-02T08:59:11Z,2026-05-02,Team Training,2,90
3361436320140038448,Megumi Nakamura,2026-05-02T08:59:16Z,2026-05-02,Team Training,2,60
-9186825032477237927,Rylee Foster,2026-05-02T08:59:19Z,2026-05-02,Team Training,3,90
4458350051712250958,Naya Cardoza,2026-05-02T09:02:20Z,2026-05-02,Team Training,4,90
5533031922107217408,Synne Fredriksen Moe,2026-05-02T09:02:48Z,2026-05-02,Team Training,3,60
7195328437649266170,Sheyenne Allen,2026-05-02T09:02:57Z,2026-05-02,Team Training,1,75
2844855238345729513,Karima Lemire,2026-05-02T09:04:03Z,2026-05-02,Team Training,2,90
-7873248334552818988,Julie Pedersen,2026-05-02T09:12:17Z,2026-05-02,Team Training,3,75
-1369841804813621849,Saorla Miller,2026-05-02T09:13:51Z,2026-05-02,Team Training,3,90
7207372854284632697,Tiffany Cameron,2026-05-02T10:00:51Z,2026-05-02,Team Training,3,70
2476743875210642344,Jordyn Rhodes,2026-05-02T10:01:17Z,2026-05-02,Team Training,2,90
4750176437844838124,Anika Toth,2026-05-02T10:06:06Z,2026-05-02,Team Training,4,60
4750176437844838124,Anika Toth,2026-05-03T12:00:00Z,2026-05-03,Game / Competition,1,160
4458350051712250958,Naya Cardoza,2026-05-03T12:00:00Z,2026-05-03,Game / Competition,7,160
1855868392623416549,Annika Leslie,2026-05-03T12:00:00Z,2026-05-03,Game / Competition,0,4
1855868392623416549,Annika Leslie,2026-05-03T12:00:00Z,2026-05-03,Team Training,3,30
5701711296024658395,Julianne Vallerand,2026-05-03T12:00:00Z,2026-05-03,Game / Competition,8,160
-1369841804813621849,Saorla Miller,2026-05-03T12:00:00Z,2026-05-03,Game / Competition,8,160
7195328437649266170,Sheyenne Allen,2026-05-03T06:07:19Z,2026-05-03,Game / Competition,7,90
7531602514129690519,Samantha St Croix,2026-05-03T06:35:12Z,2026-05-03,Game / Competition,1,120
5533031922107217408,Synne Fredriksen Moe,2026-05-03T06:41:23Z,2026-05-03,Game / Competition,1,1
-2963226652869151962,Addison Weichers,2026-05-03T06:41:28Z,2026-05-03,Game / Competition,8,105
-7873248334552818988,Julie Pedersen,2026-05-03T06:45:43Z,2026-05-03,Game / Competition,7,30
-9186825032477237927,Rylee Foster,2026-05-03T06:49:15Z,2026-05-03,Game / Competition,8,90
2476743875210642344,Jordyn Rhodes,2026-05-03T07:03:05Z,2026-05-03,Game / Competition,6,45
3361436320140038448,Megumi Nakamura,2026-05-03T07:03:20Z,2026-05-03,Team Training,2,30
3361436320140038448,Megumi Nakamura,2026-05-03T07:03:31Z,2026-05-03,Game / Competition,10,45
-1369841804813621849,Saorla Miller,2026-05-03T07:14:45Z,2026-05-03,Game / Competition,8,85
-4082303902532117088,Sarah Taylor,2026-05-03T07:30:19Z,2026-05-03,Game / Competition,4,10
5667974452808858358,Cho So-Hyun,2026-05-03T07:30:20Z,2026-05-03,Team Training,7,90
19926514444831767,Sydney Kennedy,2026-05-03T07:37:44Z,2026-05-03,Game / Competition,6,60
7207372854284632697,Tiffany Cameron,2026-05-03T08:01:26Z,2026-05-03,Game / Competition,7,30
-8380791422839676855,Julia Benati,2026-05-03T08:01:30Z,2026-05-03,Game / Competition,6,60
4458350051712250958,Naya Cardoza,2026-05-03T09:13:58Z,2026-05-03,Game / Competition,7,90
2844855238345729513,Karima Lemire,2026-05-03T10:25:45Z,2026-05-03,Game / Competition,8,90
6807161988554525377,Eva Fremaux,2026-05-03T10:59:38Z,2026-05-03,Game / Competition,1,1
-4082303902532117088,Sarah Taylor,2026-05-04T04:12:01Z,2026-05-04,Team Training,8,60
-6371583905756521099,Stella Downing,2026-05-04T04:17:19Z,2026-05-04,Team Training,3,30
-6371583905756521099,Stella Downing,2026-05-04T04:17:27Z,2026-05-04,Strength Training,3,45
-8380791422839676855,Julia Benati,2026-05-04T04:17:43Z,2026-05-04,Strength Training,2,45
7531602514129690519,Samantha St Croix,2026-05-04T04:29:14Z,2026-05-04,Team Training,5,60
19926514444831767,Sydney Kennedy,2026-05-04T04:58:23Z,2026-05-04,Strength Training,5,45
6807161988554525377,Eva Fremaux,2026-05-04T05:03:37Z,2026-05-04,Team Training,8,90
6807161988554525377,Eva Fremaux,2026-05-04T05:03:42Z,2026-05-04,Strength Training,5,60
-9186825032477237927,Rylee Foster,2026-05-04T05:09:32Z,2026-05-04,Recovery,0,30
-9186825032477237927,Rylee Foster,2026-05-04T05:09:40Z,2026-05-04,Strength Training,3,45
5667974452808858358,Cho So-Hyun,2026-05-04T05:23:57Z,2026-05-04,Strength Training,3,30
5667974452808858358,Cho So-Hyun,2026-05-04T05:24:06Z,2026-05-04,Recovery,1,40
7531602514129690519,Samantha St Croix,2026-05-04T05:25:52Z,2026-05-04,Strength Training,5,60
7531602514129690519,Samantha St Croix,2026-05-04T05:25:56Z,2026-05-04,Recovery,3,45
19926514444831767,Sydney Kennedy,2026-05-04T05:28:05Z,2026-05-04,Recovery,1,30
-2963226652869151962,Addison Weichers,2026-05-04T05:28:49Z,2026-05-04,Strength Training,4,30
-2963226652869151962,Addison Weichers,2026-05-04T05:28:57Z,2026-05-04,Recovery,1,30
-6371583905756521099,Stella Downing,2026-05-04T05:28:58Z,2026-05-04,Recovery,1,20
6807161988554525377,Eva Fremaux,2026-05-04T05:29:00Z,2026-05-04,Recovery,1,45
2844855238345729513,Karima Lemire,2026-05-04T05:29:00Z,2026-05-04,Strength Training,5,45
-8380791422839676855,Julia Benati,2026-05-04T05:29:03Z,2026-05-04,Recovery,1,10
3361436320140038448,Megumi Nakamura,2026-05-04T05:29:05Z,2026-05-04,Team Training,7,60
2844855238345729513,Karima Lemire,2026-05-04T05:29:06Z,2026-05-04,Recovery,1,30
3361436320140038448,Megumi Nakamura,2026-05-04T05:29:08Z,2026-05-04,Strength Training,3,1
1855868392623416549,Annika Leslie,2026-05-04T05:29:12Z,2026-05-04,Team Training,7,60
-8380791422839676855,Julia Benati,2026-05-04T05:29:19Z,2026-05-04,Team Training,0,1
2476743875210642344,Jordyn Rhodes,2026-05-04T05:29:21Z,2026-05-04,Team Training,3,60
1855868392623416549,Annika Leslie,2026-05-04T05:29:23Z,2026-05-04,Strength Training,4,30
3361436320140038448,Megumi Nakamura,2026-05-04T05:29:25Z,2026-05-04,Recovery,0,30
1855868392623416549,Annika Leslie,2026-05-04T05:29:32Z,2026-05-04,Recovery,1,30
2476743875210642344,Jordyn Rhodes,2026-05-04T05:29:33Z,2026-05-04,Strength Training,3,45
2476743875210642344,Jordyn Rhodes,2026-05-04T05:29:42Z,2026-05-04,Recovery,1,30
5701711296024658395,Julianne Vallerand,2026-05-04T05:30:00Z,2026-05-04,Strength Training,4,60
4750176437844838124,Anika Toth,2026-05-04T05:30:12Z,2026-05-04,Team Training,4,60
4458350051712250958,Naya Cardoza,2026-05-04T05:30:19Z,2026-05-04,Strength Training,5,60
4458350051712250958,Naya Cardoza,2026-05-04T05:30:30Z,2026-05-04,Recovery,3,60
4750176437844838124,Anika Toth,2026-05-04T05:30:33Z,2026-05-04,Strength Training,4,45
4750176437844838124,Anika Toth,2026-05-04T05:30:41Z,2026-05-04,Recovery,1,30
7195328437649266170,Sheyenne Allen,2026-05-04T05:31:05Z,2026-05-04,Recovery,2,30
5701711296024658395,Julianne Vallerand,2026-05-04T05:31:10Z,2026-05-04,Recovery,1,60
7195328437649266170,Sheyenne Allen,2026-05-04T05:31:14Z,2026-05-04,Strength Training,5,30
-7873248334552818988,Julie Pedersen,2026-05-04T05:31:26Z,2026-05-04,Team Training,1,45
5533031922107217408,Synne Fredriksen Moe,2026-05-04T05:32:00Z,2026-05-04,Team Training,5,60
5533031922107217408,Synne Fredriksen Moe,2026-05-04T05:32:19Z,2026-05-04,Strength Training,5,60
7782077126852709449,Kat Jordan,2026-05-04T05:45:01Z,2026-05-04,Strength Training,1,60
-4082303902532117088,Sarah Taylor,2026-05-04T05:49:03Z,2026-05-04,Strength Training,4,60
-4082303902532117088,Sarah Taylor,2026-05-04T05:49:11Z,2026-05-04,Recovery,2,45
-7873248334552818988,Julie Pedersen,2026-05-04T06:23:44Z,2026-05-04,Strength Training,7,40
-7873248334552818988,Julie Pedersen,2026-05-04T06:24:17Z,2026-05-04,Recovery,1,25
-1369841804813621849,Saorla Miller,2026-05-04T06:43:52Z,2026-05-04,Strength Training,4,60
-1369841804813621849,Saorla Miller,2026-05-04T06:44:00Z,2026-05-04,Recovery,2,45
7207372854284632697,Tiffany Cameron,2026-05-04T10:44:02Z,2026-05-04,Recovery,2,60
7207372854284632697,Tiffany Cameron,2026-05-05T12:00:00Z,2026-05-05,Recovery,2,35
7195328437649266170,Sheyenne Allen,2026-05-05T12:00:00Z,2026-05-05,Recovery,1,30
5667974452808858358,Cho So-Hyun,2026-05-05T03:37:21Z,2026-05-05,Recovery,0,1
5533031922107217408,Synne Fredriksen Moe,2026-05-06T05:08:53Z,2026-05-06,Team Training,3,90
4458350051712250958,Naya Cardoza,2026-05-06T05:10:17Z,2026-05-06,Team Training,4,60
2844855238345729513,Karima Lemire,2026-05-06T05:10:24Z,2026-05-06,Team Training,3,75
-1369841804813621849,Saorla Miller,2026-05-06T05:10:53Z,2026-05-06,Team Training,4,90
-8380791422839676855,Julia Benati,2026-05-06T05:14:25Z,2026-05-06,Team Training,2,94
-4082303902532117088,Sarah Taylor,2026-05-06T05:15:16Z,2026-05-06,Team Training,3,60
5667974452808858358,Cho So-Hyun,2026-05-06T05:19:55Z,2026-05-06,Team Training,3,90
19926514444831767,Sydney Kennedy,2026-05-06T05:20:21Z,2026-05-06,Team Training,4,75
5701711296024658395,Julianne Vallerand,2026-05-06T05:21:15Z,2026-05-06,Team Training,2,120
7531602514129690519,Samantha St Croix,2026-05-06T05:23:29Z,2026-05-06,Team Training,3,75
7207372854284632697,Tiffany Cameron,2026-05-06T05:28:11Z,2026-05-06,Team Training,3,90
4750176437844838124,Anika Toth,2026-05-06T05:28:29Z,2026-05-06,Team Training,3,90
1855868392623416549,Annika Leslie,2026-05-06T05:29:07Z,2026-05-06,Team Training,3,90
-2963226652869151962,Addison Weichers,2026-05-06T05:37:15Z,2026-05-06,Team Training,3,85
-9186825032477237927,Rylee Foster,2026-05-06T05:37:37Z,2026-05-06,Team Training,3,90
2476743875210642344,Jordyn Rhodes,2026-05-06T05:42:04Z,2026-05-06,Team Training,3,90
-6371583905756521099,Stella Downing,2026-05-06T06:15:21Z,2026-05-06,Team Training,3,90
7195328437649266170,Sheyenne Allen,2026-05-06T06:19:47Z,2026-05-06,Team Training,3,60
6807161988554525377,Eva Fremaux,2026-05-06T06:30:19Z,2026-05-06,Team Training,3,60
-7873248334552818988,Julie Pedersen,2026-05-06T07:08:40Z,2026-05-06,Team Training,3,75
2844855238345729513,Karima Lemire,2026-05-07T05:40:12Z,2026-05-07,Team Training,6,90
7531602514129690519,Samantha St Croix,2026-05-07T05:40:17Z,2026-05-07,Team Training,4,90
5701711296024658395,Julianne Vallerand,2026-05-07T05:40:24Z,2026-05-07,Team Training,5,120
-2963226652869151962,Addison Weichers,2026-05-07T05:40:24Z,2026-05-07,Team Training,5,90
-4082303902532117088,Sarah Taylor,2026-05-07T05:40:30Z,2026-05-07,Team Training,7,60
-9186825032477237927,Rylee Foster,2026-05-07T05:40:47Z,2026-05-07,Team Training,4,120
6807161988554525377,Eva Fremaux,2026-05-07T05:54:24Z,2026-05-07,Team Training,6,60
3361436320140038448,Megumi Nakamura,2026-05-07T05:55:20Z,2026-05-07,Team Training,7,90
2476743875210642344,Jordyn Rhodes,2026-05-07T06:01:47Z,2026-05-07,Team Training,4,120
1855868392623416549,Annika Leslie,2026-05-07T06:03:09Z,2026-05-07,Team Training,5,120
-1369841804813621849,Saorla Miller,2026-05-07T06:03:52Z,2026-05-07,Team Training,5,90
4458350051712250958,Naya Cardoza,2026-05-07T06:03:57Z,2026-05-07,Team Training,5,120
5667974452808858358,Cho So-Hyun,2026-05-07T06:04:15Z,2026-05-07,Team Training,6,120
19926514444831767,Sydney Kennedy,2026-05-07T06:15:38Z,2026-05-07,Team Training,7,50
-8380791422839676855,Julia Benati,2026-05-07T06:24:52Z,2026-05-07,Team Training,5,90
7207372854284632697,Tiffany Cameron,2026-05-07T07:13:41Z,2026-05-07,Team Training,6,90
5533031922107217408,Synne Fredriksen Moe,2026-05-07T07:31:45Z,2026-05-07,Team Training,5,60
4458350051712250958,Naya Cardoza,2026-05-08T12:00:00Z,2026-05-08,Recovery,0,60
5667974452808858358,Cho So-Hyun,2026-05-08T04:46:31Z,2026-05-08,Recovery,0,1
7207372854284632697,Tiffany Cameron,2026-05-08T06:32:20Z,2026-05-08,Recovery,1,30
7195328437649266170,Sheyenne Allen,2026-05-08T11:41:02Z,2026-05-08,Recovery,2,60
5533031922107217408,Synne Fredriksen Moe,2026-05-09T04:59:09Z,2026-05-09,Team Training,4,90
6807161988554525377,Eva Fremaux,2026-05-09T04:59:48Z,2026-05-09,Team Training,4,60
-7873248334552818988,Julie Pedersen,2026-05-09T05:00:00Z,2026-05-09,Team Training,5,80
2844855238345729513,Karima Lemire,2026-05-09T05:00:01Z,2026-05-09,Team Training,4,90
7531602514129690519,Samantha St Croix,2026-05-09T05:00:08Z,2026-05-09,Team Training,7,90
-2963226652869151962,Addison Weichers,2026-05-09T05:01:09Z,2026-05-09,Team Training,4,90
-8380791422839676855,Julia Benati,2026-05-09T05:01:18Z,2026-05-09,Team Training,3,90
-4082303902532117088,Sarah Taylor,2026-05-09T05:01:18Z,2026-05-09,Team Training,5,90
4458350051712250958,Naya Cardoza,2026-05-09T05:01:30Z,2026-05-09,Team Training,4,90
-1369841804813621849,Saorla Miller,2026-05-09T05:01:38Z,2026-05-09,Team Training,5,90
5701711296024658395,Julianne Vallerand,2026-05-09T05:01:49Z,2026-05-09,Team Training,3,90
7207372854284632697,Tiffany Cameron,2026-05-09T05:01:51Z,2026-05-09,Team Training,3,100
-6371583905756521099,Stella Downing,2026-05-09T05:01:56Z,2026-05-09,Team Training,2,60
19926514444831767,Sydney Kennedy,2026-05-09T05:02:54Z,2026-05-09,Team Training,5,90
-9186825032477237927,Rylee Foster,2026-05-09T05:11:35Z,2026-05-09,Team Training,5,90
7195328437649266170,Sheyenne Allen,2026-05-09T05:34:06Z,2026-05-09,Game / Competition,3,90
2476743875210642344,Jordyn Rhodes,2026-05-09T06:25:21Z,2026-05-09,Team Training,3,90
5667974452808858358,Cho So-Hyun,2026-05-09T06:29:55Z,2026-05-09,Team Training,4,100
4750176437844838124,Anika Toth,2026-05-09T07:27:04Z,2026-05-09,Team Training,3,90
1855868392623416549,Annika Leslie,2026-05-09T09:01:07Z,2026-05-09,Team Training,4,90
3361436320140038448,Megumi Nakamura,2026-05-10T12:00:00Z,2026-05-10,Team Training,7,120
3361436320140038448,Megumi Nakamura,2026-05-10T12:00:00Z,2026-05-10,Strength Training,2,60
19926514444831767,Sydney Kennedy,2026-05-10T02:39:12Z,2026-05-10,Strength Training,4,40
7207372854284632697,Tiffany Cameron,2026-05-10T02:45:48Z,2026-05-10,Strength Training,3,45
-8380791422839676855,Julia Benati,2026-05-10T02:46:42Z,2026-05-10,Strength Training,4,45
-1369841804813621849,Saorla Miller,2026-05-10T02:47:36Z,2026-05-10,Strength Training,4,45
-7873248334552818988,Julie Pedersen,2026-05-10T02:50:36Z,2026-05-10,Strength Training,5,45
7531602514129690519,Samantha St Croix,2026-05-10T02:51:04Z,2026-05-10,Strength Training,4,60
5701711296024658395,Julianne Vallerand,2026-05-10T02:51:24Z,2026-05-10,Strength Training,3,60
5667974452808858358,Cho So-Hyun,2026-05-10T02:51:33Z,2026-05-10,Strength Training,3,40
7782077126852709449,Kat Jordan,2026-05-10T02:59:21Z,2026-05-10,Strength Training,2,60
5533031922107217408,Synne Fredriksen Moe,2026-05-10T05:53:51Z,2026-05-10,Team Training,7,105
19926514444831767,Sydney Kennedy,2026-05-10T05:54:14Z,2026-05-10,Team Training,6,120
4458350051712250958,Naya Cardoza,2026-05-10T05:54:16Z,2026-05-10,Team Training,6,105
5533031922107217408,Synne Fredriksen Moe,2026-05-10T05:54:16Z,2026-05-10,Strength Training,5,45
4750176437844838124,Anika Toth,2026-05-10T05:54:27Z,2026-05-10,Team Training,5,90
7531602514129690519,Samantha St Croix,2026-05-10T05:54:27Z,2026-05-10,Team Training,5,120
4458350051712250958,Naya Cardoza,2026-05-10T05:54:35Z,2026-05-10,Strength Training,3,60
4750176437844838124,Anika Toth,2026-05-10T05:54:37Z,2026-05-10,Strength Training,3,60
7207372854284632697,Tiffany Cameron,2026-05-10T05:54:50Z,2026-05-10,Team Training,5,105
-2963226652869151962,Addison Weichers,2026-05-10T05:54:53Z,2026-05-10,Strength Training,3,45
-2963226652869151962,Addison Weichers,2026-05-10T05:54:59Z,2026-05-10,Team Training,5,100
-4082303902532117088,Sarah Taylor,2026-05-10T05:59:22Z,2026-05-10,Strength Training,4,60
-4082303902532117088,Sarah Taylor,2026-05-10T05:59:35Z,2026-05-10,Team Training,5,105
-9186825032477237927,Rylee Foster,2026-05-10T06:02:26Z,2026-05-10,Team Training,6,120
-9186825032477237927,Rylee Foster,2026-05-10T06:02:36Z,2026-05-10,Strength Training,3,60
-1369841804813621849,Saorla Miller,2026-05-10T06:06:21Z,2026-05-10,Team Training,6,105
5667974452808858358,Cho So-Hyun,2026-05-10T06:13:30Z,2026-05-10,Team Training,7,105
1855868392623416549,Annika Leslie,2026-05-10T06:26:29Z,2026-05-10,Team Training,5,105
1855868392623416549,Annika Leslie,2026-05-10T06:26:38Z,2026-05-10,Strength Training,4,60
-7873248334552818988,Julie Pedersen,2026-05-10T06:36:46Z,2026-05-10,Team Training,6,110
7195328437649266170,Sheyenne Allen,2026-05-10T06:42:31Z,2026-05-10,Strength Training,3,30
7195328437649266170,Sheyenne Allen,2026-05-10T06:42:35Z,2026-05-10,Team Training,4,120
5701711296024658395,Julianne Vallerand,2026-05-10T07:13:53Z,2026-05-10,Team Training,7,120
-8380791422839676855,Julia Benati,2026-05-10T07:53:28Z,2026-05-10,Team Training,5,90
2844855238345729513,Karima Lemire,2026-05-10T08:30:33Z,2026-05-10,Team Training,6,90
2844855238345729513,Karima Lemire,2026-05-10T08:30:41Z,2026-05-10,Strength Training,4,45
2476743875210642344,Jordyn Rhodes,2026-05-10T10:33:30Z,2026-05-10,Team Training,3,90
2476743875210642344,Jordyn Rhodes,2026-05-10T10:33:36Z,2026-05-10,Strength Training,4,45
6807161988554525377,Eva Fremaux,2026-05-10T10:54:53Z,2026-05-10,Strength Training,3,60
6807161988554525377,Eva Fremaux,2026-05-10T10:54:56Z,2026-05-10,Team Training,4,90
-6371583905756521099,Stella Downing,2026-05-10T11:11:37Z,2026-05-10,Team Training,5,90
-6371583905756521099,Stella Downing,2026-05-10T11:11:48Z,2026-05-10,Strength Training,4,45
6807161988554525377,Eva Fremaux,2026-05-11T05:16:53Z,2026-05-11,Team Training,5,60
5701711296024658395,Julianne Vallerand,2026-05-11T05:20:02Z,2026-05-11,Team Training,3,120
4458350051712250958,Naya Cardoza,2026-05-11T05:21:08Z,2026-05-11,Team Training,4,90
4458350051712250958,Naya Cardoza,2026-05-11T05:21:17Z,2026-05-11,Strength Training,3,15
5533031922107217408,Synne Fredriksen Moe,2026-05-11T05:21:22Z,2026-05-11,Team Training,4,105
2844855238345729513,Karima Lemire,2026-05-11T05:22:54Z,2026-05-11,Team Training,5,90
7531602514129690519,Samantha St Croix,2026-05-11T05:29:53Z,2026-05-11,Team Training,3,120
-1369841804813621849,Saorla Miller,2026-05-11T05:30:47Z,2026-05-11,Team Training,5,105
-8380791422839676855,Julia Benati,2026-05-11T05:30:59Z,2026-05-11,Team Training,3,90
-1369841804813621849,Saorla Miller,2026-05-11T05:31:35Z,2026-05-11,Strength Training,2,15
5667974452808858358,Cho So-Hyun,2026-05-11T05:35:17Z,2026-05-11,Team Training,5,105
4750176437844838124,Anika Toth,2026-05-11T05:35:43Z,2026-05-11,Team Training,4,90
-9186825032477237927,Rylee Foster,2026-05-11T05:36:10Z,2026-05-11,Team Training,2,120
1855868392623416549,Annika Leslie,2026-05-11T05:36:27Z,2026-05-11,Team Training,4,105
-4082303902532117088,Sarah Taylor,2026-05-11T05:36:32Z,2026-05-11,Team Training,4,120
2476743875210642344,Jordyn Rhodes,2026-05-11T05:36:36Z,2026-05-11,Team Training,3,90
-6371583905756521099,Stella Downing,2026-05-11T05:36:36Z,2026-05-11,Team Training,5,60
3361436320140038448,Megumi Nakamura,2026-05-11T05:44:22Z,2026-05-11,Team Training,5,120
7195328437649266170,Sheyenne Allen,2026-05-11T06:01:45Z,2026-05-11,Team Training,3,120
7207372854284632697,Tiffany Cameron,2026-05-11T06:01:48Z,2026-05-11,Team Training,4,120
7207372854284632697,Tiffany Cameron,2026-05-11T06:02:08Z,2026-05-11,Strength Training,2,15
19926514444831767,Sydney Kennedy,2026-05-11T06:15:23Z,2026-05-11,Team Training,5,90
-7873248334552818988,Julie Pedersen,2026-05-11T06:51:57Z,2026-05-11,Team Training,4,105
-2963226652869151962,Addison Weichers,2026-05-11T08:50:46Z,2026-05-11,Strength Training,1,15
-2963226652869151962,Addison Weichers,2026-05-11T08:50:49Z,2026-05-11,Team Training,4,90
19926514444831767,Sydney Kennedy,2026-05-11T08:55:51Z,2026-05-11,Strength Training,3,10
4750176437844838124,Anika Toth,2026-05-12T04:11:41Z,2026-05-12,Team Training,4,60
4750176437844838124,Anika Toth,2026-05-12T04:11:46Z,2026-05-12,Strength Training,3,45
5667974452808858358,Cho So-Hyun,2026-05-12T11:16:33Z,2026-05-12,Team Training,3,60
4458350051712250958,Naya Cardoza,2026-05-12T11:19:21Z,2026-05-12,Team Training,4,90
7207372854284632697,Tiffany Cameron,2026-05-12T11:19:30Z,2026-05-12,Team Training,3,90
19926514444831767,Sydney Kennedy,2026-05-12T11:19:32Z,2026-05-12,Team Training,2,90
-1369841804813621849,Saorla Miller,2026-05-12T11:19:37Z,2026-05-12,Team Training,3,90
-7873248334552818988,Julie Pedersen,2026-05-12T11:19:44Z,2026-05-12,Team Training,3,60
7531602514129690519,Samantha St Croix,2026-05-12T11:20:11Z,2026-05-12,Team Training,5,90
6807161988554525377,Eva Fremaux,2026-05-12T11:20:13Z,2026-05-12,Team Training,4,60
5701711296024658395,Julianne Vallerand,2026-05-12T11:20:16Z,2026-05-12,Team Training,2,120
2844855238345729513,Karima Lemire,2026-05-12T11:20:17Z,2026-05-12,Team Training,3,60
-9186825032477237927,Rylee Foster,2026-05-12T11:20:27Z,2026-05-12,Team Training,4,80
-2963226652869151962,Addison Weichers,2026-05-12T11:20:29Z,2026-05-12,Team Training,3,80
5533031922107217408,Synne Fredriksen Moe,2026-05-12T11:20:31Z,2026-05-12,Team Training,3,90
-6371583905756521099,Stella Downing,2026-05-12T11:22:07Z,2026-05-12,Team Training,4,60
-4082303902532117088,Sarah Taylor,2026-05-12T11:22:32Z,2026-05-12,Team Training,3,60
1855868392623416549,Annika Leslie,2026-05-12T11:22:54Z,2026-05-12,Team Training,3,90
3361436320140038448,Megumi Nakamura,2026-05-12T11:23:22Z,2026-05-12,Team Training,2,60
2476743875210642344,Jordyn Rhodes,2026-05-12T11:26:23Z,2026-05-12,Team Training,2,90
7195328437649266170,Sheyenne Allen,2026-05-12T11:27:43Z,2026-05-12,Team Training,3,106
-8380791422839676855,Julia Benati,2026-05-12T11:34:06Z,2026-05-12,Team Training,0,5
3361436320140038448,Megumi Nakamura,2026-05-13T12:00:00Z,2026-05-13,Game / Competition,5,25
-4082303902532117088,Sarah Taylor,2026-05-13T12:00:00Z,2026-05-13,Game / Competition,4,10
7207372854284632697,Tiffany Cameron,2026-05-13T12:00:00Z,2026-05-13,Team Training,5,30
5533031922107217408,Synne Fredriksen Moe,2026-05-13T12:00:00Z,2026-05-13,Game / Competition,7,60
6807161988554525377,Eva Fremaux,2026-05-13T12:00:00Z,2026-05-13,Game / Competition,4,15
7531602514129690519,Samantha St Croix,2026-05-13T12:00:00Z,2026-05-13,Team Training,2,120
3361436320140038448,Megumi Nakamura,2026-05-13T12:00:00Z,2026-05-13,Team Training,2,30
5701711296024658395,Julianne Vallerand,2026-05-13T12:00:00Z,2026-05-13,Game / Competition,8,120
-8380791422839676855,Julia Benati,2026-05-13T12:00:00Z,2026-05-13,Game / Competition,0,1
5667974452808858358,Cho So-Hyun,2026-05-13T12:00:00Z,2026-05-13,Game / Competition,7,90
-9186825032477237927,Rylee Foster,2026-05-13T12:00:00Z,2026-05-13,Game / Competition,9,90
-2963226652869151962,Addison Weichers,2026-05-13T12:00:00Z,2026-05-13,Game / Competition,9,105
7195328437649266170,Sheyenne Allen,2026-05-13T12:00:00Z,2026-05-13,Game / Competition,7,80
19926514444831767,Sydney Kennedy,2026-05-13T12:00:00Z,2026-05-13,Game / Competition,6,60
4458350051712250958,Naya Cardoza,2026-05-13T12:00:00Z,2026-05-13,Game / Competition,5,90
1855868392623416549,Annika Leslie,2026-05-13T12:00:00Z,2026-05-13,Game / Competition,0,1
-6371583905756521099,Stella Downing,2026-05-13T12:00:00Z,2026-05-13,Game / Competition,2,120
-1369841804813621849,Saorla Miller,2026-05-13T12:00:00Z,2026-05-13,Game / Competition,8,90
-8380791422839676855,Julia Benati,2026-05-13T05:03:09Z,2026-05-13,Strength Training,3,45
-8380791422839676855,Julia Benati,2026-05-13T05:03:21Z,2026-05-13,Recovery,5,30
7782077126852709449,Kat Jordan,2026-05-13T05:47:22Z,2026-05-13,Strength Training,5,90
4750176437844838124,Anika Toth,2026-05-13T06:22:34Z,2026-05-13,Team Training,4,60
4750176437844838124,Anika Toth,2026-05-13T06:22:40Z,2026-05-13,Strength Training,3,45
2844855238345729513,Karima Lemire,2026-05-13T07:00:00Z,2026-05-13,Game / Competition,8,160
4458350051712250958,Naya Cardoza,2026-05-13T07:00:00Z,2026-05-13,Game / Competition,5,160
-1369841804813621849,Saorla Miller,2026-05-13T07:00:00Z,2026-05-13,Game / Competition,8,160
2476743875210642344,Jordyn Rhodes,2026-05-13T07:00:00Z,2026-05-13,Game / Competition,6,160
-7873248334552818988,Julie Pedersen,2026-05-13T07:00:00Z,2026-05-13,Game / Competition,5,30
7195328437649266170,Sheyenne Allen,2026-05-14T12:00:00Z,2026-05-14,Recovery,1,30
4458350051712250958,Naya Cardoza,2026-05-14T03:48:36Z,2026-05-14,Recovery,0,60
7782077126852709449,Kat Jordan,2026-05-14T06:00:16Z,2026-05-14,Strength Training,4,120
5667974452808858358,Cho So-Hyun,2026-05-14T06:41:07Z,2026-05-14,Recovery,0,1
7207372854284632697,Tiffany Cameron,2026-05-14T08:45:50Z,2026-05-14,Recovery,2,25
4458350051712250958,Naya Cardoza,2026-05-15T05:10:47Z,2026-05-15,Team Training,3,30
4750176437844838124,Anika Toth,2026-05-15T05:14:46Z,2026-05-15,Team Training,3,60
5667974452808858358,Cho So-Hyun,2026-05-15T05:21:25Z,2026-05-15,Team Training,2,70
-1369841804813621849,Saorla Miller,2026-05-15T05:23:06Z,2026-05-15,Team Training,3,60
-1369841804813621849,Saorla Miller,2026-05-15T05:23:50Z,2026-05-15,Recovery,1,20
5533031922107217408,Synne Fredriksen Moe,2026-05-15T05:26:20Z,2026-05-15,Team Training,2,60
5701711296024658395,Julianne Vallerand,2026-05-15T05:31:15Z,2026-05-15,Team Training,2,120
5701711296024658395,Julianne Vallerand,2026-05-15T05:31:20Z,2026-05-15,Recovery,1,60
19926514444831767,Sydney Kennedy,2026-05-15T05:31:28Z,2026-05-15,Team Training,2,45
19926514444831767,Sydney Kennedy,2026-05-15T05:31:55Z,2026-05-15,Recovery,1,30
7207372854284632697,Tiffany Cameron,2026-05-15T05:43:56Z,2026-05-15,Team Training,4,85
2476743875210642344,Jordyn Rhodes,2026-05-15T05:56:30Z,2026-05-15,Team Training,1,90
2476743875210642344,Jordyn Rhodes,2026-05-15T05:56:41Z,2026-05-15,Recovery,1,20
1855868392623416549,Annika Leslie,2026-05-15T06:01:46Z,2026-05-15,Team Training,5,60
7531602514129690519,Samantha St Croix,2026-05-15T06:09:23Z,2026-05-15,Team Training,4,90
3361436320140038448,Megumi Nakamura,2026-05-15T06:09:34Z,2026-05-15,Team Training,0,90
-7873248334552818988,Julie Pedersen,2026-05-15T06:09:44Z,2026-05-15,Team Training,4,60
6807161988554525377,Eva Fremaux,2026-05-15T06:14:36Z,2026-05-15,Team Training,5,60
-6371583905756521099,Stella Downing,2026-05-15T06:27:31Z,2026-05-15,Team Training,3,45
7195328437649266170,Sheyenne Allen,2026-05-15T06:27:36Z,2026-05-15,Team Training,1,45
-4082303902532117088,Sarah Taylor,2026-05-15T06:27:45Z,2026-05-15,Team Training,0,60
-9186825032477237927,Rylee Foster,2026-05-15T06:28:44Z,2026-05-15,Team Training,3,75
-8380791422839676855,Julia Benati,2026-05-15T06:28:49Z,2026-05-15,Team Training,1,15
-2963226652869151962,Addison Weichers,2026-05-15T06:28:50Z,2026-05-15,Team Training,2,60
2844855238345729513,Karima Lemire,2026-05-15T06:58:53Z,2026-05-15,Team Training,2,60
7531602514129690519,Samantha St Croix,2026-05-16T05:22:28Z,2026-05-16,Team Training,6,120
2844855238345729513,Karima Lemire,2026-05-16T05:22:35Z,2026-05-16,Team Training,4,90
5533031922107217408,Synne Fredriksen Moe,2026-05-16T05:23:23Z,2026-05-16,Team Training,3,90
3361436320140038448,Megumi Nakamura,2026-05-16T05:23:52Z,2026-05-16,Team Training,0,60
-1369841804813621849,Saorla Miller,2026-05-16T05:25:56Z,2026-05-16,Team Training,4,120
19926514444831767,Sydney Kennedy,2026-05-16T05:26:09Z,2026-05-16,Team Training,3,90
-2963226652869151962,Addison Weichers,2026-05-16T05:26:09Z,2026-05-16,Team Training,3,100
6807161988554525377,Eva Fremaux,2026-05-16T05:26:18Z,2026-05-16,Team Training,4,90
-4082303902532117088,Sarah Taylor,2026-05-16T05:26:21Z,2026-05-16,Team Training,3,60
4750176437844838124,Anika Toth,2026-05-16T05:26:25Z,2026-05-16,Team Training,4,90
4750176437844838124,Anika Toth,2026-05-16T05:26:32Z,2026-05-16,Strength Training,3,45
7207372854284632697,Tiffany Cameron,2026-05-16T05:31:23Z,2026-05-16,Team Training,3,105
-9186825032477237927,Rylee Foster,2026-05-16T05:33:47Z,2026-05-16,Team Training,3,105
4458350051712250958,Naya Cardoza,2026-05-16T05:35:01Z,2026-05-16,Team Training,3,90
5701711296024658395,Julianne Vallerand,2026-05-16T05:37:16Z,2026-05-16,Team Training,3,90
1855868392623416549,Annika Leslie,2026-05-16T05:37:55Z,2026-05-16,Team Training,3,105
-7873248334552818988,Julie Pedersen,2026-05-16T06:37:45Z,2026-05-16,Team Training,2,90
7195328437649266170,Sheyenne Allen,2026-05-16T07:43:34Z,2026-05-16,Team Training,2,90
5667974452808858358,Cho So-Hyun,2026-05-16T07:50:21Z,2026-05-16,Team Training,4,100
7782077126852709449,Kat Jordan,2026-05-16T10:12:52Z,2026-05-16,Strength Training,2,60
-6371583905756521099,Stella Downing,2026-05-16T10:53:28Z,2026-05-16,Team Training,5,60
2476743875210642344,Jordyn Rhodes,2026-05-16T11:52:59Z,2026-05-16,Team Training,3,90
-1369841804813621849,Saorla Miller,2026-05-17T10:00:00Z,2026-05-17,Team Training,3,120
7782077126852709449,Kat Jordan,2026-05-17T01:53:03Z,2026-05-17,Strength Training,3,60
4458350051712250958,Naya Cardoza,2026-05-17T02:44:42Z,2026-05-17,Team Training,3,90
7531602514129690519,Samantha St Croix,2026-05-17T02:44:54Z,2026-05-17,Team Training,5,90
3361436320140038448,Megumi Nakamura,2026-05-17T02:45:00Z,2026-05-17,Team Training,1,120
5701711296024658395,Julianne Vallerand,2026-05-17T02:45:13Z,2026-05-17,Team Training,3,120
-4082303902532117088,Sarah Taylor,2026-05-17T02:45:36Z,2026-05-17,Team Training,3,60
5533031922107217408,Synne Fredriksen Moe,2026-05-17T02:46:27Z,2026-05-17,Team Training,3,60
-7873248334552818988,Julie Pedersen,2026-05-17T02:47:00Z,2026-05-17,Team Training,2,75
-2963226652869151962,Addison Weichers,2026-05-17T02:47:06Z,2026-05-17,Team Training,3,80
-1369841804813621849,Saorla Miller,2026-05-17T02:47:14Z,2026-05-17,Team Training,3,90
4750176437844838124,Anika Toth,2026-05-17T02:54:56Z,2026-05-17,Team Training,4,90
5667974452808858358,Cho So-Hyun,2026-05-17T02:58:18Z,2026-05-17,Team Training,2,70
6807161988554525377,Eva Fremaux,2026-05-17T03:19:56Z,2026-05-17,Team Training,3,60
2844855238345729513,Karima Lemire,2026-05-17T03:20:00Z,2026-05-17,Team Training,3,60
2476743875210642344,Jordyn Rhodes,2026-05-17T03:30:57Z,2026-05-17,Team Training,3,90
-8380791422839676855,Julia Benati,2026-05-17T04:03:16Z,2026-05-17,Team Training,0,1
-6371583905756521099,Stella Downing,2026-05-17T04:29:40Z,2026-05-17,Team Training,5,60
7195328437649266170,Sheyenne Allen,2026-05-17T05:20:20Z,2026-05-17,Team Training,3,90
19926514444831767,Sydney Kennedy,2026-05-17T06:15:22Z,2026-05-17,Team Training,2,60
7207372854284632697,Tiffany Cameron,2026-05-17T06:23:21Z,2026-05-17,Team Training,3,70
7195328437649266170,Sheyenne Allen,2026-05-18T12:00:00Z,2026-05-18,Game / Competition,7,90
19926514444831767,Sydney Kennedy,2026-05-18T12:00:00Z,2026-05-18,Game / Competition,3,15
5701711296024658395,Julianne Vallerand,2026-05-18T12:00:00Z,2026-05-18,Game / Competition,9,120
2476743875210642344,Jordyn Rhodes,2026-05-18T12:00:00Z,2026-05-18,Game / Competition,8,150
1855868392623416549,Annika Leslie,2026-05-18T12:00:00Z,2026-05-18,Game / Competition,8,90
4750176437844838124,Anika Toth,2026-05-18T03:01:38Z,2026-05-18,Strength Training,3,45
-6371583905756521099,Stella Downing,2026-05-18T03:35:53Z,2026-05-18,Team Training,7,45
-8380791422839676855,Julia Benati,2026-05-18T03:36:01Z,2026-05-18,Strength Training,3,60
4458350051712250958,Naya Cardoza,2026-05-18T06:00:00Z,2026-05-18,Game / Competition,4,60
-2963226652869151962,Addison Weichers,2026-05-18T06:00:00Z,2026-05-18,Game / Competition,9,160
2844855238345729513,Karima Lemire,2026-05-18T06:00:00Z,2026-05-18,Game / Competition,8,160
-1369841804813621849,Saorla Miller,2026-05-18T06:00:00Z,2026-05-18,Game / Competition,8,90
7195328437649266170,Sheyenne Allen,2026-05-18T06:00:00Z,2026-05-18,Game / Competition,7,160
-1369841804813621849,Saorla Miller,2026-05-18T11:45:22Z,2026-05-18,Game / Competition,8,90
6807161988554525377,Eva Fremaux,2026-05-18T11:45:40Z,2026-05-18,Game / Competition,0,1
7531602514129690519,Samantha St Croix,2026-05-18T11:45:51Z,2026-05-18,Game / Competition,1,120
4458350051712250958,Naya Cardoza,2026-05-18T11:46:04Z,2026-05-18,Game / Competition,4,60
5667974452808858358,Cho So-Hyun,2026-05-18T11:47:28Z,2026-05-18,Game / Competition,7,90
-7873248334552818988,Julie Pedersen,2026-05-18T11:47:32Z,2026-05-18,Game / Competition,4,40
7207372854284632697,Tiffany Cameron,2026-05-18T11:53:40Z,2026-05-18,Game / Competition,8,70
7207372854284632697,Tiffany Cameron,2026-05-19T12:00:00Z,2026-05-19,Recovery,1,20
7195328437649266170,Sheyenne Allen,2026-05-19T12:00:00Z,2026-05-19,Recovery,3,60
5667974452808858358,Cho So-Hyun,2026-05-19T11:18:50Z,2026-05-19,Recovery,0,1
7782077126852709449,Kat Jordan,2026-05-19T07:33:18Z,2026-05-19,Strength Training,4,60
4458350051712250958,Naya Cardoza,2026-05-19T10:28:33Z,2026-05-19,Recovery,2,30
2844855238345729513,Karima Lemire,2026-05-20T05:16:53Z,2026-05-20,Team Training,4,90
7531602514129690519,Samantha St Croix,2026-05-20T05:21:59Z,2026-05-20,Team Training,6,90
-2963226652869151962,Addison Weichers,2026-05-20T05:22:01Z,2026-05-20,Team Training,3,77
5701711296024658395,Julianne Vallerand,2026-05-20T05:25:32Z,2026-05-20,Team Training,3,90
19926514444831767,Sydney Kennedy,2026-05-20T05:25:36Z,2026-05-20,Team Training,5,75
5701711296024658395,Julianne Vallerand,2026-05-20T05:25:42Z,2026-05-20,Strength Training,2,10
19926514444831767,Sydney Kennedy,2026-05-20T05:25:46Z,2026-05-20,Strength Training,4,15
-1369841804813621849,Saorla Miller,2026-05-20T05:28:17Z,2026-05-20,Team Training,3,75
4458350051712250958,Naya Cardoza,2026-05-20T05:32:45Z,2026-05-20,Team Training,3,60
-9186825032477237927,Rylee Foster,2026-05-20T05:33:49Z,2026-05-20,Team Training,6,75
-6371583905756521099,Stella Downing,2026-05-20T05:35:35Z,2026-05-20,Team Training,5,60
5667974452808858358,Cho So-Hyun,2026-05-20T05:38:04Z,2026-05-20,Team Training,3,60
7195328437649266170,Sheyenne Allen,2026-05-20T05:38:08Z,2026-05-20,Team Training,3,60
1855868392623416549,Annika Leslie,2026-05-20T05:39:44Z,2026-05-20,Team Training,3,90
-4082303902532117088,Sarah Taylor,2026-05-20T05:41:24Z,2026-05-20,Team Training,4,60
-8380791422839676855,Julia Benati,2026-05-20T05:45:57Z,2026-05-20,Team Training,2,90
4750176437844838124,Anika Toth,2026-05-20T05:51:34Z,2026-05-20,Team Training,4,90
7207372854284632697,Tiffany Cameron,2026-05-20T05:51:44Z,2026-05-20,Team Training,3,80
-7873248334552818988,Julie Pedersen,2026-05-20T06:43:48Z,2026-05-20,Team Training,6,80
2476743875210642344,Jordyn Rhodes,2026-05-20T07:35:37Z,2026-05-20,Team Training,2,90
5533031922107217408,Synne Fredriksen Moe,2026-05-20T09:35:18Z,2026-05-20,Team Training,6,80
6807161988554525377,Eva Fremaux,2026-05-20T10:30:59Z,2026-05-20,Team Training,4,75
3361436320140038448,Megumi Nakamura,2026-05-20T11:19:14Z,2026-05-20,Team Training,0,60
3361436320140038448,Megumi Nakamura,2026-05-21T12:00:00Z,2026-05-21,Team Training,1,60
19926514444831767,Sydney Kennedy,2026-05-21T02:10:08Z,2026-05-21,Strength Training,4,45
-9186825032477237927,Rylee Foster,2026-05-21T02:10:50Z,2026-05-21,Strength Training,4,40
-1369841804813621849,Saorla Miller,2026-05-21T02:14:38Z,2026-05-21,Strength Training,3,45
5667974452808858358,Cho So-Hyun,2026-05-21T02:14:46Z,2026-05-21,Strength Training,3,40
7531602514129690519,Samantha St Croix,2026-05-21T02:18:23Z,2026-05-21,Strength Training,3,60
7207372854284632697,Tiffany Cameron,2026-05-21T02:19:01Z,2026-05-21,Strength Training,3,45
6807161988554525377,Eva Fremaux,2026-05-21T02:19:16Z,2026-05-21,Strength Training,3,45
7782077126852709449,Kat Jordan,2026-05-21T02:20:46Z,2026-05-21,Strength Training,4,60
-8380791422839676855,Julia Benati,2026-05-21T02:41:10Z,2026-05-21,Strength Training,4,45
7531602514129690519,Samantha St Croix,2026-05-21T05:41:29Z,2026-05-21,Team Training,6,150
5533031922107217408,Synne Fredriksen Moe,2026-05-21T05:41:41Z,2026-05-21,Team Training,7,120
5533031922107217408,Synne Fredriksen Moe,2026-05-21T05:41:48Z,2026-05-21,Strength Training,3,45
4750176437844838124,Anika Toth,2026-05-21T05:43:15Z,2026-05-21,Team Training,4,120
4750176437844838124,Anika Toth,2026-05-21T05:43:33Z,2026-05-21,Strength Training,4,60
3361436320140038448,Megumi Nakamura,2026-05-21T05:44:48Z,2026-05-21,Strength Training,1,60
7207372854284632697,Tiffany Cameron,2026-05-21T05:46:15Z,2026-05-21,Team Training,6,120
5667974452808858358,Cho So-Hyun,2026-05-21T05:53:10Z,2026-05-21,Team Training,5,120
6807161988554525377,Eva Fremaux,2026-05-21T05:59:26Z,2026-05-21,Team Training,5,90
4458350051712250958,Naya Cardoza,2026-05-21T05:59:39Z,2026-05-21,Strength Training,3,60
4458350051712250958,Naya Cardoza,2026-05-21T05:59:42Z,2026-05-21,Team Training,4,120
-8380791422839676855,Julia Benati,2026-05-21T06:00:00Z,2026-05-21,Team Training,4,120
2476743875210642344,Jordyn Rhodes,2026-05-21T06:00:27Z,2026-05-21,Team Training,4,120
2476743875210642344,Jordyn Rhodes,2026-05-21T06:00:36Z,2026-05-21,Strength Training,4,45
-1369841804813621849,Saorla Miller,2026-05-21T06:01:07Z,2026-05-21,Team Training,6,120
-6371583905756521099,Stella Downing,2026-05-21T06:01:14Z,2026-05-21,Strength Training,4,45
-6371583905756521099,Stella Downing,2026-05-21T06:01:24Z,2026-05-21,Team Training,5,120
7195328437649266170,Sheyenne Allen,2026-05-21T06:01:35Z,2026-05-21,Team Training,4,135
-2963226652869151962,Addison Weichers,2026-05-21T06:01:41Z,2026-05-21,Team Training,6,120
-2963226652869151962,Addison Weichers,2026-05-21T06:01:49Z,2026-05-21,Strength Training,3,40
5701711296024658395,Julianne Vallerand,2026-05-21T06:01:59Z,2026-05-21,Team Training,6,120
5701711296024658395,Julianne Vallerand,2026-05-21T06:02:08Z,2026-05-21,Strength Training,3,60
7195328437649266170,Sheyenne Allen,2026-05-21T06:02:12Z,2026-05-21,Strength Training,3,45
-7873248334552818988,Julie Pedersen,2026-05-21T06:02:25Z,2026-05-21,Strength Training,4,40
-7873248334552818988,Julie Pedersen,2026-05-21T06:02:33Z,2026-05-21,Team Training,7,120
19926514444831767,Sydney Kennedy,2026-05-21T06:03:31Z,2026-05-21,Team Training,5,120
-4082303902532117088,Sarah Taylor,2026-05-21T06:03:43Z,2026-05-21,Strength Training,4,60
-4082303902532117088,Sarah Taylor,2026-05-21T06:03:45Z,2026-05-21,Team Training,5,120
1855868392623416549,Annika Leslie,2026-05-21T06:04:16Z,2026-05-21,Team Training,5,120
2844855238345729513,Karima Lemire,2026-05-21T06:04:29Z,2026-05-21,Team Training,6,90
2844855238345729513,Karima Lemire,2026-05-21T06:04:37Z,2026-05-21,Strength Training,4,45
-9186825032477237927,Rylee Foster,2026-05-21T06:06:53Z,2026-05-21,Team Training,5,135
1855868392623416549,Annika Leslie,2026-05-21T06:16:24Z,2026-05-21,Strength Training,3,45
-2963226652869151962,Addison Weichers,2026-05-22T12:00:00Z,2026-05-22,Team Training,4,60
6807161988554525377,Eva Fremaux,2026-05-22T12:00:00Z,2026-05-22,Team Training,5,75
2844855238345729513,Karima Lemire,2026-05-22T12:00:00Z,2026-05-22,Team Training,2,75
1855868392623416549,Annika Leslie,2026-05-22T02:04:16Z,2026-05-22,Team Training,3,90
5701711296024658395,Julianne Vallerand,2026-05-22T02:04:25Z,2026-05-22,Team Training,4,120
7195328437649266170,Sheyenne Allen,2026-05-22T02:04:51Z,2026-05-22,Team Training,4,90
5667974452808858358,Cho So-Hyun,2026-05-22T02:04:59Z,2026-05-22,Team Training,4,80
7531602514129690519,Samantha St Croix,2026-05-22T02:05:01Z,2026-05-22,Team Training,4,75
5533031922107217408,Synne Fredriksen Moe,2026-05-22T02:09:40Z,2026-05-22,Team Training,3,60
7207372854284632697,Tiffany Cameron,2026-05-22T02:32:44Z,2026-05-22,Team Training,3,90
4750176437844838124,Anika Toth,2026-05-22T02:33:40Z,2026-05-22,Team Training,4,90
4750176437844838124,Anika Toth,2026-05-22T02:33:50Z,2026-05-22,Strength Training,3,45
-9186825032477237927,Rylee Foster,2026-05-22T03:07:42Z,2026-05-22,Team Training,3,105
-1369841804813621849,Saorla Miller,2026-05-22T03:23:09Z,2026-05-22,Team Training,4,90
3361436320140038448,Megumi Nakamura,2026-05-22T03:24:23Z,2026-05-22,Team Training,4,60
-4082303902532117088,Sarah Taylor,2026-05-22T03:33:31Z,2026-05-22,Team Training,4,60
19926514444831767,Sydney Kennedy,2026-05-22T03:59:35Z,2026-05-22,Team Training,4,90
-8380791422839676855,Julia Benati,2026-05-22T04:05:30Z,2026-05-22,Team Training,4,75
4458350051712250958,Naya Cardoza,2026-05-22T04:24:58Z,2026-05-22,Team Training,3,90
2476743875210642344,Jordyn Rhodes,2026-05-22T04:31:59Z,2026-05-22,Team Training,2,90
-6371583905756521099,Stella Downing,2026-05-22T05:48:07Z,2026-05-22,Team Training,4,60
3361436320140038448,Megumi Nakamura,2026-05-23T01:20:03Z,2026-05-23,Strength Training,5,120
4750176437844838124,Anika Toth,2026-05-23T03:55:54Z,2026-05-23,Team Training,4,60
3361436320140038448,Megumi Nakamura,2026-05-23T03:55:57Z,2026-05-23,Team Training,1,60
-8380791422839676855,Julia Benati,2026-05-23T03:56:03Z,2026-05-23,Team Training,2,60
5533031922107217408,Synne Fredriksen Moe,2026-05-23T09:18:36Z,2026-05-23,Team Training,4,90
-2963226652869151962,Addison Weichers,2026-05-23T09:18:52Z,2026-05-23,Team Training,4,75
19926514444831767,Sydney Kennedy,2026-05-23T09:21:32Z,2026-05-23,Team Training,2,90
5701711296024658395,Julianne Vallerand,2026-05-23T09:21:36Z,2026-05-23,Team Training,3,120
2476743875210642344,Jordyn Rhodes,2026-05-23T09:21:38Z,2026-05-23,Team Training,3,90
7207372854284632697,Tiffany Cameron,2026-05-23T09:21:43Z,2026-05-23,Strength Training,3,90
2844855238345729513,Karima Lemire,2026-05-23T09:22:00Z,2026-05-23,Team Training,1,60
7195328437649266170,Sheyenne Allen,2026-05-23T09:30:57Z,2026-05-23,Game / Competition,4,120
-1369841804813621849,Saorla Miller,2026-05-23T09:35:18Z,2026-05-23,Team Training,4,120
-9186825032477237927,Rylee Foster,2026-05-23T09:35:23Z,2026-05-23,Team Training,7,105
7531602514129690519,Samantha St Croix,2026-05-23T09:35:26Z,2026-05-23,Team Training,4,75
1855868392623416549,Annika Leslie,2026-05-23T09:35:32Z,2026-05-23,Team Training,3,90
4458350051712250958,Naya Cardoza,2026-05-23T09:35:41Z,2026-05-23,Team Training,4,90
5667974452808858358,Cho So-Hyun,2026-05-23T09:44:10Z,2026-05-23,Team Training,4,90
-7873248334552818988,Julie Pedersen,2026-05-23T09:49:22Z,2026-05-23,Team Training,2,70
-4082303902532117088,Sarah Taylor,2026-05-23T10:02:03Z,2026-05-23,Team Training,3,60
-6371583905756521099,Stella Downing,2026-05-23T10:02:11Z,2026-05-23,Team Training,3,60
6807161988554525377,Eva Fremaux,2026-05-23T11:46:35Z,2026-05-23,Team Training,3,60
7207372854284632697,Tiffany Cameron,2026-05-24T12:00:00Z,2026-05-24,Game / Competition,5,17
-4082303902532117088,Sarah Taylor,2026-05-24T12:00:00Z,2026-05-24,Game / Competition,10,90
-6371583905756521099,Stella Downing,2026-05-24T12:00:00Z,2026-05-24,Game / Competition,5,15
5701711296024658395,Julianne Vallerand,2026-05-24T12:00:00Z,2026-05-24,Game / Competition,7,120
1855868392623416549,Annika Leslie,2026-05-24T12:00:00Z,2026-05-24,Game / Competition,0,1
4458350051712250958,Naya Cardoza,2026-05-24T12:00:00Z,2026-05-24,Game / Competition,7,90
-2963226652869151962,Addison Weichers,2026-05-24T12:00:00Z,2026-05-24,Game / Competition,10,120
5533031922107217408,Synne Fredriksen Moe,2026-05-24T12:00:00Z,2026-05-24,Game / Competition,9,80
-1369841804813621849,Saorla Miller,2026-05-24T12:00:00Z,2026-05-24,Game / Competition,8,60
5667974452808858358,Cho So-Hyun,2026-05-24T12:00:00Z,2026-05-24,Game / Competition,9,90
7531602514129690519,Samantha St Croix,2026-05-24T12:00:00Z,2026-05-24,Game / Competition,1,120
-7873248334552818988,Julie Pedersen,2026-05-24T12:00:00Z,2026-05-24,Game / Competition,5,17
6807161988554525377,Eva Fremaux,2026-05-24T12:00:00Z,2026-05-24,Game / Competition,1,1
-9186825032477237927,Rylee Foster,2026-05-24T12:00:00Z,2026-05-24,Game / Competition,8,90
7195328437649266170,Sheyenne Allen,2026-05-24T12:00:00Z,2026-05-24,Game / Competition,9,90
2476743875210642344,Jordyn Rhodes,2026-05-24T12:00:00Z,2026-05-24,Game / Competition,8,75
-8380791422839676855,Julia Benati,2026-05-24T04:35:25Z,2026-05-24,Team Training,8,60
-1369841804813621849,Saorla Miller,2026-05-24T05:00:00Z,2026-05-24,Game / Competition,8,160
4458350051712250958,Naya Cardoza,2026-05-24T05:00:00Z,2026-05-24,Game / Competition,7,160
19926514444831767,Sydney Kennedy,2026-05-24T05:00:00Z,2026-05-24,Game / Competition,8,75
2844855238345729513,Karima Lemire,2026-05-24T05:00:00Z,2026-05-24,Game / Competition,4,160
7782077126852709449,Kat Jordan,2026-05-24T05:17:15Z,2026-05-24,Strength Training,5,60
4750176437844838124,Anika Toth,2026-05-24T08:01:01Z,2026-05-24,Team Training,3,60
4750176437844838124,Anika Toth,2026-05-24T08:01:07Z,2026-05-24,Strength Training,3,45
5667974452808858358,Cho So-Hyun,2026-05-25T12:37:50Z,2026-05-25,Recovery,0,1
4750176437844838124,Anika Toth,2026-05-25T02:05:08Z,2026-05-25,Strength Training,5,75
3361436320140038448,Megumi Nakamura,2026-05-25T03:10:53Z,2026-05-25,Strength Training,4,90
-8380791422839676855,Julia Benati,2026-05-25T06:07:19Z,2026-05-25,Strength Training,4,90
7207372854284632697,Tiffany Cameron,2026-05-25T09:45:42Z,2026-05-25,Recovery,0,5
-4082303902532117088,Sarah Taylor,2026-05-26T12:00:00Z,2026-05-26,Recovery,1,45
7782077126852709449,Kat Jordan,2026-05-26T12:00:00Z,2026-05-26,Strength Training,4,120
1855868392623416549,Annika Leslie,2026-05-26T12:00:00Z,2026-05-26,Recovery,1,30
7207372854284632697,Tiffany Cameron,2026-05-26T12:00:00Z,2026-05-26,Recovery,1,30
7195328437649266170,Sheyenne Allen,2026-05-26T12:00:00Z,2026-05-26,Recovery,1,40
-1369841804813621849,Saorla Miller,2026-05-26T12:00:00Z,2026-05-26,Recovery,1,30
-7873248334552818988,Julie Pedersen,2026-05-26T02:47:50Z,2026-05-26,Recovery,2,45
5667974452808858358,Cho So-Hyun,2026-05-26T05:01:03Z,2026-05-26,Recovery,2,50
7531602514129690519,Samantha St Croix,2026-05-26T08:18:50Z,2026-05-26,Recovery,2,60
6807161988554525377,Eva Fremaux,2026-05-26T08:58:51Z,2026-05-26,Recovery,1,15
4750176437844838124,Anika Toth,2026-05-26T09:01:11Z,2026-05-26,Strength Training,5,60
19926514444831767,Sydney Kennedy,2026-05-26T10:56:32Z,2026-05-26,Recovery,1,60
4458350051712250958,Naya Cardoza,2026-05-26T11:54:32Z,2026-05-26,Recovery,0,30
4458350051712250958,Naya Cardoza,2026-05-27T05:35:53Z,2026-05-27,Team Training,4,90
-2963226652869151962,Addison Weichers,2026-05-27T05:36:12Z,2026-05-27,Team Training,3,120
5533031922107217408,Synne Fredriksen Moe,2026-05-27T05:36:30Z,2026-05-27,Team Training,3,105
-7873248334552818988,Julie Pedersen,2026-05-27T05:36:38Z,2026-05-27,Team Training,4,105
5701711296024658395,Julianne Vallerand,2026-05-27T05:37:50Z,2026-05-27,Team Training,3,120
-9186825032477237927,Rylee Foster,2026-05-27T05:45:51Z,2026-05-27,Team Training,4,120
7531602514129690519,Samantha St Croix,2026-05-27T05:46:02Z,2026-05-27,Team Training,4,120
2844855238345729513,Karima Lemire,2026-05-27T05:48:45Z,2026-05-27,Team Training,4,90
6807161988554525377,Eva Fremaux,2026-05-27T05:49:10Z,2026-05-27,Team Training,4,60
-1369841804813621849,Saorla Miller,2026-05-27T05:52:03Z,2026-05-27,Team Training,3,90
1855868392623416549,Annika Leslie,2026-05-27T05:54:20Z,2026-05-27,Team Training,5,120
5667974452808858358,Cho So-Hyun,2026-05-27T05:54:34Z,2026-05-27,Team Training,6,100
3361436320140038448,Megumi Nakamura,2026-05-27T05:57:09Z,2026-05-27,Team Training,3,120
-8380791422839676855,Julia Benati,2026-05-27T06:01:16Z,2026-05-27,Team Training,3,90
19926514444831767,Sydney Kennedy,2026-05-27T06:01:24Z,2026-05-27,Team Training,4,60
-6371583905756521099,Stella Downing,2026-05-27T06:01:29Z,2026-05-27,Team Training,3,90
2476743875210642344,Jordyn Rhodes,2026-05-27T06:01:38Z,2026-05-27,Team Training,2,90
7195328437649266170,Sheyenne Allen,2026-05-27T06:02:13Z,2026-05-27,Team Training,3,110
7207372854284632697,Tiffany Cameron,2026-05-27T06:08:08Z,2026-05-27,Team Training,4,120
-4082303902532117088,Sarah Taylor,2026-05-27T06:08:28Z,2026-05-27,Team Training,3,60
4750176437844838124,Anika Toth,2026-05-27T06:11:00Z,2026-05-27,Team Training,4,90
7782077126852709449,Kat Jordan,2026-05-27T11:22:15Z,2026-05-27,Strength Training,3,60
-4082303902532117088,Sarah Taylor,2026-05-28T12:00:00Z,2026-05-28,Team Training,2,60
3361436320140038448,Megumi Nakamura,2026-05-28T10:00:00Z,2026-05-28,Strength Training,4,120
4458350051712250958,Naya Cardoza,2026-05-28T10:00:00Z,2026-05-28,Team Training,3,120
-1369841804813621849,Saorla Miller,2026-05-28T10:00:00Z,2026-05-28,Team Training,2,120
5701711296024658395,Julianne Vallerand,2026-05-28T02:42:57Z,2026-05-28,Team Training,4,120
5533031922107217408,Synne Fredriksen Moe,2026-05-28T02:43:41Z,2026-05-28,Team Training,3,75
-2963226652869151962,Addison Weichers,2026-05-28T02:45:56Z,2026-05-28,Team Training,2,60
-7873248334552818988,Julie Pedersen,2026-05-28T02:45:59Z,2026-05-28,Team Training,3,75
-1369841804813621849,Saorla Miller,2026-05-28T02:58:49Z,2026-05-28,Team Training,2,90
2476743875210642344,Jordyn Rhodes,2026-05-28T02:59:15Z,2026-05-28,Team Training,3,90
4750176437844838124,Anika Toth,2026-05-28T02:59:25Z,2026-05-28,Team Training,3,90
5667974452808858358,Cho So-Hyun,2026-05-28T03:00:23Z,2026-05-28,Team Training,3,60
1855868392623416549,Annika Leslie,2026-05-28T03:00:29Z,2026-05-28,Team Training,3,60
7195328437649266170,Sheyenne Allen,2026-05-28T03:00:48Z,2026-05-28,Team Training,1,90
6807161988554525377,Eva Fremaux,2026-05-28T03:28:03Z,2026-05-28,Team Training,2,60
2844855238345729513,Karima Lemire,2026-05-28T03:28:18Z,2026-05-28,Team Training,2,66
7207372854284632697,Tiffany Cameron,2026-05-28T03:37:26Z,2026-05-28,Team Training,3,75
3361436320140038448,Megumi Nakamura,2026-05-28T04:07:26Z,2026-05-28,Team Training,2,60
-8380791422839676855,Julia Benati,2026-05-28T04:10:13Z,2026-05-28,Team Training,2,60
7531602514129690519,Samantha St Croix,2026-05-28T06:10:17Z,2026-05-28,Team Training,4,75
19926514444831767,Sydney Kennedy,2026-05-28T06:15:18Z,2026-05-28,Team Training,2,90
-6371583905756521099,Stella Downing,2026-05-28T08:28:09Z,2026-05-28,Team Training,4,60
7782077126852709449,Kat Jordan,2026-05-28T11:15:39Z,2026-05-28,Strength Training,3,60
-8380791422839676855,Julia Benati,2026-05-29T12:00:00Z,2026-05-29,Game / Competition,4,30
7207372854284632697,Tiffany Cameron,2026-05-29T12:00:00Z,2026-05-29,Game / Competition,3,5
7195328437649266170,Sheyenne Allen,2026-05-29T12:00:00Z,2026-05-29,Game / Competition,8,90
6807161988554525377,Eva Fremaux,2026-05-29T12:00:00Z,2026-05-29,Game / Competition,1,1
-6371583905756521099,Stella Downing,2026-05-29T12:00:00Z,2026-05-29,Game / Competition,5,30
4750176437844838124,Anika Toth,2026-05-29T02:10:01Z,2026-05-29,Strength Training,4,60
3361436320140038448,Megumi Nakamura,2026-05-29T04:36:54Z,2026-05-29,Strength Training,5,90
4458350051712250958,Naya Cardoza,2026-05-29T06:00:00Z,2026-05-29,Game / Competition,7,160
-1369841804813621849,Saorla Miller,2026-05-29T06:00:00Z,2026-05-29,Game / Competition,7,160
2476743875210642344,Jordyn Rhodes,2026-05-29T06:00:00Z,2026-05-29,Game / Competition,5,160
-7873248334552818988,Julie Pedersen,2026-05-29T11:24:04Z,2026-05-29,Game / Competition,7,90
2844855238345729513,Karima Lemire,2026-05-29T11:24:08Z,2026-05-29,Team Training,0,60
7531602514129690519,Samantha St Croix,2026-05-29T11:24:09Z,2026-05-29,Game / Competition,1,120
2844855238345729513,Karima Lemire,2026-05-29T11:25:16Z,2026-05-29,Game / Competition,5,90
19926514444831767,Sydney Kennedy,2026-05-29T11:42:00Z,2026-05-29,Game / Competition,8,80
5701711296024658395,Julianne Vallerand,2026-05-29T11:43:43Z,2026-05-29,Game / Competition,6,120
1855868392623416549,Annika Leslie,2026-05-29T11:43:49Z,2026-05-29,Game / Competition,0,1
5667974452808858358,Cho So-Hyun,2026-05-29T11:56:19Z,2026-05-29,Game / Competition,8,60
5667974452808858358,Cho So-Hyun,2026-05-30T12:00:00Z,2026-05-30,Recovery,0,1
7195328437649266170,Sheyenne Allen,2026-05-30T12:00:00Z,2026-05-30,Recovery,0,1
5533031922107217408,Synne Fredriksen Moe,2026-05-30T03:50:12Z,2026-05-30,Team Training,5,45
7195328437649266170,Sheyenne Allen,2026-05-31T12:00:00Z,2026-05-31,Recovery,0,1
5667974452808858358,Cho So-Hyun,2026-05-31T12:08:58Z,2026-05-31,Recovery,0,1
5533031922107217408,Synne Fredriksen Moe,2026-05-31T04:02:53Z,2026-05-31,Team Training,5,20
5533031922107217408,Synne Fredriksen Moe,2026-05-31T04:03:02Z,2026-05-31,Strength Training,3,30
-8380791422839676855,Julia Benati,2026-06-01T12:00:00Z,2026-06-01,Team Training,4,30
7195328437649266170,Sheyenne Allen,2026-06-01T12:00:00Z,2026-06-01,Recovery,0,1
4750176437844838124,Anika Toth,2026-06-01T12:00:00Z,2026-06-01,Strength Training,4,60
-8380791422839676855,Julia Benati,2026-06-01T12:00:00Z,2026-06-01,Strength Training,3,60
-1369841804813621849,Saorla Miller,2026-06-01T10:24:00Z,2026-06-01,Strength Training,0,1
1855868392623416549,Annika Leslie,2026-06-01T03:24:53Z,2026-06-01,Strength Training,0,1
-2963226652869151962,Addison Weichers,2026-06-01T04:15:20Z,2026-06-01,Team Training,6,45
-7873248334552818988,Julie Pedersen,2026-06-01T04:15:51Z,2026-06-01,Team Training,3,60
19926514444831767,Sydney Kennedy,2026-06-01T04:17:48Z,2026-06-01,Strength Training,4,30
-1369841804813621849,Saorla Miller,2026-06-01T04:41:15Z,2026-06-01,Team Training,6,60
1855868392623416549,Annika Leslie,2026-06-01T04:41:44Z,2026-06-01,Team Training,6,60
19926514444831767,Sydney Kennedy,2026-06-01T04:46:15Z,2026-06-01,Team Training,5,45
7782077126852709449,Kat Jordan,2026-06-01T06:51:57Z,2026-06-01,Strength Training,2,60
7782077126852709449,Kat Jordan,2026-06-01T06:54:25Z,2026-06-01,Team Training,2,60
-4082303902532117088,Sarah Taylor,2026-06-01T07:44:31Z,2026-06-01,Strength Training,3,30
-4082303902532117088,Sarah Taylor,2026-06-01T07:44:42Z,2026-06-01,Team Training,4,25
4458350051712250958,Naya Cardoza,2026-06-01T07:46:44Z,2026-06-01,Team Training,5,15
4458350051712250958,Naya Cardoza,2026-06-01T07:47:33Z,2026-06-01,Strength Training,4,45
2476743875210642344,Jordyn Rhodes,2026-06-01T09:07:29Z,2026-06-01,Team Training,3,30
2476743875210642344,Jordyn Rhodes,2026-06-01T09:07:33Z,2026-06-01,Strength Training,3,30
5667974452808858358,Cho So-Hyun,2026-06-01T09:37:52Z,2026-06-01,Team Training,4,40
6807161988554525377,Eva Fremaux,2026-06-01T09:48:04Z,2026-06-01,Strength Training,5,75
7531602514129690519,Samantha St Croix,2026-06-01T09:59:09Z,2026-06-01,Team Training,5,60
7531602514129690519,Samantha St Croix,2026-06-01T10:00:06Z,2026-06-01,Strength Training,4,60
5701711296024658395,Julianne Vallerand,2026-06-01T10:01:48Z,2026-06-01,Team Training,5,60
5701711296024658395,Julianne Vallerand,2026-06-01T10:01:53Z,2026-06-01,Strength Training,4,60
5667974452808858358,Cho So-Hyun,2026-06-01T10:02:52Z,2026-06-01,Strength Training,1,20
7207372854284632697,Tiffany Cameron,2026-06-01T10:42:11Z,2026-06-01,Strength Training,3,20
7207372854284632697,Tiffany Cameron,2026-06-01T10:44:34Z,2026-06-01,Team Training,4,35
7207372854284632697,Tiffany Cameron,2026-06-02T12:00:00Z,2026-06-02,Team Training,6,45
5533031922107217408,Synne Fredriksen Moe,2026-06-02T12:00:00Z,2026-06-02,Team Training,9,60
1855868392623416549,Annika Leslie,2026-06-02T12:00:00Z,2026-06-02,Team Training,8,60
4750176437844838124,Anika Toth,2026-06-02T12:00:00Z,2026-06-02,Strength Training,4,60
5533031922107217408,Synne Fredriksen Moe,2026-06-02T12:00:00Z,2026-06-02,Strength Training,5,30
1855868392623416549,Annika Leslie,2026-06-02T12:00:00Z,2026-06-02,Strength Training,0,1
-1369841804813621849,Saorla Miller,2026-06-02T11:42:07Z,2026-06-02,Team Training,7,60
19926514444831767,Sydney Kennedy,2026-06-02T02:28:03Z,2026-06-02,Team Training,7,45
6807161988554525377,Eva Fremaux,2026-06-02T03:44:53Z,2026-06-02,Strength Training,5,90
-8380791422839676855,Julia Benati,2026-06-02T04:26:32Z,2026-06-02,Strength Training,4,45
-2963226652869151962,Addison Weichers,2026-06-02T05:23:13Z,2026-06-02,Team Training,7,60
4458350051712250958,Naya Cardoza,2026-06-02T06:09:09Z,2026-06-02,Strength Training,5,60
4458350051712250958,Naya Cardoza,2026-06-02T06:11:00Z,2026-06-02,Team Training,5,45
7531602514129690519,Samantha St Croix,2026-06-02T06:31:53Z,2026-06-02,Team Training,8,30
7531602514129690519,Samantha St Croix,2026-06-02T06:32:26Z,2026-06-02,Strength Training,3,45
7195328437649266170,Sheyenne Allen,2026-06-02T07:11:37Z,2026-06-02,Team Training,5,75
2476743875210642344,Jordyn Rhodes,2026-06-02T07:40:40Z,2026-06-02,Team Training,6,45
2476743875210642344,Jordyn Rhodes,2026-06-02T07:40:49Z,2026-06-02,Strength Training,4,45
-8380791422839676855,Julia Benati,2026-06-02T08:07:05Z,2026-06-02,Game / Competition,5,60
5701711296024658395,Julianne Vallerand,2026-06-02T09:45:37Z,2026-06-02,Team Training,5,60
5701711296024658395,Julianne Vallerand,2026-06-02T09:45:41Z,2026-06-02,Strength Training,3,60
7782077126852709449,Kat Jordan,2026-06-02T09:45:45Z,2026-06-02,Team Training,3,60
7782077126852709449,Kat Jordan,2026-06-02T09:45:53Z,2026-06-02,Strength Training,2,60
5667974452808858358,Cho So-Hyun,2026-06-02T10:00:32Z,2026-06-02,Team Training,6,50
19926514444831767,Sydney Kennedy,2026-06-02T11:28:53Z,2026-06-02,Strength Training,4,45
6807161988554525377,Eva Fremaux,2026-06-03T12:00:00Z,2026-06-03,Recovery,1,45
-1369841804813621849,Saorla Miller,2026-06-03T07:50:10Z,2026-06-03,Recovery,1,45
-7873248334552818988,Julie Pedersen,2026-06-03T10:34:29Z,2026-06-03,Team Training,5,60
7782077126852709449,Kat Jordan,2026-06-03T04:36:03Z,2026-06-03,Team Training,3,60
19926514444831767,Sydney Kennedy,2026-06-03T04:54:22Z,2026-06-03,Recovery,1,30
7195328437649266170,Sheyenne Allen,2026-06-03T05:16:49Z,2026-06-03,Team Training,4,35
5667974452808858358,Cho So-Hyun,2026-06-03T06:47:12Z,2026-06-03,Recovery,1,60
4458350051712250958,Naya Cardoza,2026-06-03T07:00:24Z,2026-06-03,Recovery,1,30
5701711296024658395,Julianne Vallerand,2026-06-03T09:30:13Z,2026-06-03,Recovery,0,60
7531602514129690519,Samantha St Croix,2026-06-03T10:59:21Z,2026-06-03,Recovery,2,45
-8380791422839676855,Julia Benati,2026-06-03T11:51:52Z,2026-06-03,Team Training,6,30
7207372854284632697,Tiffany Cameron,2026-06-04T12:00:00Z,2026-06-04,Strength Training,3,35
5533031922107217408,Synne Fredriksen Moe,2026-06-04T12:00:00Z,2026-06-04,Team Training,5,30
4750176437844838124,Anika Toth,2026-06-04T12:00:00Z,2026-06-04,Strength Training,5,60
2476743875210642344,Jordyn Rhodes,2026-06-04T12:00:00Z,2026-06-04,Team Training,5,45
19926514444831767,Sydney Kennedy,2026-06-04T12:00:00Z,2026-06-04,Team Training,5,90
7531602514129690519,Samantha St Croix,2026-06-04T12:00:00Z,2026-06-04,Team Training,4,30
2476743875210642344,Jordyn Rhodes,2026-06-04T12:00:00Z,2026-06-04,Strength Training,4,45
5533031922107217408,Synne Fredriksen Moe,2026-06-04T12:00:00Z,2026-06-04,Strength Training,5,45
7195328437649266170,Sheyenne Allen,2026-06-04T10:49:26Z,2026-06-04,Team Training,3,40
1855868392623416549,Annika Leslie,2026-06-04T12:34:46Z,2026-06-04,Team Training,6,45
-1369841804813621849,Saorla Miller,2026-06-04T12:34:47Z,2026-06-04,Team Training,5,45
-7873248334552818988,Julie Pedersen,2026-06-04T01:39:52Z,2026-06-04,Team Training,6,60
4458350051712250958,Naya Cardoza,2026-06-04T02:54:01Z,2026-06-04,Team Training,6,35
-2963226652869151962,Addison Weichers,2026-06-04T05:10:47Z,2026-06-04,Team Training,4,30
6807161988554525377,Eva Fremaux,2026-06-04T07:13:06Z,2026-06-04,Strength Training,6,75
5701711296024658395,Julianne Vallerand,2026-06-04T08:04:33Z,2026-06-04,Team Training,6,60
5701711296024658395,Julianne Vallerand,2026-06-04T08:04:45Z,2026-06-04,Strength Training,3,60
5667974452808858358,Cho So-Hyun,2026-06-04T08:25:27Z,2026-06-04,Team Training,4,60
-8380791422839676855,Julia Benati,2026-06-04T09:41:02Z,2026-06-04,Team Training,4,90
-8380791422839676855,Julia Benati,2026-06-04T09:41:14Z,2026-06-04,Strength Training,2,45
7207372854284632697,Tiffany Cameron,2026-06-04T10:49:41Z,2026-06-04,Team Training,4,30
4750176437844838124,Anika Toth,2026-06-05T12:00:00Z,2026-06-05,Strength Training,5,60
19926514444831767,Sydney Kennedy,2026-06-05T12:00:00Z,2026-06-05,Team Training,6,60
7782077126852709449,Kat Jordan,2026-06-05T12:00:00Z,2026-06-05,Strength Training,2,60
7782077126852709449,Kat Jordan,2026-06-05T12:00:00Z,2026-06-05,Team Training,3,60
4458350051712250958,Naya Cardoza,2026-06-05T12:00:00Z,2026-06-05,Team Training,5,35
-7873248334552818988,Julie Pedersen,2026-06-05T12:00:00Z,2026-06-05,Team Training,3,20
4458350051712250958,Naya Cardoza,2026-06-05T12:00:00Z,2026-06-05,Strength Training,4,60
-8380791422839676855,Julia Benati,2026-06-05T12:00:00Z,2026-06-05,Team Training,3,120
1855868392623416549,Annika Leslie,2026-06-05T09:37:36Z,2026-06-05,Team Training,7,60
-1369841804813621849,Saorla Miller,2026-06-05T09:37:49Z,2026-06-05,Team Training,7,60
5533031922107217408,Synne Fredriksen Moe,2026-06-05T10:28:06Z,2026-06-05,Team Training,6,50
5533031922107217408,Synne Fredriksen Moe,2026-06-05T10:28:17Z,2026-06-05,Strength Training,5,40
-4082303902532117088,Sarah Taylor,2026-06-05T01:30:51Z,2026-06-05,Team Training,5,60
5701711296024658395,Julianne Vallerand,2026-06-05T05:13:12Z,2026-06-05,Team Training,5,60
5701711296024658395,Julianne Vallerand,2026-06-05T05:13:59Z,2026-06-05,Strength Training,3,60
2476743875210642344,Jordyn Rhodes,2026-06-05T05:41:51Z,2026-06-05,Team Training,7,45
2476743875210642344,Jordyn Rhodes,2026-06-05T05:41:57Z,2026-06-05,Strength Training,4,45
5667974452808858358,Cho So-Hyun,2026-06-05T06:22:16Z,2026-06-05,Team Training,6,60
7531602514129690519,Samantha St Croix,2026-06-05T07:22:32Z,2026-06-05,Team Training,4,45
7531602514129690519,Samantha St Croix,2026-06-05T07:22:40Z,2026-06-05,Strength Training,5,45
7195328437649266170,Sheyenne Allen,2026-06-05T09:42:50Z,2026-06-05,Team Training,3,40
7207372854284632697,Tiffany Cameron,2026-06-05T10:27:50Z,2026-06-05,Team Training,7,60
7195328437649266170,Sheyenne Allen,2026-06-06T12:00:00Z,2026-06-06,Recovery,1,30
7207372854284632697,Tiffany Cameron,2026-06-06T04:35:35Z,2026-06-06,Team Training,6,45
7207372854284632697,Tiffany Cameron,2026-06-06T04:35:52Z,2026-06-06,Strength Training,3,35
4458350051712250958,Naya Cardoza,2026-06-06T04:55:43Z,2026-06-06,Recovery,1,30
7531602514129690519,Samantha St Croix,2026-06-07T12:00:00Z,2026-06-07,Recovery,1,45
3361436320140038448,Megumi Nakamura,2026-06-07T12:00:00Z,2026-06-07,Strength Training,7,120
5667974452808858358,Cho So-Hyun,2026-06-07T05:17:47Z,2026-06-07,Recovery,1,40
19926514444831767,Sydney Kennedy,2026-06-07T06:06:11Z,2026-06-07,Recovery,1,45
1855868392623416549,Annika Leslie,2026-06-07T07:03:59Z,2026-06-07,Recovery,1,45
4458350051712250958,Naya Cardoza,2026-06-07T08:44:40Z,2026-06-07,Recovery,1,30
-1369841804813621849,Saorla Miller,2026-06-07T09:27:45Z,2026-06-07,Recovery,1,45
7207372854284632697,Tiffany Cameron,2026-06-07T11:24:04Z,2026-06-07,Recovery,1,30
7195328437649266170,Sheyenne Allen,2026-06-07T11:43:48Z,2026-06-07,Recovery,1,40
7531602514129690519,Samantha St Croix,2026-06-08T12:00:00Z,2026-06-08,Team Training,5,60
5533031922107217408,Synne Fredriksen Moe,2026-06-08T04:41:15Z,2026-06-08,Team Training,4,90
2476743875210642344,Jordyn Rhodes,2026-06-08T04:41:52Z,2026-06-08,Team Training,4,90
-1369841804813621849,Saorla Miller,2026-06-08T04:42:23Z,2026-06-08,Team Training,6,60
1855868392623416549,Annika Leslie,2026-06-08T04:42:51Z,2026-06-08,Team Training,5,60
-9186825032477237927,Rylee Foster,2026-06-08T04:43:39Z,2026-06-08,Team Training,7,60
2844855238345729513,Karima Lemire,2026-06-08T04:43:41Z,2026-06-08,Team Training,5,60
5667974452808858358,Cho So-Hyun,2026-06-08T04:43:55Z,2026-06-08,Team Training,4,60
4458350051712250958,Naya Cardoza,2026-06-08T04:44:07Z,2026-06-08,Team Training,3,60
5701711296024658395,Julianne Vallerand,2026-06-08T04:44:55Z,2026-06-08,Team Training,4,60
7207372854284632697,Tiffany Cameron,2026-06-08T04:45:17Z,2026-06-08,Team Training,3,75
-4082303902532117088,Sarah Taylor,2026-06-08T04:45:28Z,2026-06-08,Team Training,4,60
-2963226652869151962,Addison Weichers,2026-06-08T04:45:37Z,2026-06-08,Team Training,4,56
3361436320140038448,Megumi Nakamura,2026-06-08T04:47:27Z,2026-06-08,Team Training,4,63
19926514444831767,Sydney Kennedy,2026-06-08T04:50:40Z,2026-06-08,Team Training,4,60
-8380791422839676855,Julia Benati,2026-06-08T04:52:41Z,2026-06-08,Team Training,3,60
6807161988554525377,Eva Fremaux,2026-06-08T05:00:04Z,2026-06-08,Team Training,3,75
4750176437844838124,Anika Toth,2026-06-08T05:03:02Z,2026-06-08,Team Training,5,60
-6371583905756521099,Stella Downing,2026-06-08T05:06:07Z,2026-06-08,Team Training,4,45
7195328437649266170,Sheyenne Allen,2026-06-08T06:28:24Z,2026-06-08,Team Training,3,60
-7873248334552818988,Julie Pedersen,2026-06-08T06:31:39Z,2026-06-08,Team Training,4,60
7782077126852709449,Kat Jordan,2026-06-08T08:12:57Z,2026-06-08,Team Training,4,60
-9186825032477237927,Rylee Foster,2026-06-09T12:00:00Z,2026-06-09,Team Training,7,90
-1369841804813621849,Saorla Miller,2026-06-09T02:25:15Z,2026-06-09,Strength Training,4,45
-7873248334552818988,Julie Pedersen,2026-06-09T02:26:14Z,2026-06-09,Strength Training,4,40
7207372854284632697,Tiffany Cameron,2026-06-09T02:26:53Z,2026-06-09,Strength Training,3,45
6807161988554525377,Eva Fremaux,2026-06-09T02:27:20Z,2026-06-09,Strength Training,4,60
5701711296024658395,Julianne Vallerand,2026-06-09T02:32:25Z,2026-06-09,Strength Training,3,60
19926514444831767,Sydney Kennedy,2026-06-09T02:32:38Z,2026-06-09,Strength Training,3,60
4458350051712250958,Naya Cardoza,2026-06-09T02:32:52Z,2026-06-09,Strength Training,3,60
5667974452808858358,Cho So-Hyun,2026-06-09T02:34:04Z,2026-06-09,Strength Training,3,40
7531602514129690519,Samantha St Croix,2026-06-09T02:39:14Z,2026-06-09,Strength Training,4,4
3361436320140038448,Megumi Nakamura,2026-06-09T02:39:15Z,2026-06-09,Strength Training,2,60
7782077126852709449,Kat Jordan,2026-06-09T02:41:34Z,2026-06-09,Strength Training,4,60
5533031922107217408,Synne Fredriksen Moe,2026-06-09T04:59:38Z,2026-06-09,Team Training,5,90
5533031922107217408,Synne Fredriksen Moe,2026-06-09T04:59:49Z,2026-06-09,Strength Training,4,45
-7873248334552818988,Julie Pedersen,2026-06-09T05:02:15Z,2026-06-09,Team Training,5,90
7531602514129690519,Samantha St Croix,2026-06-09T05:05:41Z,2026-06-09,Team Training,7,105
7207372854284632697,Tiffany Cameron,2026-06-09T05:05:43Z,2026-06-09,Team Training,5,90
4458350051712250958,Naya Cardoza,2026-06-09T05:08:00Z,2026-06-09,Team Training,5,90
2844855238345729513,Karima Lemire,2026-06-09T05:08:34Z,2026-06-09,Strength Training,3,60
2844855238345729513,Karima Lemire,2026-06-09T05:08:39Z,2026-06-09,Team Training,6,90
-2963226652869151962,Addison Weichers,2026-06-09T05:10:03Z,2026-06-09,Team Training,3,80
-2963226652869151962,Addison Weichers,2026-06-09T05:10:12Z,2026-06-09,Strength Training,3,45
3361436320140038448,Megumi Nakamura,2026-06-09T05:10:19Z,2026-06-09,Team Training,5,120
-1369841804813621849,Saorla Miller,2026-06-09T05:13:29Z,2026-06-09,Team Training,6,60
19926514444831767,Sydney Kennedy,2026-06-09T05:14:12Z,2026-06-09,Team Training,6,60
-8380791422839676855,Julia Benati,2026-06-09T05:19:33Z,2026-06-09,Team Training,4,90
-8380791422839676855,Julia Benati,2026-06-09T05:21:27Z,2026-06-09,Strength Training,3,60
1855868392623416549,Annika Leslie,2026-06-09T05:22:22Z,2026-06-09,Team Training,5,90
1855868392623416549,Annika Leslie,2026-06-09T05:22:30Z,2026-06-09,Strength Training,4,60
2476743875210642344,Jordyn Rhodes,2026-06-09T05:38:07Z,2026-06-09,Team Training,3,90
2476743875210642344,Jordyn Rhodes,2026-06-09T05:38:19Z,2026-06-09,Strength Training,3,45
5701711296024658395,Julianne Vallerand,2026-06-09T05:58:20Z,2026-06-09,Team Training,6,120
4750176437844838124,Anika Toth,2026-06-09T05:58:51Z,2026-06-09,Team Training,6,90
4750176437844838124,Anika Toth,2026-06-09T05:58:57Z,2026-06-09,Strength Training,4,60
-6371583905756521099,Stella Downing,2026-06-09T06:01:00Z,2026-06-09,Team Training,6,60
-6371583905756521099,Stella Downing,2026-06-09T06:01:05Z,2026-06-09,Strength Training,4,45
7782077126852709449,Kat Jordan,2026-06-09T06:01:16Z,2026-06-09,Team Training,4,60
7195328437649266170,Sheyenne Allen,2026-06-09T06:23:10Z,2026-06-09,Team Training,3,60
7195328437649266170,Sheyenne Allen,2026-06-09T06:23:23Z,2026-06-09,Strength Training,3,40
5667974452808858358,Cho So-Hyun,2026-06-09T06:30:22Z,2026-06-09,Team Training,4,90
6807161988554525377,Eva Fremaux,2026-06-09T06:45:11Z,2026-06-09,Team Training,5,90
-4082303902532117088,Sarah Taylor,2026-06-09T09:21:33Z,2026-06-09,Team Training,4,60
-4082303902532117088,Sarah Taylor,2026-06-09T09:21:39Z,2026-06-09,Strength Training,4,60
-8380791422839676855,Julia Benati,2026-06-10T02:02:18Z,2026-06-10,Strength Training,5,45
-6371583905756521099,Stella Downing,2026-06-10T02:03:12Z,2026-06-10,Strength Training,6,50
7531602514129690519,Samantha St Croix,2026-06-10T02:05:28Z,2026-06-10,Strength Training,4,45
7207372854284632697,Tiffany Cameron,2026-06-10T02:09:06Z,2026-06-10,Strength Training,4,45
-1369841804813621849,Saorla Miller,2026-06-10T02:10:53Z,2026-06-10,Strength Training,4,45
7195328437649266170,Sheyenne Allen,2026-06-10T02:14:55Z,2026-06-10,Strength Training,4,45
4458350051712250958,Naya Cardoza,2026-06-10T02:15:01Z,2026-06-10,Strength Training,4,60
-7873248334552818988,Julie Pedersen,2026-06-10T02:21:04Z,2026-06-10,Strength Training,3,60
-9186825032477237927,Rylee Foster,2026-06-10T02:25:54Z,2026-06-10,Strength Training,6,45
7782077126852709449,Kat Jordan,2026-06-10T02:26:16Z,2026-06-10,Strength Training,4,60
5667974452808858358,Cho So-Hyun,2026-06-10T03:06:12Z,2026-06-10,Strength Training,4,45
5533031922107217408,Synne Fredriksen Moe,2026-06-10T05:24:13Z,2026-06-10,Team Training,8,120
5533031922107217408,Synne Fredriksen Moe,2026-06-10T05:24:16Z,2026-06-10,Strength Training,5,45
6807161988554525377,Eva Fremaux,2026-06-10T05:24:23Z,2026-06-10,Strength Training,4,60
6807161988554525377,Eva Fremaux,2026-06-10T05:24:27Z,2026-06-10,Team Training,7,120
19926514444831767,Sydney Kennedy,2026-06-10T05:33:23Z,2026-06-10,Team Training,7,120
19926514444831767,Sydney Kennedy,2026-06-10T05:33:28Z,2026-06-10,Strength Training,5,60
2844855238345729513,Karima Lemire,2026-06-10T05:33:36Z,2026-06-10,Team Training,8,120
2844855238345729513,Karima Lemire,2026-06-10T05:33:42Z,2026-06-10,Strength Training,4,60
5701711296024658395,Julianne Vallerand,2026-06-10T05:35:28Z,2026-06-10,Strength Training,3,60
5701711296024658395,Julianne Vallerand,2026-06-10T05:35:34Z,2026-06-10,Team Training,7,120
-4082303902532117088,Sarah Taylor,2026-06-10T05:35:43Z,2026-06-10,Strength Training,4,60
-2963226652869151962,Addison Weichers,2026-06-10T05:35:47Z,2026-06-10,Team Training,5,120
-4082303902532117088,Sarah Taylor,2026-06-10T05:35:49Z,2026-06-10,Team Training,4,60
-2963226652869151962,Addison Weichers,2026-06-10T05:35:59Z,2026-06-10,Strength Training,4,45
2476743875210642344,Jordyn Rhodes,2026-06-10T05:36:01Z,2026-06-10,Team Training,4,90
2476743875210642344,Jordyn Rhodes,2026-06-10T05:36:03Z,2026-06-10,Strength Training,4,45
-6371583905756521099,Stella Downing,2026-06-10T05:36:13Z,2026-06-10,Team Training,7,120
-9186825032477237927,Rylee Foster,2026-06-10T05:47:21Z,2026-06-10,Team Training,5,105
7531602514129690519,Samantha St Croix,2026-06-10T05:47:46Z,2026-06-10,Team Training,0,105
4750176437844838124,Anika Toth,2026-06-10T05:49:38Z,2026-06-10,Team Training,6,90
4750176437844838124,Anika Toth,2026-06-10T05:49:47Z,2026-06-10,Strength Training,4,45
-1369841804813621849,Saorla Miller,2026-06-10T05:54:34Z,2026-06-10,Team Training,6,105
5667974452808858358,Cho So-Hyun,2026-06-10T05:59:07Z,2026-06-10,Team Training,7,110
7207372854284632697,Tiffany Cameron,2026-06-10T05:59:25Z,2026-06-10,Team Training,6,120
1855868392623416549,Annika Leslie,2026-06-10T06:04:24Z,2026-06-10,Team Training,7,120
1855868392623416549,Annika Leslie,2026-06-10T06:04:30Z,2026-06-10,Strength Training,4,45
7782077126852709449,Kat Jordan,2026-06-10T06:04:43Z,2026-06-10,Team Training,7,120
3361436320140038448,Megumi Nakamura,2026-06-10T06:05:01Z,2026-06-10,Team Training,10,120
4458350051712250958,Naya Cardoza,2026-06-10T06:05:05Z,2026-06-10,Team Training,7,105
3361436320140038448,Megumi Nakamura,2026-06-10T06:05:06Z,2026-06-10,Strength Training,2,60
-8380791422839676855,Julia Benati,2026-06-10T06:19:17Z,2026-06-10,Team Training,6,105
-7873248334552818988,Julie Pedersen,2026-06-10T06:31:19Z,2026-06-10,Team Training,7,120
7195328437649266170,Sheyenne Allen,2026-06-10T06:32:17Z,2026-06-10,Team Training,5,120
-6371583905756521099,Stella Downing,2026-06-11T12:00:00Z,2026-06-11,Team Training,5,90
3361436320140038448,Megumi Nakamura,2026-06-11T12:00:00Z,2026-06-11,Team Training,7,120
5533031922107217408,Synne Fredriksen Moe,2026-06-11T05:19:16Z,2026-06-11,Team Training,4,90
7531602514129690519,Samantha St Croix,2026-06-11T05:19:42Z,2026-06-11,Team Training,6,120
5701711296024658395,Julianne Vallerand,2026-06-11T05:22:16Z,2026-06-11,Team Training,4,120
4458350051712250958,Naya Cardoza,2026-06-11T05:22:38Z,2026-06-11,Team Training,4,90
6807161988554525377,Eva Fremaux,2026-06-11T05:37:22Z,2026-06-11,Team Training,4,90
7782077126852709449,Kat Jordan,2026-06-11T05:39:14Z,2026-06-11,Team Training,4,120
2476743875210642344,Jordyn Rhodes,2026-06-11T05:41:17Z,2026-06-11,Team Training,4,105
-9186825032477237927,Rylee Foster,2026-06-11T05:47:34Z,2026-06-11,Team Training,4,105
-4082303902532117088,Sarah Taylor,2026-06-11T05:52:43Z,2026-06-11,Team Training,4,120
5667974452808858358,Cho So-Hyun,2026-06-11T05:56:49Z,2026-06-11,Team Training,6,120
-2963226652869151962,Addison Weichers,2026-06-11T05:58:29Z,2026-06-11,Team Training,4,90
-1369841804813621849,Saorla Miller,2026-06-11T06:00:48Z,2026-06-11,Team Training,4,90
4750176437844838124,Anika Toth,2026-06-11T06:01:23Z,2026-06-11,Team Training,4,90
-8380791422839676855,Julia Benati,2026-06-11T06:02:01Z,2026-06-11,Team Training,5,105
7195328437649266170,Sheyenne Allen,2026-06-11T06:07:15Z,2026-06-11,Team Training,4,90
19926514444831767,Sydney Kennedy,2026-06-11T06:15:35Z,2026-06-11,Team Training,5,105
-7873248334552818988,Julie Pedersen,2026-06-11T06:30:18Z,2026-06-11,Team Training,4,90
7207372854284632697,Tiffany Cameron,2026-06-11T07:50:55Z,2026-06-11,Team Training,3,105
1855868392623416549,Annika Leslie,2026-06-11T10:10:47Z,2026-06-11,Team Training,5,120
-4082303902532117088,Sarah Taylor,2026-06-12T12:00:00Z,2026-06-12,Team Training,3,60
5701711296024658395,Julianne Vallerand,2026-06-12T10:00:00Z,2026-06-12,Team Training,3,120
19926514444831767,Sydney Kennedy,2026-06-12T10:00:00Z,2026-06-12,Team Training,2,90
-1369841804813621849,Saorla Miller,2026-06-12T10:00:00Z,2026-06-12,Team Training,3,120
5533031922107217408,Synne Fredriksen Moe,2026-06-12T02:36:07Z,2026-06-12,Team Training,4,90
2844855238345729513,Karima Lemire,2026-06-12T02:36:10Z,2026-06-12,Team Training,2,90
6807161988554525377,Eva Fremaux,2026-06-12T02:36:19Z,2026-06-12,Team Training,4,75
4458350051712250958,Naya Cardoza,2026-06-12T02:37:10Z,2026-06-12,Team Training,4,90
-6371583905756521099,Stella Downing,2026-06-12T02:37:51Z,2026-06-12,Team Training,5,90
5667974452808858358,Cho So-Hyun,2026-06-12T02:42:21Z,2026-06-12,Team Training,4,80
-2963226652869151962,Addison Weichers,2026-06-12T02:47:03Z,2026-06-12,Team Training,3,90
4750176437844838124,Anika Toth,2026-06-12T02:47:15Z,2026-06-12,Team Training,4,90
7531602514129690519,Samantha St Croix,2026-06-12T02:48:10Z,2026-06-12,Team Training,7,100
-1369841804813621849,Saorla Miller,2026-06-12T02:57:18Z,2026-06-12,Team Training,3,90
3361436320140038448,Megumi Nakamura,2026-06-12T03:02:17Z,2026-06-12,Team Training,5,90
2476743875210642344,Jordyn Rhodes,2026-06-12T03:04:46Z,2026-06-12,Team Training,3,60
-8380791422839676855,Julia Benati,2026-06-12T03:08:40Z,2026-06-12,Team Training,2,90
-9186825032477237927,Rylee Foster,2026-06-12T04:04:18Z,2026-06-12,Team Training,4,90
7195328437649266170,Sheyenne Allen,2026-06-12T04:04:28Z,2026-06-12,Team Training,2,90
7207372854284632697,Tiffany Cameron,2026-06-12T04:05:45Z,2026-06-12,Team Training,3,70
-7873248334552818988,Julie Pedersen,2026-06-12T06:34:18Z,2026-06-12,Team Training,3,80
1855868392623416549,Annika Leslie,2026-06-12T10:50:58Z,2026-06-12,Team Training,3,75
7782077126852709449,Kat Jordan,2026-06-12T11:22:49Z,2026-06-12,Team Training,5,60
7782077126852709449,Kat Jordan,2026-06-12T11:24:33Z,2026-06-12,Strength Training,4,60
5533031922107217408,Synne Fredriksen Moe,2026-06-13T12:00:00Z,2026-06-13,Game / Competition,6,45
-2963226652869151962,Addison Weichers,2026-06-13T01:30:00Z,2026-06-13,Game / Competition,6,160
1855868392623416549,Annika Leslie,2026-06-13T01:30:00Z,2026-06-13,Game / Competition,6,160
-1369841804813621849,Saorla Miller,2026-06-13T01:30:00Z,2026-06-13,Game / Competition,7,160
2476743875210642344,Jordyn Rhodes,2026-06-13T01:30:00Z,2026-06-13,Game / Competition,8,160
5701711296024658395,Julianne Vallerand,2026-06-13T01:30:00Z,2026-06-13,Game / Competition,7,160
5667974452808858358,Cho So-Hyun,2026-06-13T07:10:26Z,2026-06-13,Game / Competition,7,90
-8380791422839676855,Julia Benati,2026-06-13T07:25:28Z,2026-06-13,Game / Competition,5,50
-1369841804813621849,Saorla Miller,2026-06-13T07:28:45Z,2026-06-13,Game / Competition,7,80
5701711296024658395,Julianne Vallerand,2026-06-13T07:36:25Z,2026-06-13,Game / Competition,7,120
-6371583905756521099,Stella Downing,2026-06-13T08:03:13Z,2026-06-13,Game / Competition,7,30
19926514444831767,Sydney Kennedy,2026-06-13T08:06:13Z,2026-06-13,Game / Competition,6,57
-4082303902532117088,Sarah Taylor,2026-06-13T09:01:36Z,2026-06-13,Game / Competition,5,40
-7873248334552818988,Julie Pedersen,2026-06-13T09:04:43Z,2026-06-13,Game / Competition,0,1
7207372854284632697,Tiffany Cameron,2026-06-13T09:44:56Z,2026-06-13,Game / Competition,3,10
7195328437649266170,Sheyenne Allen,2026-06-13T09:45:24Z,2026-06-13,Game / Competition,8,90
6807161988554525377,Eva Fremaux,2026-06-13T09:50:50Z,2026-06-13,Game / Competition,0,1
7531602514129690519,Samantha St Croix,2026-06-13T10:04:16Z,2026-06-13,Game / Competition,1,120
7782077126852709449,Kat Jordan,2026-06-14T12:00:00Z,2026-06-14,Strength Training,2,60
1855868392623416549,Annika Leslie,2026-06-14T12:00:00Z,2026-06-14,Recovery,1,45
6807161988554525377,Eva Fremaux,2026-06-14T12:00:00Z,2026-06-14,Recovery,1,40
-2963226652869151962,Addison Weichers,2026-06-14T12:00:00Z,2026-06-14,Recovery,0,30
7782077126852709449,Kat Jordan,2026-06-14T12:00:00Z,2026-06-14,Team Training,4,60
-8380791422839676855,Julia Benati,2026-06-14T12:00:00Z,2026-06-14,Recovery,1,45
19926514444831767,Sydney Kennedy,2026-06-14T12:00:00Z,2026-06-14,Recovery,1,45
7207372854284632697,Tiffany Cameron,2026-06-14T12:00:00Z,2026-06-14,Recovery,1,30
7531602514129690519,Samantha St Croix,2026-06-14T03:18:33Z,2026-06-14,Recovery,2,45
4750176437844838124,Anika Toth,2026-06-14T04:16:56Z,2026-06-14,Strength Training,4,45
-1369841804813621849,Saorla Miller,2026-06-14T06:00:11Z,2026-06-14,Recovery,1,45
2476743875210642344,Jordyn Rhodes,2026-06-14T06:26:48Z,2026-06-14,Recovery,1,30
5667974452808858358,Cho So-Hyun,2026-06-14T08:38:16Z,2026-06-14,Recovery,1,60
-7873248334552818988,Julie Pedersen,2026-06-14T09:15:52Z,2026-06-14,Recovery,1,25
-7873248334552818988,Julie Pedersen,2026-06-14T09:16:20Z,2026-06-14,Team Training,2,30
4458350051712250958,Naya Cardoza,2026-06-14T11:09:25Z,2026-06-14,Recovery,0,1
7195328437649266170,Sheyenne Allen,2026-06-14T11:38:15Z,2026-06-14,Recovery,2,40
5667974452808858358,Cho So-Hyun,2026-06-15T02:05:55Z,2026-06-15,Strength Training,4,40
7531602514129690519,Samantha St Croix,2026-06-15T02:11:28Z,2026-06-15,Strength Training,4,45
-1369841804813621849,Saorla Miller,2026-06-15T02:13:36Z,2026-06-15,Strength Training,3,45
4458350051712250958,Naya Cardoza,2026-06-15T02:15:46Z,2026-06-15,Strength Training,3,45
-8380791422839676855,Julia Benati,2026-06-15T02:32:14Z,2026-06-15,Strength Training,2,45
5701711296024658395,Julianne Vallerand,2026-06-15T03:00:01Z,2026-06-15,Strength Training,4,60
5533031922107217408,Synne Fredriksen Moe,2026-06-15T04:50:26Z,2026-06-15,Team Training,5,80
5533031922107217408,Synne Fredriksen Moe,2026-06-15T04:50:45Z,2026-06-15,Strength Training,3,45
2844855238345729513,Karima Lemire,2026-06-15T04:50:54Z,2026-06-15,Team Training,4,70
2844855238345729513,Karima Lemire,2026-06-15T04:51:02Z,2026-06-15,Strength Training,2,35
-2963226652869151962,Addison Weichers,2026-06-15T04:51:18Z,2026-06-15,Team Training,4,75
-2963226652869151962,Addison Weichers,2026-06-15T04:51:31Z,2026-06-15,Strength Training,2,40
7531602514129690519,Samantha St Croix,2026-06-15T04:54:36Z,2026-06-15,Team Training,3,90
6807161988554525377,Eva Fremaux,2026-06-15T04:56:27Z,2026-06-15,Strength Training,3,60
-4082303902532117088,Sarah Taylor,2026-06-15T04:56:33Z,2026-06-15,Team Training,4,60
6807161988554525377,Eva Fremaux,2026-06-15T04:56:34Z,2026-06-15,Team Training,4,75
-4082303902532117088,Sarah Taylor,2026-06-15T04:56:40Z,2026-06-15,Strength Training,4,60
5701711296024658395,Julianne Vallerand,2026-06-15T04:57:59Z,2026-06-15,Team Training,2,60
-1369841804813621849,Saorla Miller,2026-06-15T05:07:08Z,2026-06-15,Team Training,3,60
5667974452808858358,Cho So-Hyun,2026-06-15T05:08:45Z,2026-06-15,Team Training,1,35
-8380791422839676855,Julia Benati,2026-06-15T05:13:43Z,2026-06-15,Team Training,2,75
7207372854284632697,Tiffany Cameron,2026-06-15T05:18:23Z,2026-06-15,Strength Training,3,60
7207372854284632697,Tiffany Cameron,2026-06-15T05:18:36Z,2026-06-15,Team Training,3,90
4750176437844838124,Anika Toth,2026-06-15T05:19:46Z,2026-06-15,Team Training,4,90
4750176437844838124,Anika Toth,2026-06-15T05:19:52Z,2026-06-15,Strength Training,3,45
4458350051712250958,Naya Cardoza,2026-06-15T05:26:39Z,2026-06-15,Team Training,4,90
2476743875210642344,Jordyn Rhodes,2026-06-15T05:29:32Z,2026-06-15,Team Training,3,90
2476743875210642344,Jordyn Rhodes,2026-06-15T05:29:39Z,2026-06-15,Strength Training,4,45
19926514444831767,Sydney Kennedy,2026-06-15T05:57:41Z,2026-06-15,Team Training,4,90
19926514444831767,Sydney Kennedy,2026-06-15T05:57:53Z,2026-06-15,Strength Training,3,40
-6371583905756521099,Stella Downing,2026-06-15T05:58:03Z,2026-06-15,Team Training,6,60
-6371583905756521099,Stella Downing,2026-06-15T05:58:09Z,2026-06-15,Strength Training,4,45
-7873248334552818988,Julie Pedersen,2026-06-15T06:00:18Z,2026-06-15,Strength Training,4,40
-7873248334552818988,Julie Pedersen,2026-06-15T06:01:09Z,2026-06-15,Team Training,5,75
1855868392623416549,Annika Leslie,2026-06-15T06:15:07Z,2026-06-15,Strength Training,4,30
1855868392623416549,Annika Leslie,2026-06-15T06:15:12Z,2026-06-15,Team Training,4,90
7782077126852709449,Kat Jordan,2026-06-15T06:15:19Z,2026-06-15,Strength Training,4,60
3361436320140038448,Megumi Nakamura,2026-06-15T06:33:40Z,2026-06-15,Team Training,2,60
3361436320140038448,Megumi Nakamura,2026-06-15T06:33:43Z,2026-06-15,Strength Training,2,60
7195328437649266170,Sheyenne Allen,2026-06-15T09:32:27Z,2026-06-15,Team Training,3,45
7782077126852709449,Kat Jordan,2026-06-15T10:23:10Z,2026-06-15,Team Training,4,60
7195328437649266170,Sheyenne Allen,2026-06-16T12:00:00Z,2026-06-16,Team Training,3,90
4458350051712250958,Naya Cardoza,2026-06-16T12:00:00Z,2026-06-16,Strength Training,4,50
1855868392623416549,Annika Leslie,2026-06-16T12:00:00Z,2026-06-16,Team Training,5,90
5701711296024658395,Julianne Vallerand,2026-06-16T05:29:41Z,2026-06-16,Team Training,4,120
7531602514129690519,Samantha St Croix,2026-06-16T05:30:07Z,2026-06-16,Team Training,6,120
5533031922107217408,Synne Fredriksen Moe,2026-06-16T05:31:41Z,2026-06-16,Team Training,6,135
4458350051712250958,Naya Cardoza,2026-06-16T05:31:57Z,2026-06-16,Team Training,5,105
5667974452808858358,Cho So-Hyun,2026-06-16T05:40:33Z,2026-06-16,Team Training,5,90
-9186825032477237927,Rylee Foster,2026-06-16T05:40:56Z,2026-06-16,Team Training,4,90
-2963226652869151962,Addison Weichers,2026-06-16T05:42:43Z,2026-06-16,Team Training,4,90
-1369841804813621849,Saorla Miller,2026-06-16T05:42:53Z,2026-06-16,Team Training,3,90
-8380791422839676855,Julia Benati,2026-06-16T05:47:07Z,2026-06-16,Team Training,5,90
6807161988554525377,Eva Fremaux,2026-06-16T06:00:26Z,2026-06-16,Team Training,5,75
2844855238345729513,Karima Lemire,2026-06-16T06:00:35Z,2026-06-16,Team Training,5,75
4750176437844838124,Anika Toth,2026-06-16T06:09:53Z,2026-06-16,Team Training,5,90
3361436320140038448,Megumi Nakamura,2026-06-16T06:10:23Z,2026-06-16,Team Training,3,90
19926514444831767,Sydney Kennedy,2026-06-16T06:15:41Z,2026-06-16,Team Training,4,90
7782077126852709449,Kat Jordan,2026-06-16T06:16:00Z,2026-06-16,Team Training,3,60
-6371583905756521099,Stella Downing,2026-06-16T06:28:56Z,2026-06-16,Team Training,6,90
-7873248334552818988,Julie Pedersen,2026-06-16T06:41:59Z,2026-06-16,Team Training,4,90
7207372854284632697,Tiffany Cameron,2026-06-16T06:59:08Z,2026-06-16,Team Training,3,120
2476743875210642344,Jordyn Rhodes,2026-06-16T07:30:02Z,2026-06-16,Team Training,4,90
-4082303902532117088,Sarah Taylor,2026-06-16T10:09:22Z,2026-06-16,Team Training,4,60
6807161988554525377,Eva Fremaux,2026-06-17T12:00:00Z,2026-06-17,Team Training,3,60
2844855238345729513,Karima Lemire,2026-06-17T10:00:00Z,2026-06-17,Team Training,3,120
-1369841804813621849,Saorla Miller,2026-06-17T10:00:00Z,2026-06-17,Team Training,3,90
-6371583905756521099,Stella Downing,2026-06-17T10:00:00Z,2026-06-17,Team Training,6,120
-2963226652869151962,Addison Weichers,2026-06-17T10:00:00Z,2026-06-17,Team Training,3,90
5533031922107217408,Synne Fredriksen Moe,2026-06-17T10:00:00Z,2026-06-17,Strength Training,5,45
4458350051712250958,Naya Cardoza,2026-06-17T02:49:12Z,2026-06-17,Team Training,7,90
4750176437844838124,Anika Toth,2026-06-17T02:49:14Z,2026-06-17,Team Training,4,90
5701711296024658395,Julianne Vallerand,2026-06-17T02:52:58Z,2026-06-17,Team Training,3,90
5667974452808858358,Cho So-Hyun,2026-06-17T02:56:38Z,2026-06-17,Team Training,3,90
5533031922107217408,Synne Fredriksen Moe,2026-06-17T02:57:15Z,2026-06-17,Team Training,5,80
7531602514129690519,Samantha St Croix,2026-06-17T02:57:21Z,2026-06-17,Team Training,6,90
2476743875210642344,Jordyn Rhodes,2026-06-17T03:01:09Z,2026-06-17,Team Training,3,90
-8380791422839676855,Julia Benati,2026-06-17T03:01:50Z,2026-06-17,Team Training,4,75
7207372854284632697,Tiffany Cameron,2026-06-17T03:02:12Z,2026-06-17,Team Training,3,90
-1369841804813621849,Saorla Miller,2026-06-17T03:19:28Z,2026-06-17,Team Training,3,90
3361436320140038448,Megumi Nakamura,2026-06-17T03:27:24Z,2026-06-17,Team Training,2,90
19926514444831767,Sydney Kennedy,2026-06-17T04:04:49Z,2026-06-17,Team Training,2,90
1855868392623416549,Annika Leslie,2026-06-17T04:30:42Z,2026-06-17,Team Training,3,60
-4082303902532117088,Sarah Taylor,2026-06-17T05:01:07Z,2026-06-17,Team Training,4,60
7195328437649266170,Sheyenne Allen,2026-06-17T05:02:54Z,2026-06-17,Team Training,2,90
-7873248334552818988,Julie Pedersen,2026-06-17T06:30:33Z,2026-06-17,Team Training,2,75
7782077126852709449,Kat Jordan,2026-06-17T10:45:02Z,2026-06-17,Team Training,4,90
7782077126852709449,Kat Jordan,2026-06-17T10:45:08Z,2026-06-17,Strength Training,3,60
4458350051712250958,Naya Cardoza,2026-06-18T12:00:00Z,2026-06-18,Game / Competition,0,1
5533031922107217408,Synne Fredriksen Moe,2026-06-18T11:00:00Z,2026-06-18,Team Training,5,60
-1369841804813621849,Saorla Miller,2026-06-18T11:00:00Z,2026-06-18,Game / Competition,8,160
2476743875210642344,Jordyn Rhodes,2026-06-18T11:00:00Z,2026-06-18,Game / Competition,7,160
7531602514129690519,Samantha St Croix,2026-06-18T04:31:24Z,2026-06-18,Game / Competition,1,120
6807161988554525377,Eva Fremaux,2026-06-18T04:31:24Z,2026-06-18,Game / Competition,4,15
-7873248334552818988,Julie Pedersen,2026-06-18T04:41:42Z,2026-06-18,Game / Competition,7,30
5701711296024658395,Julianne Vallerand,2026-06-18T04:48:01Z,2026-06-18,Game / Competition,8,120
-4082303902532117088,Sarah Taylor,2026-06-18T04:59:51Z,2026-06-18,Game / Competition,5,15
7195328437649266170,Sheyenne Allen,2026-06-18T05:00:06Z,2026-06-18,Game / Competition,7,90
-8380791422839676855,Julia Benati,2026-06-18T05:00:10Z,2026-06-18,Game / Competition,5,60
4750176437844838124,Anika Toth,2026-06-18T05:08:03Z,2026-06-18,Game / Competition,0,120
-1369841804813621849,Saorla Miller,2026-06-18T05:12:47Z,2026-06-18,Game / Competition,8,80
5667974452808858358,Cho So-Hyun,2026-06-18T05:18:02Z,2026-06-18,Game / Competition,7,65
1855868392623416549,Annika Leslie,2026-06-18T05:31:38Z,2026-06-18,Game / Competition,8,160
2844855238345729513,Karima Lemire,2026-06-18T05:35:28Z,2026-06-18,Team Training,8,90
7207372854284632697,Tiffany Cameron,2026-06-18T05:37:41Z,2026-06-18,Game / Competition,5,30
19926514444831767,Sydney Kennedy,2026-06-18T06:28:51Z,2026-06-18,Game / Competition,6,30
-6371583905756521099,Stella Downing,2026-06-18T10:13:48Z,2026-06-18,Game / Competition,6,60
-2963226652869151962,Addison Weichers,2026-06-18T11:27:12Z,2026-06-18,Game / Competition,9,120
-8380791422839676855,Julia Benati,2026-06-19T12:00:00Z,2026-06-19,Strength Training,4,60
4458350051712250958,Naya Cardoza,2026-06-19T03:07:54Z,2026-06-19,Team Training,3,60
7531602514129690519,Samantha St Croix,2026-06-19T03:50:16Z,2026-06-19,Team Training,7,60
7531602514129690519,Samantha St Croix,2026-06-19T03:50:21Z,2026-06-19,Strength Training,4,45
-4082303902532117088,Sarah Taylor,2026-06-19T03:50:25Z,2026-06-19,Team Training,5,60
-4082303902532117088,Sarah Taylor,2026-06-19T03:50:31Z,2026-06-19,Strength Training,4,60
5667974452808858358,Cho So-Hyun,2026-06-19T04:00:44Z,2026-06-19,Strength Training,2,20
-7873248334552818988,Julie Pedersen,2026-06-19T04:07:59Z,2026-06-19,Team Training,7,60
-7873248334552818988,Julie Pedersen,2026-06-19T04:08:14Z,2026-06-19,Strength Training,7,30
5667974452808858358,Cho So-Hyun,2026-06-19T04:09:14Z,2026-06-19,Recovery,1,25
-2963226652869151962,Addison Weichers,2026-06-19T04:09:36Z,2026-06-19,Strength Training,2,30
19926514444831767,Sydney Kennedy,2026-06-19T04:09:39Z,2026-06-19,Team Training,6,60
19926514444831767,Sydney Kennedy,2026-06-19T04:09:48Z,2026-06-19,Strength Training,5,60
19926514444831767,Sydney Kennedy,2026-06-19T04:09:55Z,2026-06-19,Recovery,2,60
-7873248334552818988,Julie Pedersen,2026-06-19T04:09:59Z,2026-06-19,Recovery,1,15
3361436320140038448,Megumi Nakamura,2026-06-19T04:10:21Z,2026-06-19,Team Training,5,60
3361436320140038448,Megumi Nakamura,2026-06-19T04:10:25Z,2026-06-19,Strength Training,2,60
7207372854284632697,Tiffany Cameron,2026-06-19T04:12:13Z,2026-06-19,Strength Training,4,40
7531602514129690519,Samantha St Croix,2026-06-19T04:25:33Z,2026-06-19,Recovery,2,30
7782077126852709449,Kat Jordan,2026-06-19T04:25:44Z,2026-06-19,Team Training,2,90
7782077126852709449,Kat Jordan,2026-06-19T04:25:50Z,2026-06-19,Strength Training,3,60
4750176437844838124,Anika Toth,2026-06-19T04:26:03Z,2026-06-19,Team Training,7,75
4750176437844838124,Anika Toth,2026-06-19T04:26:16Z,2026-06-19,Strength Training,4,45
7207372854284632697,Tiffany Cameron,2026-06-19T04:30:02Z,2026-06-19,Recovery,1,30
-1369841804813621849,Saorla Miller,2026-06-19T04:32:31Z,2026-06-19,Strength Training,3,60
-9186825032477237927,Rylee Foster,2026-06-19T04:39:38Z,2026-06-19,Recovery,2,60
5701711296024658395,Julianne Vallerand,2026-06-19T04:44:08Z,2026-06-19,Strength Training,3,60
7207372854284632697,Tiffany Cameron,2026-06-19T05:10:59Z,2026-06-19,Team Training,5,60
-1369841804813621849,Saorla Miller,2026-06-19T05:46:10Z,2026-06-19,Recovery,1,60
1855868392623416549,Annika Leslie,2026-06-19T07:11:17Z,2026-06-19,Strength Training,3,30
1855868392623416549,Annika Leslie,2026-06-19T07:11:26Z,2026-06-19,Recovery,2,30
-6371583905756521099,Stella Downing,2026-06-19T08:27:29Z,2026-06-19,Strength Training,4,60
6807161988554525377,Eva Fremaux,2026-06-19T11:07:53Z,2026-06-19,Team Training,7,75
6807161988554525377,Eva Fremaux,2026-06-19T11:07:58Z,2026-06-19,Strength Training,4,60
6807161988554525377,Eva Fremaux,2026-06-19T11:08:05Z,2026-06-19,Recovery,1,30
5667974452808858358,Cho So-Hyun,2026-06-20T12:00:00Z,2026-06-20,Recovery,0,1
7207372854284632697,Tiffany Cameron,2026-06-20T05:55:05Z,2026-06-20,Recovery,1,30
7207372854284632697,Tiffany Cameron,2026-06-21T12:00:00Z,2026-06-21,Recovery,1,45
4458350051712250958,Naya Cardoza,2026-06-21T12:00:00Z,2026-06-21,Recovery,1,30
5667974452808858358,Cho So-Hyun,2026-06-21T05:58:23Z,2026-06-21,Recovery,0,1
7195328437649266170,Sheyenne Allen,2026-06-21T09:21:52Z,2026-06-21,Recovery,0,60
-2963226652869151962,Addison Weichers,2026-06-22T12:00:00Z,2026-06-22,Team Training,4,120
7195328437649266170,Sheyenne Allen,2026-06-22T12:00:00Z,2026-06-22,Team Training,3,80
7531602514129690519,Samantha St Croix,2026-06-22T05:20:50Z,2026-06-22,Team Training,6,120
5533031922107217408,Synne Fredriksen Moe,2026-06-22T05:23:22Z,2026-06-22,Team Training,3,90
-7873248334552818988,Julie Pedersen,2026-06-22T05:23:30Z,2026-06-22,Team Training,3,90
6807161988554525377,Eva Fremaux,2026-06-22T05:24:15Z,2026-06-22,Team Training,5,75
2844855238345729513,Karima Lemire,2026-06-22T05:28:58Z,2026-06-22,Team Training,4,90
5667974452808858358,Cho So-Hyun,2026-06-22T05:29:13Z,2026-06-22,Team Training,2,80
3361436320140038448,Megumi Nakamura,2026-06-22T05:29:22Z,2026-06-22,Team Training,5,60
4750176437844838124,Anika Toth,2026-06-22T05:31:37Z,2026-06-22,Team Training,7,105
-9186825032477237927,Rylee Foster,2026-06-22T05:38:19Z,2026-06-22,Team Training,5,120
-1369841804813621849,Saorla Miller,2026-06-22T05:40:08Z,2026-06-22,Team Training,4,90
7207372854284632697,Tiffany Cameron,2026-06-22T05:49:35Z,2026-06-22,Team Training,4,100
-4082303902532117088,Sarah Taylor,2026-06-22T05:53:49Z,2026-06-22,Game / Competition,4,75
-6371583905756521099,Stella Downing,2026-06-22T05:56:08Z,2026-06-22,Team Training,4,90
7782077126852709449,Kat Jordan,2026-06-22T05:56:16Z,2026-06-22,Team Training,3,90
5701711296024658395,Julianne Vallerand,2026-06-22T05:56:20Z,2026-06-22,Team Training,3,60
-8380791422839676855,Julia Benati,2026-06-22T05:56:29Z,2026-06-22,Team Training,3,90
19926514444831767,Sydney Kennedy,2026-06-22T06:16:45Z,2026-06-22,Team Training,4,100
1855868392623416549,Annika Leslie,2026-06-22T06:33:36Z,2026-06-22,Team Training,3,90
2476743875210642344,Jordyn Rhodes,2026-06-22T07:48:48Z,2026-06-22,Team Training,3,105
7782077126852709449,Kat Jordan,2026-06-22T10:02:48Z,2026-06-22,Strength Training,6,60
4458350051712250958,Naya Cardoza,2026-06-22T10:44:39Z,2026-06-22,Team Training,2,90
3361436320140038448,Megumi Nakamura,2026-06-23T12:00:00Z,2026-06-23,Strength Training,2,60
-7873248334552818988,Julie Pedersen,2026-06-23T12:00:00Z,2026-06-23,Strength Training,6,40
6807161988554525377,Eva Fremaux,2026-06-23T12:00:00Z,2026-06-23,Team Training,5,90
5533031922107217408,Synne Fredriksen Moe,2026-06-23T12:00:00Z,2026-06-23,Strength Training,4,30
7195328437649266170,Sheyenne Allen,2026-06-23T12:00:00Z,2026-06-23,Team Training,4,105
7195328437649266170,Sheyenne Allen,2026-06-23T12:00:00Z,2026-06-23,Strength Training,3,45
3361436320140038448,Megumi Nakamura,2026-06-23T12:00:00Z,2026-06-23,Team Training,5,105
6807161988554525377,Eva Fremaux,2026-06-23T12:00:00Z,2026-06-23,Strength Training,4,45
-6371583905756521099,Stella Downing,2026-06-23T02:21:55Z,2026-06-23,Strength Training,4,45
-9186825032477237927,Rylee Foster,2026-06-23T02:24:29Z,2026-06-23,Strength Training,6,45
7207372854284632697,Tiffany Cameron,2026-06-23T02:24:40Z,2026-06-23,Strength Training,3,45
-4082303902532117088,Sarah Taylor,2026-06-23T02:26:58Z,2026-06-23,Strength Training,4,60
19926514444831767,Sydney Kennedy,2026-06-23T02:28:57Z,2026-06-23,Team Training,6,105
5701711296024658395,Julianne Vallerand,2026-06-23T02:31:53Z,2026-06-23,Strength Training,4,60
5667974452808858358,Cho So-Hyun,2026-06-23T02:31:57Z,2026-06-23,Strength Training,3,40
7531602514129690519,Samantha St Croix,2026-06-23T02:35:43Z,2026-06-23,Strength Training,4,45
-1369841804813621849,Saorla Miller,2026-06-23T03:07:10Z,2026-06-23,Strength Training,3,45
7531602514129690519,Samantha St Croix,2026-06-23T05:15:48Z,2026-06-23,Team Training,4,105
5533031922107217408,Synne Fredriksen Moe,2026-06-23T05:23:29Z,2026-06-23,Team Training,4,90
5701711296024658395,Julianne Vallerand,2026-06-23T05:25:38Z,2026-06-23,Team Training,7,120
-2963226652869151962,Addison Weichers,2026-06-23T05:25:50Z,2026-06-23,Team Training,5,110
-2963226652869151962,Addison Weichers,2026-06-23T05:26:17Z,2026-06-23,Strength Training,5,45
4458350051712250958,Naya Cardoza,2026-06-23T05:29:00Z,2026-06-23,Team Training,5,105
4458350051712250958,Naya Cardoza,2026-06-23T05:29:19Z,2026-06-23,Strength Training,4,60
-9186825032477237927,Rylee Foster,2026-06-23T05:30:12Z,2026-06-23,Team Training,6,120
-7873248334552818988,Julie Pedersen,2026-06-23T05:30:58Z,2026-06-23,Team Training,8,105
-4082303902532117088,Sarah Taylor,2026-06-23T05:32:27Z,2026-06-23,Team Training,4,60
7207372854284632697,Tiffany Cameron,2026-06-23T05:32:47Z,2026-06-23,Team Training,6,110
-1369841804813621849,Saorla Miller,2026-06-23T05:33:15Z,2026-06-23,Team Training,5,105
-8380791422839676855,Julia Benati,2026-06-23T05:34:06Z,2026-06-23,Team Training,5,90
-8380791422839676855,Julia Benati,2026-06-23T05:34:30Z,2026-06-23,Strength Training,4,45
-6371583905756521099,Stella Downing,2026-06-23T05:41:41Z,2026-06-23,Team Training,5,90
19926514444831767,Sydney Kennedy,2026-06-23T05:41:49Z,2026-06-23,Strength Training,4,60
7782077126852709449,Kat Jordan,2026-06-23T05:46:51Z,2026-06-23,Strength Training,5,60
7782077126852709449,Kat Jordan,2026-06-23T05:46:56Z,2026-06-23,Team Training,6,60
4750176437844838124,Anika Toth,2026-06-23T05:49:40Z,2026-06-23,Team Training,6,120
1855868392623416549,Annika Leslie,2026-06-23T05:59:06Z,2026-06-23,Team Training,5,90
1855868392623416549,Annika Leslie,2026-06-23T05:59:12Z,2026-06-23,Strength Training,4,45
4750176437844838124,Anika Toth,2026-06-23T05:59:39Z,2026-06-23,Strength Training,4,45
2476743875210642344,Jordyn Rhodes,2026-06-23T06:01:02Z,2026-06-23,Team Training,4,90
5667974452808858358,Cho So-Hyun,2026-06-23T06:30:34Z,2026-06-23,Team Training,4,105
2844855238345729513,Karima Lemire,2026-06-23T10:20:47Z,2026-06-23,Team Training,5,90
2844855238345729513,Karima Lemire,2026-06-23T10:20:54Z,2026-06-23,Strength Training,4,30
7531602514129690519,Samantha St Croix,2026-06-24T02:01:32Z,2026-06-24,Strength Training,5,45
7207372854284632697,Tiffany Cameron,2026-06-24T02:04:38Z,2026-06-24,Team Training,5,120
-1369841804813621849,Saorla Miller,2026-06-24T02:07:57Z,2026-06-24,Strength Training,3,45
-7873248334552818988,Julie Pedersen,2026-06-24T02:08:58Z,2026-06-24,Strength Training,4,55
5667974452808858358,Cho So-Hyun,2026-06-24T02:30:16Z,2026-06-24,Strength Training,2,25
7782077126852709449,Kat Jordan,2026-06-24T02:49:30Z,2026-06-24,Strength Training,5,60
7195328437649266170,Sheyenne Allen,2026-06-24T02:49:30Z,2026-06-24,Strength Training,5,45
-9186825032477237927,Rylee Foster,2026-06-24T02:54:08Z,2026-06-24,Strength Training,4,45
6807161988554525377,Eva Fremaux,2026-06-24T05:47:54Z,2026-06-24,Team Training,8,120
6807161988554525377,Eva Fremaux,2026-06-24T05:48:03Z,2026-06-24,Strength Training,4,45
7531602514129690519,Samantha St Croix,2026-06-24T05:48:27Z,2026-06-24,Team Training,4,120
5533031922107217408,Synne Fredriksen Moe,2026-06-24T05:50:45Z,2026-06-24,Team Training,5,90
5533031922107217408,Synne Fredriksen Moe,2026-06-24T05:50:54Z,2026-06-24,Strength Training,4,45
5701711296024658395,Julianne Vallerand,2026-06-24T05:51:30Z,2026-06-24,Team Training,5,120
5701711296024658395,Julianne Vallerand,2026-06-24T05:51:35Z,2026-06-24,Strength Training,3,60
-6371583905756521099,Stella Downing,2026-06-24T05:52:47Z,2026-06-24,Team Training,7,120
-6371583905756521099,Stella Downing,2026-06-24T05:52:51Z,2026-06-24,Strength Training,4,45
4458350051712250958,Naya Cardoza,2026-06-24T05:52:57Z,2026-06-24,Strength Training,3,60
4458350051712250958,Naya Cardoza,2026-06-24T05:53:02Z,2026-06-24,Team Training,5,105
-7873248334552818988,Julie Pedersen,2026-06-24T05:56:01Z,2026-06-24,Team Training,5,110
3361436320140038448,Megumi Nakamura,2026-06-24T05:57:49Z,2026-06-24,Team Training,5,120
-9186825032477237927,Rylee Foster,2026-06-24T05:58:07Z,2026-06-24,Team Training,7,120
3361436320140038448,Megumi Nakamura,2026-06-24T05:58:43Z,2026-06-24,Strength Training,2,60
2844855238345729513,Karima Lemire,2026-06-24T06:00:24Z,2026-06-24,Team Training,7,120
2844855238345729513,Karima Lemire,2026-06-24T06:00:30Z,2026-06-24,Strength Training,4,40
4750176437844838124,Anika Toth,2026-06-24T06:00:49Z,2026-06-24,Team Training,6,120
4750176437844838124,Anika Toth,2026-06-24T06:00:57Z,2026-06-24,Strength Training,4,45
-1369841804813621849,Saorla Miller,2026-06-24T06:02:49Z,2026-06-24,Team Training,6,120
7782077126852709449,Kat Jordan,2026-06-24T06:06:12Z,2026-06-24,Team Training,4,90
1855868392623416549,Annika Leslie,2026-06-24T06:06:28Z,2026-06-24,Strength Training,3,45
1855868392623416549,Annika Leslie,2026-06-24T06:06:35Z,2026-06-24,Team Training,5,120
19926514444831767,Sydney Kennedy,2026-06-24T06:15:19Z,2026-06-24,Team Training,6,135
19926514444831767,Sydney Kennedy,2026-06-24T06:15:31Z,2026-06-24,Strength Training,4,60
-2963226652869151962,Addison Weichers,2026-06-24T06:16:42Z,2026-06-24,Team Training,7,120
-2963226652869151962,Addison Weichers,2026-06-24T06:16:49Z,2026-06-24,Strength Training,4,40
-4082303902532117088,Sarah Taylor,2026-06-24T06:26:06Z,2026-06-24,Strength Training,4,60
-4082303902532117088,Sarah Taylor,2026-06-24T06:26:17Z,2026-06-24,Team Training,4,120
7207372854284632697,Tiffany Cameron,2026-06-24T07:13:54Z,2026-06-24,Strength Training,4,40
5667974452808858358,Cho So-Hyun,2026-06-24T07:23:26Z,2026-06-24,Team Training,6,120
2476743875210642344,Jordyn Rhodes,2026-06-24T07:39:20Z,2026-06-24,Team Training,4,120
2476743875210642344,Jordyn Rhodes,2026-06-24T07:39:25Z,2026-06-24,Strength Training,4,45
-8380791422839676855,Julia Benati,2026-06-24T07:40:33Z,2026-06-24,Team Training,6,120
-8380791422839676855,Julia Benati,2026-06-24T07:40:45Z,2026-06-24,Strength Training,3,45
5533031922107217408,Synne Fredriksen Moe,2026-06-25T02:12:55Z,2026-06-25,Team Training,3,90
7531602514129690519,Samantha St Croix,2026-06-25T02:16:52Z,2026-06-25,Team Training,3,120
5667974452808858358,Cho So-Hyun,2026-06-25T02:17:00Z,2026-06-25,Team Training,3,120
4458350051712250958,Naya Cardoza,2026-06-25T02:17:50Z,2026-06-25,Team Training,3,90
-7873248334552818988,Julie Pedersen,2026-06-25T02:17:51Z,2026-06-25,Team Training,4,105
-2963226652869151962,Addison Weichers,2026-06-25T02:18:13Z,2026-06-25,Team Training,0,90
4750176437844838124,Anika Toth,2026-06-25T02:24:56Z,2026-06-25,Team Training,4,90
-1369841804813621849,Saorla Miller,2026-06-25T02:24:58Z,2026-06-25,Team Training,4,90
-9186825032477237927,Rylee Foster,2026-06-25T02:24:59Z,2026-06-25,Team Training,8,120
2476743875210642344,Jordyn Rhodes,2026-06-25T02:25:01Z,2026-06-25,Team Training,3,90
7782077126852709449,Kat Jordan,2026-06-25T02:25:01Z,2026-06-25,Team Training,2,90
5701711296024658395,Julianne Vallerand,2026-06-25T02:26:48Z,2026-06-25,Team Training,7,120
3361436320140038448,Megumi Nakamura,2026-06-25T02:26:51Z,2026-06-25,Team Training,5,90
1855868392623416549,Annika Leslie,2026-06-25T02:26:59Z,2026-06-25,Team Training,5,90
-8380791422839676855,Julia Benati,2026-06-25T03:47:16Z,2026-06-25,Team Training,5,90
-4082303902532117088,Sarah Taylor,2026-06-25T03:48:55Z,2026-06-25,Team Training,3,60
2844855238345729513,Karima Lemire,2026-06-25T03:49:04Z,2026-06-25,Team Training,1,90
19926514444831767,Sydney Kennedy,2026-06-25T04:09:38Z,2026-06-25,Team Training,5,120
7207372854284632697,Tiffany Cameron,2026-06-25T04:13:07Z,2026-06-25,Team Training,3,90
-6371583905756521099,Stella Downing,2026-06-25T05:23:06Z,2026-06-25,Team Training,6,90
7782077126852709449,Kat Jordan,2026-06-25T05:31:45Z,2026-06-25,Strength Training,6,90
6807161988554525377,Eva Fremaux,2026-06-25T05:34:04Z,2026-06-25,Team Training,5,90
7195328437649266170,Sheyenne Allen,2026-06-25T06:01:40Z,2026-06-25,Team Training,5,120
6807161988554525377,Eva Fremaux,2026-06-26T12:00:00Z,2026-06-26,Team Training,3,60
-6371583905756521099,Stella Downing,2026-06-26T12:00:00Z,2026-06-26,Team Training,4,60
4458350051712250958,Naya Cardoza,2026-06-26T12:00:00Z,2026-06-26,Team Training,3,90
-8380791422839676855,Julia Benati,2026-06-26T12:00:00Z,2026-06-26,Team Training,2,60
7531602514129690519,Samantha St Croix,2026-06-26T05:03:51Z,2026-06-26,Team Training,4,60
7782077126852709449,Kat Jordan,2026-06-26T06:06:53Z,2026-06-26,Team Training,4,60
5533031922107217408,Synne Fredriksen Moe,2026-06-26T11:21:23Z,2026-06-26,Team Training,2,60
2476743875210642344,Jordyn Rhodes,2026-06-26T11:23:43Z,2026-06-26,Team Training,3,60
4750176437844838124,Anika Toth,2026-06-26T11:24:20Z,2026-06-26,Team Training,4,80
-7873248334552818988,Julie Pedersen,2026-06-26T11:25:02Z,2026-06-26,Team Training,4,70
7207372854284632697,Tiffany Cameron,2026-06-26T11:25:04Z,2026-06-26,Team Training,3,70
-1369841804813621849,Saorla Miller,2026-06-26T11:25:06Z,2026-06-26,Team Training,3,80
1855868392623416549,Annika Leslie,2026-06-26T11:25:19Z,2026-06-26,Team Training,3,60
2844855238345729513,Karima Lemire,2026-06-26T11:25:24Z,2026-06-26,Team Training,1,75
-9186825032477237927,Rylee Foster,2026-06-26T11:25:28Z,2026-06-26,Team Training,4,90
7195328437649266170,Sheyenne Allen,2026-06-26T11:27:09Z,2026-06-26,Team Training,2,70
-4082303902532117088,Sarah Taylor,2026-06-26T11:27:29Z,2026-06-26,Team Training,3,60
-2963226652869151962,Addison Weichers,2026-06-26T11:29:04Z,2026-06-26,Team Training,3,90
19926514444831767,Sydney Kennedy,2026-06-26T11:32:57Z,2026-06-26,Team Training,2,75
5701711296024658395,Julianne Vallerand,2026-06-26T11:42:03Z,2026-06-26,Team Training,3,120
3361436320140038448,Megumi Nakamura,2026-06-26T11:43:02Z,2026-06-26,Team Training,2,60
5667974452808858358,Cho So-Hyun,2026-06-26T11:49:01Z,2026-06-26,Team Training,3,60
7195328437649266170,Sheyenne Allen,2026-06-27T12:00:00Z,2026-06-27,Team Training,7,90
-7873248334552818988,Julie Pedersen,2026-06-27T12:00:00Z,2026-06-27,Game / Competition,8,60
-2963226652869151962,Addison Weichers,2026-06-27T12:00:00Z,2026-06-27,Game / Competition,8,120
5667974452808858358,Cho So-Hyun,2026-06-27T12:00:00Z,2026-06-27,Game / Competition,5,30
4458350051712250958,Naya Cardoza,2026-06-27T12:00:00Z,2026-06-27,Game / Competition,0,1
-8380791422839676855,Julia Benati,2026-06-27T12:00:00Z,2026-06-27,Game / Competition,5,60
3361436320140038448,Megumi Nakamura,2026-06-27T12:00:00Z,2026-06-27,Team Training,2,30
4750176437844838124,Anika Toth,2026-06-27T12:00:00Z,2026-06-27,Game / Competition,8,90
19926514444831767,Sydney Kennedy,2026-06-27T12:00:00Z,2026-06-27,Game / Competition,7,60
5533031922107217408,Synne Fredriksen Moe,2026-06-27T12:00:00Z,2026-06-27,Game / Competition,7,65
1855868392623416549,Annika Leslie,2026-06-27T12:00:00Z,2026-06-27,Game / Competition,7,90
7207372854284632697,Tiffany Cameron,2026-06-27T12:00:00Z,2026-06-27,Game / Competition,6,35
-6371583905756521099,Stella Downing,2026-06-27T12:00:00Z,2026-06-27,Game / Competition,5,30
6807161988554525377,Eva Fremaux,2026-06-27T12:00:00Z,2026-06-27,Game / Competition,4,15
7782077126852709449,Kat Jordan,2026-06-27T12:02:55Z,2026-06-27,Team Training,6,60
7531602514129690519,Samantha St Croix,2026-06-27T12:12:15Z,2026-06-27,Team Training,4,60
7782077126852709449,Kat Jordan,2026-06-27T01:21:47Z,2026-06-27,Strength Training,2,60
-1369841804813621849,Saorla Miller,2026-06-27T05:00:00Z,2026-06-27,Game / Competition,8,160
5701711296024658395,Julianne Vallerand,2026-06-27T05:00:00Z,2026-06-27,Game / Competition,8,160
4458350051712250958,Naya Cardoza,2026-06-27T05:00:00Z,2026-06-27,Game / Competition,1,1
2476743875210642344,Jordyn Rhodes,2026-06-27T05:00:00Z,2026-06-27,Game / Competition,8,160
7531602514129690519,Samantha St Croix,2026-06-27T09:34:03Z,2026-06-27,Strength Training,5,45
7195328437649266170,Sheyenne Allen,2026-06-28T12:00:00Z,2026-06-28,Recovery,0,1
5667974452808858358,Cho So-Hyun,2026-06-28T03:50:14Z,2026-06-28,Recovery,0,1
7782077126852709449,Kat Jordan,2026-06-28T06:22:02Z,2026-06-28,Strength Training,4,60
7207372854284632697,Tiffany Cameron,2026-06-28T09:19:46Z,2026-06-28,Recovery,0,20
7531602514129690519,Samantha St Croix,2026-06-28T10:06:00Z,2026-06-28,Strength Training,4,45
7195328437649266170,Sheyenne Allen,2026-06-29T12:00:00Z,2026-06-29,Recovery,3,300
5667974452808858358,Cho So-Hyun,2026-06-29T08:31:24Z,2026-06-29,Recovery,2,110
7195328437649266170,Sheyenne Allen,2026-06-30T12:00:00Z,2026-06-30,Recovery,0,1
5667974452808858358,Cho So-Hyun,2026-06-30T01:31:08Z,2026-06-30,Recovery,0,1
-1369841804813621849,Saorla Miller,2026-07-01T05:33:50Z,2026-07-01,Team Training,3,90
5533031922107217408,Synne Fredriksen Moe,2026-07-01T05:36:23Z,2026-07-01,Team Training,2,75
3361436320140038448,Megumi Nakamura,2026-07-01T05:39:24Z,2026-07-01,Team Training,2,60
7531602514129690519,Samantha St Croix,2026-07-01T05:49:27Z,2026-07-01,Strength Training,4,120
-4082303902532117088,Sarah Taylor,2026-07-01T05:49:32Z,2026-07-01,Team Training,5,60
-7873248334552818988,Julie Pedersen,2026-07-01T05:49:53Z,2026-07-01,Team Training,4,75
5667974452808858358,Cho So-Hyun,2026-07-01T05:50:04Z,2026-07-01,Team Training,2,75
7782077126852709449,Kat Jordan,2026-07-01T05:55:55Z,2026-07-01,Team Training,4,60
4750176437844838124,Anika Toth,2026-07-01T05:59:39Z,2026-07-01,Team Training,4,90
2476743875210642344,Jordyn Rhodes,2026-07-01T06:01:35Z,2026-07-01,Team Training,3,105
19926514444831767,Sydney Kennedy,2026-07-01T06:01:49Z,2026-07-01,Team Training,3,90
-2963226652869151962,Addison Weichers,2026-07-01T06:01:51Z,2026-07-01,Team Training,3,100
4458350051712250958,Naya Cardoza,2026-07-01T06:07:38Z,2026-07-01,Team Training,4,105
7207372854284632697,Tiffany Cameron,2026-07-01T06:07:46Z,2026-07-01,Team Training,4,105
-9186825032477237927,Rylee Foster,2026-07-01T06:07:59Z,2026-07-01,Team Training,3,90
1855868392623416549,Annika Leslie,2026-07-01T06:10:35Z,2026-07-01,Team Training,3,90
6807161988554525377,Eva Fremaux,2026-07-01T06:28:35Z,2026-07-01,Team Training,5,90
2844855238345729513,Karima Lemire,2026-07-01T06:29:08Z,2026-07-01,Team Training,5,90
5701711296024658395,Julianne Vallerand,2026-07-01T06:31:12Z,2026-07-01,Team Training,3,120
7195328437649266170,Sheyenne Allen,2026-07-01T06:31:32Z,2026-07-01,Team Training,2,75
-8380791422839676855,Julia Benati,2026-07-01T07:45:52Z,2026-07-01,Team Training,2,90
-6371583905756521099,Stella Downing,2026-07-01T07:45:57Z,2026-07-01,Team Training,3,90
7531602514129690519,Samantha St Croix,2026-07-02T02:14:11Z,2026-07-02,Strength Training,4,45
-1369841804813621849,Saorla Miller,2026-07-02T02:16:53Z,2026-07-02,Strength Training,3,45
7207372854284632697,Tiffany Cameron,2026-07-02T02:18:24Z,2026-07-02,Strength Training,4,40
7195328437649266170,Sheyenne Allen,2026-07-02T02:23:15Z,2026-07-02,Strength Training,3,45
-9186825032477237927,Rylee Foster,2026-07-02T02:25:49Z,2026-07-02,Strength Training,3,45
-7873248334552818988,Julie Pedersen,2026-07-02T02:25:52Z,2026-07-02,Strength Training,5,45
6807161988554525377,Eva Fremaux,2026-07-02T02:25:54Z,2026-07-02,Strength Training,3,60
-8380791422839676855,Julia Benati,2026-07-02T02:40:13Z,2026-07-02,Strength Training,3,45
5667974452808858358,Cho So-Hyun,2026-07-02T02:51:19Z,2026-07-02,Strength Training,3,45
5533031922107217408,Synne Fredriksen Moe,2026-07-02T05:20:39Z,2026-07-02,Team Training,6,90
2844855238345729513,Karima Lemire,2026-07-02T05:23:08Z,2026-07-02,Team Training,6,90
2844855238345729513,Karima Lemire,2026-07-02T05:23:20Z,2026-07-02,Strength Training,4,40
7207372854284632697,Tiffany Cameron,2026-07-02T05:23:26Z,2026-07-02,Team Training,7,105
6807161988554525377,Eva Fremaux,2026-07-02T05:23:54Z,2026-07-02,Team Training,0,105
4458350051712250958,Naya Cardoza,2026-07-02T05:24:22Z,2026-07-02,Team Training,5,90
4458350051712250958,Naya Cardoza,2026-07-02T05:24:27Z,2026-07-02,Strength Training,3,60
5667974452808858358,Cho So-Hyun,2026-07-02T05:25:00Z,2026-07-02,Team Training,4,90
3361436320140038448,Megumi Nakamura,2026-07-02T05:28:03Z,2026-07-02,Team Training,5,120
-1369841804813621849,Saorla Miller,2026-07-02T05:28:06Z,2026-07-02,Team Training,5,120
3361436320140038448,Megumi Nakamura,2026-07-02T05:28:07Z,2026-07-02,Strength Training,3,60
19926514444831767,Sydney Kennedy,2026-07-02T05:28:11Z,2026-07-02,Team Training,6,105
19926514444831767,Sydney Kennedy,2026-07-02T05:28:29Z,2026-07-02,Strength Training,4,45
-8380791422839676855,Julia Benati,2026-07-02T05:33:19Z,2026-07-02,Team Training,4,90
7531602514129690519,Samantha St Croix,2026-07-02T05:34:11Z,2026-07-02,Team Training,4,120
-4082303902532117088,Sarah Taylor,2026-07-02T05:35:01Z,2026-07-02,Team Training,5,60
4750176437844838124,Anika Toth,2026-07-02T05:52:44Z,2026-07-02,Team Training,4,105
4750176437844838124,Anika Toth,2026-07-02T05:52:54Z,2026-07-02,Strength Training,3,45
7782077126852709449,Kat Jordan,2026-07-02T05:54:12Z,2026-07-02,Team Training,5,90
7782077126852709449,Kat Jordan,2026-07-02T05:54:18Z,2026-07-02,Strength Training,2,60
-2963226652869151962,Addison Weichers,2026-07-02T05:54:52Z,2026-07-02,Team Training,6,100
-2963226652869151962,Addison Weichers,2026-07-02T05:55:04Z,2026-07-02,Strength Training,3,40
5701711296024658395,Julianne Vallerand,2026-07-02T05:55:05Z,2026-07-02,Team Training,4,120
5701711296024658395,Julianne Vallerand,2026-07-02T05:55:10Z,2026-07-02,Strength Training,3,60
1855868392623416549,Annika Leslie,2026-07-02T05:55:13Z,2026-07-02,Strength Training,3,45
1855868392623416549,Annika Leslie,2026-07-02T05:55:18Z,2026-07-02,Team Training,5,105
-7873248334552818988,Julie Pedersen,2026-07-02T06:03:33Z,2026-07-02,Team Training,6,110
-9186825032477237927,Rylee Foster,2026-07-02T06:16:01Z,2026-07-02,Team Training,7,120
5533031922107217408,Synne Fredriksen Moe,2026-07-02T06:30:16Z,2026-07-02,Strength Training,3,30
-4082303902532117088,Sarah Taylor,2026-07-02T06:44:20Z,2026-07-02,Strength Training,3,60
-6371583905756521099,Stella Downing,2026-07-02T08:13:28Z,2026-07-02,Strength Training,4,45
-6371583905756521099,Stella Downing,2026-07-02T08:13:35Z,2026-07-02,Team Training,5,90
2476743875210642344,Jordyn Rhodes,2026-07-02T08:29:39Z,2026-07-02,Team Training,4,105
2476743875210642344,Jordyn Rhodes,2026-07-02T08:29:48Z,2026-07-02,Strength Training,3,45
-6371583905756521099,Stella Downing,2026-07-03T12:00:00Z,2026-07-03,Team Training,5,90
5533031922107217408,Synne Fredriksen Moe,2026-07-03T05:25:07Z,2026-07-03,Team Training,3,100
5701711296024658395,Julianne Vallerand,2026-07-03T05:28:04Z,2026-07-03,Team Training,5,120
19926514444831767,Sydney Kennedy,2026-07-03T05:33:41Z,2026-07-03,Team Training,5,90
-8380791422839676855,Julia Benati,2026-07-03T05:33:49Z,2026-07-03,Team Training,5,90
6807161988554525377,Eva Fremaux,2026-07-03T05:34:16Z,2026-07-03,Team Training,3,90
7531602514129690519,Samantha St Croix,2026-07-03T05:34:29Z,2026-07-03,Team Training,6,120
-2963226652869151962,Addison Weichers,2026-07-03T05:36:26Z,2026-07-03,Team Training,5,100
-4082303902532117088,Sarah Taylor,2026-07-03T05:44:28Z,2026-07-03,Strength Training,4,120
5667974452808858358,Cho So-Hyun,2026-07-03T05:44:31Z,2026-07-03,Team Training,4,110
7782077126852709449,Kat Jordan,2026-07-03T05:53:07Z,2026-07-03,Team Training,2,90
3361436320140038448,Megumi Nakamura,2026-07-03T05:53:44Z,2026-07-03,Team Training,4,120
-9186825032477237927,Rylee Foster,2026-07-03T05:54:00Z,2026-07-03,Team Training,6,120
-1369841804813621849,Saorla Miller,2026-07-03T05:54:43Z,2026-07-03,Team Training,4,105
4458350051712250958,Naya Cardoza,2026-07-03T05:55:01Z,2026-07-03,Team Training,4,105
4750176437844838124,Anika Toth,2026-07-03T05:55:26Z,2026-07-03,Team Training,4,105
1855868392623416549,Annika Leslie,2026-07-03T06:02:35Z,2026-07-03,Team Training,4,105
7195328437649266170,Sheyenne Allen,2026-07-03T06:21:54Z,2026-07-03,Team Training,5,105
-7873248334552818988,Julie Pedersen,2026-07-03T06:27:14Z,2026-07-03,Team Training,3,110
2476743875210642344,Jordyn Rhodes,2026-07-03T06:52:02Z,2026-07-03,Team Training,4,105
7207372854284632697,Tiffany Cameron,2026-07-03T07:50:13Z,2026-07-03,Team Training,3,105
-9186825032477237927,Rylee Foster,2026-07-04T10:00:00Z,2026-07-04,Team Training,4,120
2844855238345729513,Karima Lemire,2026-07-04T10:00:00Z,2026-07-04,Team Training,4,90
-1369841804813621849,Saorla Miller,2026-07-04T10:00:00Z,2026-07-04,Team Training,3,120
5701711296024658395,Julianne Vallerand,2026-07-04T10:00:00Z,2026-07-04,Team Training,2,120
4750176437844838124,Anika Toth,2026-07-04T10:00:00Z,2026-07-04,Team Training,5,90
5667974452808858358,Cho So-Hyun,2026-07-04T02:47:45Z,2026-07-04,Team Training,2,80
-7873248334552818988,Julie Pedersen,2026-07-04T03:01:23Z,2026-07-04,Team Training,3,60
6807161988554525377,Eva Fremaux,2026-07-04T03:01:33Z,2026-07-04,Team Training,4,75
2476743875210642344,Jordyn Rhodes,2026-07-04T03:01:46Z,2026-07-04,Team Training,3,90
-2963226652869151962,Addison Weichers,2026-07-04T03:01:49Z,2026-07-04,Team Training,4,100
19926514444831767,Sydney Kennedy,2026-07-04T03:01:58Z,2026-07-04,Team Training,2,75
4458350051712250958,Naya Cardoza,2026-07-04T03:04:30Z,2026-07-04,Team Training,3,90
-4082303902532117088,Sarah Taylor,2026-07-04T03:04:34Z,2026-07-04,Team Training,3,90
7531602514129690519,Samantha St Croix,2026-07-04T04:03:07Z,2026-07-04,Team Training,3,75
-8380791422839676855,Julia Benati,2026-07-04T04:03:08Z,2026-07-04,Team Training,3,90
3361436320140038448,Megumi Nakamura,2026-07-04T04:04:50Z,2026-07-04,Team Training,2,60
7782077126852709449,Kat Jordan,2026-07-04T04:54:06Z,2026-07-04,Team Training,2,60
7207372854284632697,Tiffany Cameron,2026-07-04T05:06:39Z,2026-07-04,Team Training,3,70
7195328437649266170,Sheyenne Allen,2026-07-04T05:20:41Z,2026-07-04,Team Training,3,105
5533031922107217408,Synne Fredriksen Moe,2026-07-04T05:35:31Z,2026-07-04,Team Training,3,60
-6371583905756521099,Stella Downing,2026-07-04T06:01:27Z,2026-07-04,Team Training,5,90
1855868392623416549,Annika Leslie,2026-07-04T07:00:38Z,2026-07-04,Team Training,3,75
5667974452808858358,Cho So-Hyun,2026-07-05T12:00:00Z,2026-07-05,Game / Competition,8,95
7195328437649266170,Sheyenne Allen,2026-07-05T12:00:00Z,2026-07-05,Game / Competition,7,90
2476743875210642344,Jordyn Rhodes,2026-07-05T12:00:00Z,2026-07-05,Game / Competition,9,105
2844855238345729513,Karima Lemire,2026-07-05T04:00:00Z,2026-07-05,Game / Competition,9,160
7782077126852709449,Kat Jordan,2026-07-05T04:00:00Z,2026-07-05,Game / Competition,4,160
4458350051712250958,Naya Cardoza,2026-07-05T04:00:00Z,2026-07-05,Game / Competition,6,160
5701711296024658395,Julianne Vallerand,2026-07-05T04:00:00Z,2026-07-05,Game / Competition,7,160
-1369841804813621849,Saorla Miller,2026-07-05T04:00:00Z,2026-07-05,Game / Competition,7,160
-4082303902532117088,Sarah Taylor,2026-07-05T04:00:00Z,2026-07-05,Game / Competition,2,160
-2963226652869151962,Addison Weichers,2026-07-05T09:37:21Z,2026-07-05,Game / Competition,6,120
-1369841804813621849,Saorla Miller,2026-07-05T09:39:15Z,2026-07-05,Game / Competition,7,75
-8380791422839676855,Julia Benati,2026-07-05T09:44:41Z,2026-07-05,Game / Competition,6,60
19926514444831767,Sydney Kennedy,2026-07-05T10:05:05Z,2026-07-05,Game / Competition,7,70
4458350051712250958,Naya Cardoza,2026-07-05T10:07:38Z,2026-07-05,Game / Competition,6,90
4750176437844838124,Anika Toth,2026-07-05T10:13:37Z,2026-07-05,Game / Competition,0,120
5533031922107217408,Synne Fredriksen Moe,2026-07-05T10:26:56Z,2026-07-05,Game / Competition,1,1
-6371583905756521099,Stella Downing,2026-07-05T10:47:49Z,2026-07-05,Game / Competition,5,10
7782077126852709449,Kat Jordan,2026-07-05T10:56:01Z,2026-07-05,Game / Competition,5,120
6807161988554525377,Eva Fremaux,2026-07-05T11:04:49Z,2026-07-05,Game / Competition,1,1
7207372854284632697,Tiffany Cameron,2026-07-05T11:06:05Z,2026-07-05,Game / Competition,3,5
1855868392623416549,Annika Leslie,2026-07-05T11:10:27Z,2026-07-05,Game / Competition,1,1
3361436320140038448,Megumi Nakamura,2026-07-05T11:58:15Z,2026-07-05,Team Training,3,30
3361436320140038448,Megumi Nakamura,2026-07-05T11:58:21Z,2026-07-05,Game / Competition,4,30
-1369841804813621849,Saorla Miller,2026-07-06T01:53:59Z,2026-07-06,Strength Training,2,40
5701711296024658395,Julianne Vallerand,2026-07-06T02:01:25Z,2026-07-06,Strength Training,5,60
7782077126852709449,Kat Jordan,2026-07-06T02:01:57Z,2026-07-06,Strength Training,1,60
6807161988554525377,Eva Fremaux,2026-07-06T02:08:34Z,2026-07-06,Strength Training,3,45
6807161988554525377,Eva Fremaux,2026-07-06T02:08:43Z,2026-07-06,Recovery,1,30
7531602514129690519,Samantha St Croix,2026-07-06T02:10:09Z,2026-07-06,Recovery,2,30
7531602514129690519,Samantha St Croix,2026-07-06T02:10:17Z,2026-07-06,Strength Training,6,30
5701711296024658395,Julianne Vallerand,2026-07-06T02:16:47Z,2026-07-06,Recovery,2,45
5667974452808858358,Cho So-Hyun,2026-07-06T02:18:41Z,2026-07-06,Strength Training,4,20
5667974452808858358,Cho So-Hyun,2026-07-06T02:19:00Z,2026-07-06,Recovery,1,30
5533031922107217408,Synne Fredriksen Moe,2026-07-06T02:20:52Z,2026-07-06,Team Training,5,30
-7873248334552818988,Julie Pedersen,2026-07-06T02:20:53Z,2026-07-06,Strength Training,5,30
5533031922107217408,Synne Fredriksen Moe,2026-07-06T02:20:58Z,2026-07-06,Strength Training,4,60
-7873248334552818988,Julie Pedersen,2026-07-06T02:21:02Z,2026-07-06,Recovery,2,30
3361436320140038448,Megumi Nakamura,2026-07-06T02:23:19Z,2026-07-06,Team Training,1,60
2476743875210642344,Jordyn Rhodes,2026-07-06T02:26:48Z,2026-07-06,Recovery,1,30
2476743875210642344,Jordyn Rhodes,2026-07-06T02:26:53Z,2026-07-06,Strength Training,4,60
4750176437844838124,Anika Toth,2026-07-06T02:31:05Z,2026-07-06,Strength Training,4,60
7207372854284632697,Tiffany Cameron,2026-07-06T02:37:06Z,2026-07-06,Strength Training,3,40
7207372854284632697,Tiffany Cameron,2026-07-06T02:37:28Z,2026-07-06,Recovery,2,25
7195328437649266170,Sheyenne Allen,2026-07-06T02:41:04Z,2026-07-06,Strength Training,0,70
1855868392623416549,Annika Leslie,2026-07-06T02:57:05Z,2026-07-06,Strength Training,3,30
1855868392623416549,Annika Leslie,2026-07-06T02:57:19Z,2026-07-06,Recovery,1,30
4458350051712250958,Naya Cardoza,2026-07-06T03:01:00Z,2026-07-06,Recovery,1,60
4458350051712250958,Naya Cardoza,2026-07-06T03:01:06Z,2026-07-06,Strength Training,4,45
19926514444831767,Sydney Kennedy,2026-07-06T03:01:08Z,2026-07-06,Strength Training,4,45
19926514444831767,Sydney Kennedy,2026-07-06T03:01:14Z,2026-07-06,Recovery,2,45
-4082303902532117088,Sarah Taylor,2026-07-06T03:01:58Z,2026-07-06,Strength Training,3,59
-8380791422839676855,Julia Benati,2026-07-06T04:06:41Z,2026-07-06,Team Training,0,45
-2963226652869151962,Addison Weichers,2026-07-06T04:06:54Z,2026-07-06,Recovery,3,40
-8380791422839676855,Julia Benati,2026-07-06T04:07:19Z,2026-07-06,Strength Training,2,45
-6371583905756521099,Stella Downing,2026-07-06T06:01:50Z,2026-07-06,Strength Training,3,45
7195328437649266170,Sheyenne Allen,2026-07-07T12:00:00Z,2026-07-07,Recovery,1,45
4458350051712250958,Naya Cardoza,2026-07-07T12:00:00Z,2026-07-07,Recovery,0,20
5667974452808858358,Cho So-Hyun,2026-07-07T12:00:00Z,2026-07-07,Recovery,0,1
7207372854284632697,Tiffany Cameron,2026-07-07T07:23:25Z,2026-07-07,Recovery,1,30
5533031922107217408,Synne Fredriksen Moe,2026-07-08T05:40:02Z,2026-07-08,Team Training,4,90
7531602514129690519,Samantha St Croix,2026-07-08T05:40:07Z,2026-07-08,Team Training,5,135
5701711296024658395,Julianne Vallerand,2026-07-08T05:43:46Z,2026-07-08,Team Training,4,120
-1369841804813621849,Saorla Miller,2026-07-08T05:51:19Z,2026-07-08,Team Training,3,120
-2963226652869151962,Addison Weichers,2026-07-08T05:53:12Z,2026-07-08,Team Training,5,120
-6371583905756521099,Stella Downing,2026-07-08T05:53:32Z,2026-07-08,Team Training,4,90
-8380791422839676855,Julia Benati,2026-07-08T05:55:18Z,2026-07-08,Team Training,4,90
2844855238345729513,Karima Lemire,2026-07-08T05:56:11Z,2026-07-08,Team Training,5,90
-9186825032477237927,Rylee Foster,2026-07-08T05:56:45Z,2026-07-08,Team Training,6,120
7782077126852709449,Kat Jordan,2026-07-08T05:56:53Z,2026-07-08,Team Training,4,90
-4082303902532117088,Sarah Taylor,2026-07-08T05:58:31Z,2026-07-08,Team Training,4,120
1855868392623416549,Annika Leslie,2026-07-08T06:00:35Z,2026-07-08,Team Training,5,90
5667974452808858358,Cho So-Hyun,2026-07-08T06:02:49Z,2026-07-08,Team Training,4,90
19926514444831767,Sydney Kennedy,2026-07-08T06:15:19Z,2026-07-08,Team Training,4,120
6807161988554525377,Eva Fremaux,2026-07-08T06:15:25Z,2026-07-08,Team Training,4,90
4458350051712250958,Naya Cardoza,2026-07-08T06:27:03Z,2026-07-08,Team Training,4,90
-7873248334552818988,Julie Pedersen,2026-07-08T06:30:19Z,2026-07-08,Team Training,3,110
4750176437844838124,Anika Toth,2026-07-08T06:30:35Z,2026-07-08,Team Training,5,90
7207372854284632697,Tiffany Cameron,2026-07-08T07:33:25Z,2026-07-08,Team Training,3,100
3361436320140038448,Megumi Nakamura,2026-07-08T08:26:30Z,2026-07-08,Team Training,2,60
2476743875210642344,Jordyn Rhodes,2026-07-08T08:26:51Z,2026-07-08,Team Training,3,105
7195328437649266170,Sheyenne Allen,2026-07-08T08:27:03Z,2026-07-08,Team Training,3,90
-8380791422839676855,Julia Benati,2026-07-09T02:07:54Z,2026-07-09,Strength Training,4,45
-9186825032477237927,Rylee Foster,2026-07-09T02:09:52Z,2026-07-09,Strength Training,0,35
7531602514129690519,Samantha St Croix,2026-07-09T02:11:58Z,2026-07-09,Strength Training,3,45
5667974452808858358,Cho So-Hyun,2026-07-09T02:15:04Z,2026-07-09,Strength Training,3,50
19926514444831767,Sydney Kennedy,2026-07-09T02:15:52Z,2026-07-09,Strength Training,4,45
-7873248334552818988,Julie Pedersen,2026-07-09T02:17:08Z,2026-07-09,Strength Training,5,35
7782077126852709449,Kat Jordan,2026-07-09T02:17:17Z,2026-07-09,Strength Training,4,60
7207372854284632697,Tiffany Cameron,2026-07-09T02:18:45Z,2026-07-09,Strength Training,4,40
5701711296024658395,Julianne Vallerand,2026-07-09T02:37:13Z,2026-07-09,Strength Training,4,120
7195328437649266170,Sheyenne Allen,2026-07-09T02:41:03Z,2026-07-09,Strength Training,3,45
5667974452808858358,Cho So-Hyun,2026-07-09T05:41:46Z,2026-07-09,Team Training,5,120
-4082303902532117088,Sarah Taylor,2026-07-09T05:42:02Z,2026-07-09,Team Training,5,120
-4082303902532117088,Sarah Taylor,2026-07-09T05:42:15Z,2026-07-09,Strength Training,3,60
-2963226652869151962,Addison Weichers,2026-07-09T05:54:02Z,2026-07-09,Team Training,4,120
4750176437844838124,Anika Toth,2026-07-09T05:57:05Z,2026-07-09,Team Training,5,120
4750176437844838124,Anika Toth,2026-07-09T05:57:27Z,2026-07-09,Strength Training,3,45
-9186825032477237927,Rylee Foster,2026-07-09T06:07:54Z,2026-07-09,Team Training,6,135
-7873248334552818988,Julie Pedersen,2026-07-09T06:07:58Z,2026-07-09,Team Training,7,120
5701711296024658395,Julianne Vallerand,2026-07-09T06:12:16Z,2026-07-09,Team Training,6,120
19926514444831767,Sydney Kennedy,2026-07-09T06:16:39Z,2026-07-09,Team Training,6,120
2476743875210642344,Jordyn Rhodes,2026-07-09T06:25:12Z,2026-07-09,Team Training,4,105
2476743875210642344,Jordyn Rhodes,2026-07-09T06:25:39Z,2026-07-09,Strength Training,4,45
7782077126852709449,Kat Jordan,2026-07-09T06:26:52Z,2026-07-09,Team Training,6,120
7531602514129690519,Samantha St Croix,2026-07-09T06:27:02Z,2026-07-09,Team Training,6,120
5533031922107217408,Synne Fredriksen Moe,2026-07-09T06:30:15Z,2026-07-09,Team Training,6,90
5533031922107217408,Synne Fredriksen Moe,2026-07-09T06:30:28Z,2026-07-09,Strength Training,4,30
6807161988554525377,Eva Fremaux,2026-07-09T07:38:43Z,2026-07-09,Team Training,6,105
6807161988554525377,Eva Fremaux,2026-07-09T07:39:00Z,2026-07-09,Strength Training,3,60
7207372854284632697,Tiffany Cameron,2026-07-09T07:41:30Z,2026-07-09,Team Training,5,120
2844855238345729513,Karima Lemire,2026-07-09T07:51:24Z,2026-07-09,Team Training,7,120
2844855238345729513,Karima Lemire,2026-07-09T07:51:30Z,2026-07-09,Strength Training,4,45
-1369841804813621849,Saorla Miller,2026-07-09T08:15:32Z,2026-07-09,Team Training,4,90
-1369841804813621849,Saorla Miller,2026-07-09T08:15:46Z,2026-07-09,Strength Training,2,45
-8380791422839676855,Julia Benati,2026-07-09T08:16:39Z,2026-07-09,Team Training,5,120
3361436320140038448,Megumi Nakamura,2026-07-09T08:16:50Z,2026-07-09,Team Training,5,90
-6371583905756521099,Stella Downing,2026-07-09T08:16:50Z,2026-07-09,Team Training,4,90
-6371583905756521099,Stella Downing,2026-07-09T08:16:58Z,2026-07-09,Strength Training,4,45
3361436320140038448,Megumi Nakamura,2026-07-09T08:17:02Z,2026-07-09,Strength Training,2,60
7195328437649266170,Sheyenne Allen,2026-07-09T08:22:28Z,2026-07-09,Team Training,6,120
4458350051712250958,Naya Cardoza,2026-07-09T08:47:04Z,2026-07-09,Team Training,4,90
4458350051712250958,Naya Cardoza,2026-07-09T08:47:15Z,2026-07-09,Strength Training,3,60
1855868392623416549,Annika Leslie,2026-07-09T08:56:49Z,2026-07-09,Team Training,5,120
2476743875210642344,Jordyn Rhodes,2026-07-10T12:00:00Z,2026-07-10,Team Training,3,105
7195328437649266170,Sheyenne Allen,2026-07-10T12:00:00Z,2026-07-10,Team Training,4,105
-8380791422839676855,Julia Benati,2026-07-10T12:00:00Z,2026-07-10,Team Training,4,120
2844855238345729513,Karima Lemire,2026-07-10T12:00:00Z,2026-07-10,Team Training,4,90
-6371583905756521099,Stella Downing,2026-07-10T05:36:28Z,2026-07-10,Team Training,5,105
5701711296024658395,Julianne Vallerand,2026-07-10T05:36:31Z,2026-07-10,Team Training,3,90
-1369841804813621849,Saorla Miller,2026-07-10T05:37:32Z,2026-07-10,Team Training,3,105
-2963226652869151962,Addison Weichers,2026-07-10T05:49:07Z,2026-07-10,Team Training,3,105
-9186825032477237927,Rylee Foster,2026-07-10T05:49:17Z,2026-07-10,Team Training,4,120
7207372854284632697,Tiffany Cameron,2026-07-10T05:49:42Z,2026-07-10,Team Training,3,105
5533031922107217408,Synne Fredriksen Moe,2026-07-10T06:02:56Z,2026-07-10,Team Training,4,90
3361436320140038448,Megumi Nakamura,2026-07-10T06:19:20Z,2026-07-10,Team Training,2,90
5667974452808858358,Cho So-Hyun,2026-07-10T06:30:18Z,2026-07-10,Team Training,4,90
-7873248334552818988,Julie Pedersen,2026-07-10T06:30:21Z,2026-07-10,Team Training,3,90
7531602514129690519,Samantha St Croix,2026-07-10T06:30:38Z,2026-07-10,Team Training,4,90
4750176437844838124,Anika Toth,2026-07-10T06:49:38Z,2026-07-10,Team Training,4,90
6807161988554525377,Eva Fremaux,2026-07-10T06:59:32Z,2026-07-10,Team Training,4,90
-4082303902532117088,Sarah Taylor,2026-07-10T07:17:23Z,2026-07-10,Team Training,4,120
19926514444831767,Sydney Kennedy,2026-07-10T07:36:02Z,2026-07-10,Team Training,3,90
7782077126852709449,Kat Jordan,2026-07-10T08:00:22Z,2026-07-10,Team Training,3,120
4458350051712250958,Naya Cardoza,2026-07-10T10:47:42Z,2026-07-10,Team Training,4,90
1855868392623416549,Annika Leslie,2026-07-10T11:11:21Z,2026-07-10,Team Training,3,90
7207372854284632697,Tiffany Cameron,2026-07-11T09:06:24Z,2026-07-11,Team Training,3,90
-8380791422839676855,Julia Benati,2026-07-11T09:10:22Z,2026-07-11,Team Training,2,60
-7873248334552818988,Julie Pedersen,2026-07-11T09:13:34Z,2026-07-11,Team Training,4,90
5701711296024658395,Julianne Vallerand,2026-07-11T09:14:47Z,2026-07-11,Team Training,3,60
4750176437844838124,Anika Toth,2026-07-11T09:15:53Z,2026-07-11,Team Training,4,105
-2963226652869151962,Addison Weichers,2026-07-11T09:17:19Z,2026-07-11,Team Training,2,90
-4082303902532117088,Sarah Taylor,2026-07-11T09:17:20Z,2026-07-11,Team Training,3,60
5667974452808858358,Cho So-Hyun,2026-07-11T09:17:21Z,2026-07-11,Team Training,3,90
19926514444831767,Sydney Kennedy,2026-07-11T09:17:23Z,2026-07-11,Team Training,2,90
1855868392623416549,Annika Leslie,2026-07-11T09:17:23Z,2026-07-11,Team Training,3,90
-1369841804813621849,Saorla Miller,2026-07-11T09:17:32Z,2026-07-11,Team Training,2,90
7531602514129690519,Samantha St Croix,2026-07-11T09:17:34Z,2026-07-11,Team Training,7,90
-9186825032477237927,Rylee Foster,2026-07-11T09:25:23Z,2026-07-11,Team Training,8,90
5533031922107217408,Synne Fredriksen Moe,2026-07-11T09:25:29Z,2026-07-11,Team Training,3,90
4458350051712250958,Naya Cardoza,2026-07-11T09:34:03Z,2026-07-11,Team Training,3,90
-6371583905756521099,Stella Downing,2026-07-11T09:49:06Z,2026-07-11,Team Training,3,75
7782077126852709449,Kat Jordan,2026-07-11T09:56:15Z,2026-07-11,Team Training,2,90
2476743875210642344,Jordyn Rhodes,2026-07-11T09:56:35Z,2026-07-11,Team Training,3,105
6807161988554525377,Eva Fremaux,2026-07-11T10:53:28Z,2026-07-11,Team Training,8,60
2844855238345729513,Karima Lemire,2026-07-11T10:53:37Z,2026-07-11,Team Training,3,90
7195328437649266170,Sheyenne Allen,2026-07-11T11:26:36Z,2026-07-11,Team Training,2,90
7207372854284632697,Tiffany Cameron,2026-07-12T12:00:00Z,2026-07-12,Game / Competition,6,35
-8380791422839676855,Julia Benati,2026-07-12T12:00:00Z,2026-07-12,Game / Competition,7,65
-6371583905756521099,Stella Downing,2026-07-12T12:00:00Z,2026-07-12,Game / Competition,7,60
1855868392623416549,Annika Leslie,2026-07-12T12:00:00Z,2026-07-12,Game / Competition,0,1
2844855238345729513,Karima Lemire,2026-07-12T12:00:00Z,2026-07-12,Game / Competition,9,120
4458350051712250958,Naya Cardoza,2026-07-12T12:00:00Z,2026-07-12,Game / Competition,8,90
7195328437649266170,Sheyenne Allen,2026-07-12T12:00:00Z,2026-07-12,Game / Competition,8,90
-9186825032477237927,Rylee Foster,2026-07-12T04:00:00Z,2026-07-12,Game / Competition,10,160
-1369841804813621849,Saorla Miller,2026-07-12T04:00:00Z,2026-07-12,Game / Competition,4,160
2476743875210642344,Jordyn Rhodes,2026-07-12T04:00:00Z,2026-07-12,Game / Competition,8,160
7782077126852709449,Kat Jordan,2026-07-12T04:00:00Z,2026-07-12,Game / Competition,8,160
7207372854284632697,Tiffany Cameron,2026-07-12T05:09:05Z,2026-07-12,Recovery,2,45
6807161988554525377,Eva Fremaux,2026-07-12T10:25:17Z,2026-07-12,Game / Competition,0,1
4750176437844838124,Anika Toth,2026-07-12T10:59:45Z,2026-07-12,Game / Competition,1,120
-4082303902532117088,Sarah Taylor,2026-07-12T10:59:54Z,2026-07-12,Game / Competition,5,60
19926514444831767,Sydney Kennedy,2026-07-12T11:00:10Z,2026-07-12,Game / Competition,6,60
7782077126852709449,Kat Jordan,2026-07-12T11:00:10Z,2026-07-12,Game / Competition,8,180
5667974452808858358,Cho So-Hyun,2026-07-12T11:03:06Z,2026-07-12,Game / Competition,9,90
-1369841804813621849,Saorla Miller,2026-07-12T11:07:41Z,2026-07-12,Game / Competition,4,22
5701711296024658395,Julianne Vallerand,2026-07-12T11:35:28Z,2026-07-12,Game / Competition,8,120
7531602514129690519,Samantha St Croix,2026-07-12T11:37:24Z,2026-07-12,Game / Competition,0,135
-2963226652869151962,Addison Weichers,2026-07-12T11:49:29Z,2026-07-12,Game / Competition,7,120
3361436320140038448,Megumi Nakamura,2026-07-12T11:57:28Z,2026-07-12,Team Training,2,30
3361436320140038448,Megumi Nakamura,2026-07-12T11:57:34Z,2026-07-12,Game / Competition,4,20
-8380791422839676855,Julia Benati,2026-07-13T03:54:45Z,2026-07-13,Strength Training,4,35
7782077126852709449,Kat Jordan,2026-07-13T03:56:28Z,2026-07-13,Strength Training,2,60
-7873248334552818988,Julie Pedersen,2026-07-13T04:10:52Z,2026-07-13,Strength Training,4,30
4750176437844838124,Anika Toth,2026-07-13T04:17:29Z,2026-07-13,Strength Training,3,45
19926514444831767,Sydney Kennedy,2026-07-13T04:28:51Z,2026-07-13,Strength Training,4,30
5533031922107217408,Synne Fredriksen Moe,2026-07-13T04:28:51Z,2026-07-13,Strength Training,3,90
2476743875210642344,Jordyn Rhodes,2026-07-13T04:28:55Z,2026-07-13,Recovery,1,60
7531602514129690519,Samantha St Croix,2026-07-13T04:28:57Z,2026-07-13,Recovery,1,45
5667974452808858358,Cho So-Hyun,2026-07-13T04:28:57Z,2026-07-13,Strength Training,3,30
19926514444831767,Sydney Kennedy,2026-07-13T04:28:58Z,2026-07-13,Recovery,1,30
-7873248334552818988,Julie Pedersen,2026-07-13T04:29:00Z,2026-07-13,Recovery,1,20
7531602514129690519,Samantha St Croix,2026-07-13T04:29:00Z,2026-07-13,Strength Training,3,45
-9186825032477237927,Rylee Foster,2026-07-13T04:29:01Z,2026-07-13,Recovery,3,60
5701711296024658395,Julianne Vallerand,2026-07-13T04:29:03Z,2026-07-13,Recovery,1,30
-2963226652869151962,Addison Weichers,2026-07-13T04:29:04Z,2026-07-13,Strength Training,3,30
1855868392623416549,Annika Leslie,2026-07-13T04:29:07Z,2026-07-13,Strength Training,3,30
5701711296024658395,Julianne Vallerand,2026-07-13T04:29:07Z,2026-07-13,Strength Training,3,60
-2963226652869151962,Addison Weichers,2026-07-13T04:29:09Z,2026-07-13,Recovery,2,30
1855868392623416549,Annika Leslie,2026-07-13T04:29:12Z,2026-07-13,Recovery,1,30
5667974452808858358,Cho So-Hyun,2026-07-13T04:29:14Z,2026-07-13,Recovery,1,40
4458350051712250958,Naya Cardoza,2026-07-13T04:29:23Z,2026-07-13,Strength Training,3,45
4458350051712250958,Naya Cardoza,2026-07-13T04:29:30Z,2026-07-13,Recovery,1,30
3361436320140038448,Megumi Nakamura,2026-07-13T04:49:31Z,2026-07-13,Recovery,1,60
-6371583905756521099,Stella Downing,2026-07-13T04:49:57Z,2026-07-13,Strength Training,4,45
7207372854284632697,Tiffany Cameron,2026-07-13T04:54:30Z,2026-07-13,Strength Training,3,40
7207372854284632697,Tiffany Cameron,2026-07-13T04:54:50Z,2026-07-13,Recovery,2,20
6807161988554525377,Eva Fremaux,2026-07-13T05:05:59Z,2026-07-13,Strength Training,3,45
6807161988554525377,Eva Fremaux,2026-07-13T05:06:09Z,2026-07-13,Recovery,2,20
-1369841804813621849,Saorla Miller,2026-07-13T05:45:47Z,2026-07-13,Strength Training,3,45
-1369841804813621849,Saorla Miller,2026-07-13T05:45:57Z,2026-07-13,Recovery,1,15
-4082303902532117088,Sarah Taylor,2026-07-13T07:55:12Z,2026-07-13,Strength Training,4,60
-1369841804813621849,Saorla Miller,2026-07-14T06:53:50Z,2026-07-14,Team Training,10,90
5701711296024658395,Julianne Vallerand,2026-07-14T07:16:17Z,2026-07-14,Team Training,5,120
5533031922107217408,Synne Fredriksen Moe,2026-07-14T07:16:29Z,2026-07-14,Team Training,3,90
5667974452808858358,Cho So-Hyun,2026-07-14T07:16:30Z,2026-07-14,Team Training,3,105
7531602514129690519,Samantha St Croix,2026-07-14T07:16:31Z,2026-07-14,Team Training,4,105
-2963226652869151962,Addison Weichers,2026-07-14T07:25:19Z,2026-07-14,Team Training,4,90
4458350051712250958,Naya Cardoza,2026-07-14T07:25:21Z,2026-07-14,Team Training,4,90
6807161988554525377,Eva Fremaux,2026-07-14T07:25:21Z,2026-07-14,Team Training,3,90
7782077126852709449,Kat Jordan,2026-07-14T07:25:22Z,2026-07-14,Team Training,3,90
7207372854284632697,Tiffany Cameron,2026-07-14T07:25:26Z,2026-07-14,Team Training,3,120
2476743875210642344,Jordyn Rhodes,2026-07-14T07:25:26Z,2026-07-14,Team Training,3,105
3361436320140038448,Megumi Nakamura,2026-07-14T07:25:30Z,2026-07-14,Team Training,3,90
-4082303902532117088,Sarah Taylor,2026-07-14T07:25:38Z,2026-07-14,Team Training,4,60
19926514444831767,Sydney Kennedy,2026-07-14T07:25:39Z,2026-07-14,Team Training,3,105
-6371583905756521099,Stella Downing,2026-07-14T07:25:40Z,2026-07-14,Team Training,5,105
4750176437844838124,Anika Toth,2026-07-14T07:26:30Z,2026-07-14,Team Training,4,90
-7873248334552818988,Julie Pedersen,2026-07-14T07:35:43Z,2026-07-14,Team Training,4,105
2844855238345729513,Karima Lemire,2026-07-14T09:03:32Z,2026-07-14,Team Training,2,90
1855868392623416549,Annika Leslie,2026-07-14T09:24:01Z,2026-07-14,Team Training,5,120
7195328437649266170,Sheyenne Allen,2026-07-14T10:02:15Z,2026-07-14,Team Training,3,90
-8380791422839676855,Julia Benati,2026-07-14T10:56:08Z,2026-07-14,Team Training,2,105
-1369841804813621849,Saorla Miller,2026-07-15T12:00:00Z,2026-07-15,Team Training,1,90
-9186825032477237927,Rylee Foster,2026-07-15T10:30:14Z,2026-07-15,Recovery,2,90
5667974452808858358,Cho So-Hyun,2026-07-15T10:30:45Z,2026-07-15,Team Training,2,90
3361436320140038448,Megumi Nakamura,2026-07-15T10:30:51Z,2026-07-15,Team Training,3,60
7531602514129690519,Samantha St Croix,2026-07-15T10:30:53Z,2026-07-15,Team Training,3,120
5533031922107217408,Synne Fredriksen Moe,2026-07-15T10:32:11Z,2026-07-15,Team Training,3,90
4750176437844838124,Anika Toth,2026-07-15T10:42:11Z,2026-07-15,Team Training,4,90
-7873248334552818988,Julie Pedersen,2026-07-15T10:48:39Z,2026-07-15,Team Training,4,90
-8380791422839676855,Julia Benati,2026-07-15T10:48:59Z,2026-07-15,Team Training,3,90
-6371583905756521099,Stella Downing,2026-07-15T10:49:09Z,2026-07-15,Team Training,4,90
7207372854284632697,Tiffany Cameron,2026-07-15T10:50:37Z,2026-07-15,Team Training,3,90
-2963226652869151962,Addison Weichers,2026-07-15T10:50:42Z,2026-07-15,Team Training,4,75
-4082303902532117088,Sarah Taylor,2026-07-15T10:50:46Z,2026-07-15,Team Training,3,60
1855868392623416549,Annika Leslie,2026-07-15T10:54:45Z,2026-07-15,Team Training,4,105
2844855238345729513,Karima Lemire,2026-07-15T10:58:04Z,2026-07-15,Team Training,3,90
4458350051712250958,Naya Cardoza,2026-07-15T10:58:15Z,2026-07-15,Team Training,3,90
6807161988554525377,Eva Fremaux,2026-07-15T10:59:18Z,2026-07-15,Team Training,3,60
5701711296024658395,Julianne Vallerand,2026-07-15T10:59:27Z,2026-07-15,Team Training,2,120
7782077126852709449,Kat Jordan,2026-07-15T11:10:21Z,2026-07-15,Team Training,2,90
2476743875210642344,Jordyn Rhodes,2026-07-15T11:10:40Z,2026-07-15,Team Training,3,105
7195328437649266170,Sheyenne Allen,2026-07-15T11:25:25Z,2026-07-15,Team Training,3,105
-6371583905756521099,Stella Downing,2026-07-16T12:00:00Z,2026-07-16,Game / Competition,6,45
6807161988554525377,Eva Fremaux,2026-07-16T12:00:00Z,2026-07-16,Game / Competition,1,1
-4082303902532117088,Sarah Taylor,2026-07-16T12:00:00Z,2026-07-16,Game / Competition,7,60
4458350051712250958,Naya Cardoza,2026-07-16T12:00:00Z,2026-07-16,Game / Competition,0,90
4750176437844838124,Anika Toth,2026-07-16T12:00:00Z,2026-07-16,Game / Competition,7,120
7195328437649266170,Sheyenne Allen,2026-07-16T12:00:00Z,2026-07-16,Game / Competition,8,90
-2963226652869151962,Addison Weichers,2026-07-16T12:00:00Z,2026-07-16,Game / Competition,7,120
3361436320140038448,Megumi Nakamura,2026-07-16T12:00:00Z,2026-07-16,Team Training,2,30
2844855238345729513,Karima Lemire,2026-07-16T12:00:00Z,2026-07-16,Game / Competition,5,90
7207372854284632697,Tiffany Cameron,2026-07-16T12:00:00Z,2026-07-16,Game / Competition,6,45
-7873248334552818988,Julie Pedersen,2026-07-16T12:00:00Z,2026-07-16,Game / Competition,9,90
19926514444831767,Sydney Kennedy,2026-07-16T12:00:00Z,2026-07-16,Game / Competition,7,80
5701711296024658395,Julianne Vallerand,2026-07-16T12:00:00Z,2026-07-16,Game / Competition,8,120
7782077126852709449,Kat Jordan,2026-07-16T12:00:00Z,2026-07-16,Game / Competition,5,180
7531602514129690519,Samantha St Croix,2026-07-16T12:00:00Z,2026-07-16,Game / Competition,1,120
1855868392623416549,Annika Leslie,2026-07-16T12:00:00Z,2026-07-16,Game / Competition,7,90
5533031922107217408,Synne Fredriksen Moe,2026-07-16T12:00:00Z,2026-07-16,Game / Competition,5,45
-8380791422839676855,Julia Benati,2026-07-16T12:00:00Z,2026-07-16,Game / Competition,1,8
-1369841804813621849,Saorla Miller,2026-07-16T03:51:59Z,2026-07-16,Game / Competition,1,10
7782077126852709449,Kat Jordan,2026-07-16T07:00:00Z,2026-07-16,Game / Competition,5,160
-1369841804813621849,Saorla Miller,2026-07-16T07:00:00Z,2026-07-16,Game / Competition,1,160
2476743875210642344,Jordyn Rhodes,2026-07-16T07:00:00Z,2026-07-16,Game / Competition,8,160
5701711296024658395,Julianne Vallerand,2026-07-16T07:00:00Z,2026-07-16,Game / Competition,8,160
5667974452808858358,Cho So-Hyun,2026-07-17T02:06:34Z,2026-07-17,Recovery,0,1
4458350051712250958,Naya Cardoza,2026-07-17T08:33:59Z,2026-07-17,Recovery,0,1
7207372854284632697,Tiffany Cameron,2026-07-18T12:00:00Z,2026-07-18,Recovery,1,20
4458350051712250958,Naya Cardoza,2026-07-18T11:19:43Z,2026-07-18,Recovery,1,20
4458350051712250958,Naya Cardoza,2026-07-19T12:00:00Z,2026-07-19,Recovery,1,20
5667974452808858358,Cho So-Hyun,2026-07-19T07:50:37Z,2026-07-19,Recovery,0,1
-1369841804813621849,Saorla Miller,2026-07-20T05:48:44Z,2026-07-20,Team Training,1,90
5701711296024658395,Julianne Vallerand,2026-07-20T05:49:18Z,2026-07-20,Team Training,4,90
